9.847471294483961524e-01,1.264534070422656045e-02,1.003505188561937544e-01,2.188038958282982702e-03,3.087619161404368817e-02,-3.044466850805732086e-04,-8.813443962490601774e-03,2.494412517769401330e-02,-1.320158301273362776e-02,7.717113956781233852e-02,-1.135602918487963464e-01,9.510815425105412224e-02,-8.817327503372249242e-02,4.608479744839996672e-02,1.970553775896764087e-02,-4.401124486643779449e-02,-9.683736807175871708e-02,-1.605818209275222761e-03,7.562853317226690686e-02,-6.913503032792392422e-02,1.924622181937865129e-03,-6.126451881309641356e-02,-6.815476486674679202e-02,-9.306569928120168866e-02,-5.235973214673992487e-02,3.361265507968452110e-02,3.143456430785918770e-02,-1.248330359821108945e-02,-4.458623792182534601e-02,1.699829249236446682e-02,-1.220805058407707644e-01,8.200996097374688154e-02,3.459133728662576457e-02,-1.784944505102845774e-02,1.224786511776551484e-01,3.926114772461602315e-02,-5.399102175063269504e-02,-1.055822236650156148e-01,4.281647322161583752e-02,1.689676955092072122e-02,7.364025565010608176e-02,1.703551256237396255e-02,-1.075612022322023908e-01,-4.892092504877418313e-02,-4.543641630168453183e-02,-2.461677467003369618e-02
5.561503271048730268e-02,8.678034492582117343e-01,-6.549474624192786441e-03,1.130378752866411651e-01,-7.847448802991127681e-02,-6.859639435811193398e-03,3.900931592132366593e-02,9.905115409531506376e-02,-2.079050760364048456e-01,1.742822128784793367e-01,8.180702370820783220e-02,2.613668618961134671e-01,2.853330189373640829e-02,1.339130260995627028e-02,-1.857768502828948953e-01,-2.308432015960959829e-02,-2.418262536116818628e-01,7.177738860851651595e-03,3.664607680986373683e-01,1.420004089293895044e-01,6.663019163235236152e-03,-2.659061772515207422e-02,-1.057534233866579410e-01,4.813713377465764220e-02,-2.298427125126038251e-01,-2.857884257788473881e-01,7.471122715347333632e-02,3.616617920888935689e-02,-3.477642850859747337e-01,1.251963917122329677e-02,-2.442929955083263105e-01,2.591429395671315250e-01,-3.443252448480765837e-02,7.229025754304649332e-02,1.582212624634191656e-01,-2.579008307693850949e-02,1.538127720783154934e-02,-8.968370614374146510e-02,-4.667802323825118171e-02,1.410226402212876040e-01,7.724447934734314514e-02,4.734402764757079940e-02,-6.764675773936923431e-02,-1.698508485154389125e-01,-7.812624257796348115e-02,4.648378522787231792e-03
-3.705142003761732750e-01,4.234492885521193850e-01,1.019890226321719329e+00,-5.126138805626315187e-02,9.235053448550157862e-01,-5.295288329860501492e-02,-1.167188197077321909e+00,3.839429135446663088e-01,4.116448680338740673e-01,9.639300270981886465e-01,-2.857204865613116151e+00,1.391420286167448950e+00,-1.916541018039216837e+00,1.744540434380054794e+00,1.461254366573790486e+00,-4.044374786952011358e-01,-1.711218936077832264e+00,6.327391916096317681e-01,7.787183802547753553e-01,-1.543271371813808468e+00,1.636192408693190881e-01,-1.221325778345261792e+00,-1.146574563573101058e+00,-1.427405783019110697e+00,-5.344579771384534439e-01,1.180333477356032557e+00,5.905944369732538668e-01,3.905807798107489570e-01,-8.898019191279982198e-01,5.333409481871452806e-01,-3.083716034057605970e+00,2.117353821863871666e+00,6.910664314728286461e-01,-5.465031720790637371e-01,2.572754166478918414e+00,7.715370584849967628e-01,-1.543357986543313354e+00,-2.479636089703827651e+00,9.900271174015312647e-01,-2.036127124088284446e-01,1.117853407856097547e+00,7.146669787658734008e-02,-2.362569476000614621e+00,-6.812058150607059881e-01,-1.041137548304453597e+00,-7.469280184666557965e-01
8.722131839834305900e-02,-2.483341748794080650e-01,7.197825230684870568e-02,8.384192594599604309e-01,2.909947823326214031e-02,-1.527376014246537572e-01,9.656141431558785959e-02,-1.466918817293828781e+00,-4.685848805807841244e-01,1.467473019571966963e+00,7.945758630680913592e-01,7.739746026878542295e-01,3.536875715606762616e-01,-1.174697649931240595e-01,-1.223890275429089458e+00,1.930681663254244784e-01,-1.284807285480669803e+00,-9.253852639336230812e-01,5.963706008058843322e-01,-1.974812379813466745e-01,-5.764337849193617025e-01,-2.995206536983679446e-01,8.754418359137711159e-01,-9.193803186706428487e-01,-1.054016900966640913e+00,-1.012488476208915245e+00,2.288357132513963929e-02,-1.347158921365898321e+00,-2.602594097676502738e-01,8.825816982053901194e-01,-5.293290571530744337e-01,4.396687374140488269e-01,-1.641092055059147348e-01,9.324982307443322460e-01,-1.171001159065889308e+00,-1.271799289399482558e-01,9.014935739422648142e-01,-2.210664967113031565e-01,-1.091599341404767776e+00,-2.740278319269235374e-01,9.115387152719728325e-01,-2.375194019411632634e-02,-9.354062351489503824e-01,-1.007001572582095550e+00,1.449794806791321333e-01,4.495092673865063726e-01
1.433744132156955231e-01,-2.595344945852205432e-01,-1.839801602283464357e-02,4.574320353782606458e-02,8.032102495300100786e-01,7.828139349605861552e-02,1.331319585260163640e-01,2.266637461426711520e-01,-4.628147916902578540e-01,3.819046204762438501e-01,2.727708103800260964e-01,5.002335104151572898e-01,6.944850818551183413e-02,-4.469647337224458977e-02,-3.969814783804456737e-01,-4.584246365537827939e-02,-4.585993423005074177e-01,-3.067379543891111254e-02,6.520386667121370605e-01,3.334785230852760907e-01,-8.742257528963426338e-02,-8.869118122914665392e-02,-2.393499210076481809e-01,6.949365521188649586e-02,-4.071973368012624106e-01,-6.064012446872308892e-01,1.776913303205740480e-01,5.648600301218958952e-02,-6.678819229998476104e-01,-6.388478858954162176e-02,-3.805615835840824857e-01,4.179763400287610509e-01,-1.416704728668961577e-01,6.344574060569953267e-02,2.998361415023008125e-01,-6.749562007198110780e-02,1.009964746216790721e-01,-1.171353736182919637e-02,-1.405797346492472233e-01,1.832017243544964702e-01,4.547655402613393766e-02,1.552508492407393415e-01,-2.996105493078853738e-02,-3.379662540546486960e-01,-1.320593313936606339e-01,-4.026393530084769468e-02
6.811643042314853291e-01,-3.884434101173396270e-01,6.271253489859074381e-02,4.403180132113506686e-04,-8.508751762142899855e-01,5.455302815416971374e-01,1.197060967011068344e+00,-2.051440297348348540e+00,-1.397668742361328764e+00,2.923022499677823571e+00,3.010122860506937226e+00,9.149516435553712856e-01,9.914009039881682694e-01,-1.578878760000275161e+00,-2.624570500701098652e+00,4.268479800916730182e-01,-1.231265626440332550e+00,-2.703338624467969797e+00,-5.652427522498123524e-01,7.648429534208445180e-01,-2.838384077777102998e+00,-1.016874407629069443e+00,1.177024840769327341e+00,-1.901618038643983599e+00,-1.010544138804023939e+00,-2.273383543037806209e+00,4.676174741763929887e-01,-2.864493602688025664e+00,4.022528266630239213e-01,3.009883257907025253e-02,1.562704453954252504e+00,-1.371843716577554551e+00,-1.835952399394982226e+00,-6.348624434321599452e-02,-2.510577369492299038e+00,-7.608838698354590813e-01,3.301995869783955317e+00,2.849791050725804631e+00,-2.674952316389495266e+00,-2.108058700622532644e+00,-5.467856678793172609e-01,1.097197868736965676e+00,5.178376860809694726e-01,-1.611489192143150229e+00,7.985307356019117897e-01,2.173771400768645390e-01
-3.865762940155616917e-02,1.539610614937554633e-01,1.551045315353509133e-02,-2.680746551293713975e-02,2.978705836822951314e-01,-2.566724528756048757e-02,-5.067240158167886088e-01,-1.185650260093269459e-01,1.919817540240959797e-01,5.306743521755742654e-02,-1.804851539281542294e-01,-1.708960310087483947e-01,-2.241411706240813151e-01,5.285773975348807552e-01,6.840893846121826050e-01,7.388076325425735336e-02,-3.279236960654359767e-01,3.667664915406806253e-02,-3.361340872462084128e-01,-3.167299985299028009e-01,-6.720344453580243682e-01,2.951234590313327882e-02,-1.839122779350821080e-01,-1.660754812000017899e-01,2.969289594731185367e-01,7.842976161106206268e-03,1.352923514571220120e-01,1.477540965293048791e-01,-1.398898472269956450e+00,-7.652869640167997423e-02,-6.259617319380633704e-01,2.633947695047814674e-01,3.970692046779465412e-01,-4.442449547993162356e-03,1.142460101826766050e-01,4.179611649322942935e-01,-7.315555134723021879e-01,-2.518106888379893493e-01,3.146375208176374061e-01,-3.716131910943777927e-01,-1.389831477647151259e-01,-5.152220661615202618e-02,-4.598811801025222135e-01,-2.087680579123036284e-01,-6.716080443652377996e-02,-2.130347773549842449e-01
-4.192456375024607163e-02,1.606746316088372151e-01,1.444012755494041358e-02,-2.268267883771657445e-02,2.480850949100286695e-01,-1.747912771251708408e-02,-4.784616181833639126e-01,-2.206111319747459595e-02,2.263736182490054816e-01,-4.843025700139660245e-02,-3.077042560084217171e-01,-1.472122875454448254e-01,-2.454124902946799025e-01,4.116079411734444582e-01,5.796250421182912449e-01,6.375959383523577273e-02,-1.521225090399268010e-01,4.731518708504768404e-03,-2.532092880970689963e-01,-2.659957209273550727e-01,-5.467167759895950052e-01,6.926716479283601124e-02,-2.531053616155691799e-01,-8.791566931059804912e-02,3.096555812990819945e-01,1.127154522363872473e-02,8.228597267610773813e-02,1.604321508635652704e-01,-1.227338884397040975e+00,-1.060155460533448724e-01,-4.212031670969013097e-01,1.718571957383615290e-01,2.768990632973309385e-01,-1.222504028417485678e-01,1.857531127213415678e-01,2.830204737829379869e-01,-6.668676606556925845e-01,-1.852578064273371350e-01,3.619595282274802317e-01,-2.230830667146627422e-01,-1.719656965079502386e-01,4.851900590389982698e-02,-2.915653512667028546e-01,-1.473671616553288155e-01,-7.501232640167533605e-02,-1.072375067736437704e-01
5.863619504662890419e-02,-6.844923535875421794e-02,-6.680701658809451264e-03,2.828450418156029308e-02,-2.779892810143648474e-02,-2.457939543736312182e-03,1.393496016457128617e-01,-6.625051913222854139e-02,-1.112439052690419178e-01,1.342559369359899168e-01,1.466319828246931967e-01,1.484429369149427025e-01,1.359001595209487767e-01,-6.294100227514559664e-02,-2.218807366750245036e-01,-3.105475975647230616e-02,-1.391597614191417420e-01,1.210907125857386794e-02,1.152969709027201056e-01,8.112413274397040075e-02,2.267811155467208684e-01,-5.678675803900690849e-02,1.382788123970806471e-01,-2.214773412006205977e-02,-1.540803856729314747e-01,-1.059686583731152265e-01,-8.634096155502015086e-04,-1.232049155874452712e-01,3.583896583461471663e-01,5.196967049669263400e-02,-4.189500685714370870e-02,4.934981918303506243e-02,-3.262102856782547744e-02,1.369283558637315878e-01,-1.360237093544859610e-01,-6.628939239147423057e-02,2.104449437290540348e-01,-1.477705068812984641e-02,-1.992884967289548781e-01,6.759291702262387735e-02,1.556991258130017985e-01,-5.464549771797092004e-02,-9.387362172171706542e-02,-7.168261593870892123e-02,2.186558143861671785e-02,-5.897746630903354798e-02
6.518081693935574156e-03,-1.857534001033283449e-02,-2.715458699509869754e-03,1.685818549706153595e-03,3.478148463632858151e-03,-7.433174329544968428e-03,8.087297948219981936e-02,6.740644977836916102e-03,-4.368857951304135762e-02,9.882798724424288195e-02,1.019042752286147824e-01,6.388704327761919599e-02,1.170198144922325878e-01,8.035274236822186056e-02,6.736839101266048346e-02,-1.522502757270167636e-02,-9.252537867570795327e-02,1.486351590255534372e-02,-1.475773406036623714e-01,1.076198011479885391e-01,-2.148556593683541294e-02,-8.778801482239309562e-02,8.795618992815470993e-02,-3.301360320046495961e-02,-4.873111242433525447e-02,-4.493971828595426030e-03,9.128999630998503589e-02,-7.594244642986978933e-02,1.430222077880643206e-01,-5.677843949028919812e-02,-9.082305098739984484e-02,-2.003998979886028112e-03,1.561792611249271205e-02,-2.005911608204558744e-03,-7.731050046521145691e-02,4.709538916875685016e-02,1.577727885103598349e-01,7.741981250895289823e-02,-1.076757506036716133e-01,-1.389186543957857678e-01,-4.579121096453987044e-02,-7.615404917472937130e-02,-1.159556254469264469e-01,-6.106083713423147291e-02,3.649147358748694447e-02,-2.001434219572768292e-01
-9.062812764976450886e-02,1.599896891356709372e-01,1.423169318914269815e-02,-3.965767604333336055e-02,1.368841800899928962e-01,8.210414381624951338e-03,-3.915516838655361820e-01,-6.759003381186579063e-02,1.980807213042852233e-01,-1.960370263220188036e-01,-2.690241794153247490e-01,-2.822463698291067247e-01,-3.604920489715410792e-01,7.219390018825064259e-02,2.495784486981936501e-01,5.357300864322056544e-02,7.797391888593355191e-02,-5.888682776341845615e-02,3.644653485106248009e-02,-3.977484303142669320e-01,-3.957682349564142221e-01,2.064735266325351537e-01,-2.930373795930777403e-01,-4.905754413291345956e-02,3.172069116941568789e-01,4.978081135014091746e-02,-1.136632290521447236e-01,2.095012308649676636e-01,-1.040217773851986660e+00,2.520291394589993170e-02,-3.672348030202854385e-02,3.095831254675731128e-02,1.879609580407715641e-01,-3.902985340411320447e-02,1.910898064417558551e-01,1.514146066460536899e-01,-7.111590013712164593e-01,-2.042507860553866295e-01,4.122864308619739182e-01,4.792431367955094640e-02,-3.993258212751016334e-02,1.451968328794827345e-01,5.402411763132657085e-02,4.332477678181712033e-02,-7.908209205573885070e-02,2.951457899274986807e-01
2.725605462334993248e-02,-9.219337962694598709e-02,-1.085816541160683317e-02,1.653505989411371488e-02,-1.398282917639850909e-01,3.058504394824335202e-03,3.638686812213611788e-01,1.809252334615633895e-01,-1.646768532739047441e-01,6.811315132510023518e-02,1.362630344949463113e-01,2.443734331996718356e-01,2.725356583036093183e-01,-1.209716966352971518e-01,-2.289202333622522567e-01,-7.606465861886645141e-02,5.540169183044204443e-02,5.182759387223345726e-03,5.207245831358848186e-03,3.671293737257495526e-01,3.325001830108861300e-01,-1.273315810229198874e-01,1.305527412899058215e-01,8.616947864225028841e-02,-2.075951785780656977e-01,-3.573794163555024661e-02,8.494334996530815418e-02,-1.563368364802098787e-01,8.279770914580193431e-01,-8.823231738289524784e-02,1.647864141530326620e-01,-1.154161861271144340e-01,-1.848258556467044234e-01,-8.726766532631592688e-02,-5.089274256795729701e-02,-1.702399460808382559e-01,5.446858983547934185e-01,2.387471829308646376e-01,-2.472029711624484649e-01,8.214869135282416857e-02,-4.503843145873692028e-02,-3.897914321031691054e-02,7.534785940933001747e-02,1.642056699220274373e-03,6.694120856719214252e-02,-1.848330374511602259e-01
2.725297383580045554e-03,2.461386615489311383e-02,-1.633061131340973141e-03,1.052306560263242471e-02,2.575493013981847851e-02,7.783886207551924709e-03,3.006368835208450205e-02,-7.491630153142238464e-03,-7.105338181500130135e-02,4.756124650399145420e-02,1.743596220104954696e-03,1.186204218682932604e-01,7.739785946024711587e-03,-5.874742554814473688e-02,-1.842514682109823443e-01,-3.417278321261183610e-02,-9.862143522923949579e-02,-3.939551502162257426e-03,2.142057413358132434e-01,-1.101095840871650806e-02,1.574659409285166789e-01,1.834422944951213941e-02,-2.263679792898250567e-02,-2.697977487472546544e-03,-6.543268642877408947e-02,-1.209139073217215116e-01,-3.567913749292623421e-02,-3.472094354769333924e-02,1.289698668691685764e-02,3.763469829391204169e-02,-4.545361320180116987e-02,7.620907905936073756e-02,3.850141821770145922e-03,7.817132482756637690e-02,1.392602798583783726e-02,-5.708016181199528777e-02,-3.569060767879674717e-02,-8.596109070629742721e-02,-3.339377315030902377e-02,1.803767110484734149e-01,1.381053620771431345e-01,3.490238847030308067e-02,-4.542444227494303599e-02,-6.311375867255399064e-02,-2.365242478321416889e-02,5.598341913881550724e-02
2.439186031967729984e-02,-6.679906127456501641e-02,-7.190719466139344936e-03,1.470620521383168670e-02,-1.340881503099716765e-01,6.434884080689538474e-03,2.301074263378047879e-01,4.576523210150665322e-02,-1.041721457503859694e-01,4.293083281189879336e-02,1.224251069094201283e-01,1.141481413219268687e-01,1.456911749327018391e-01,-1.434424891196600105e-01,-2.284402465636654889e-01,-1.694350252654027236e-02,6.715703185037109890e-02,2.377211320592638802e-02,6.598780692641337264e-02,1.941800563039761951e-01,2.745326715108071247e-01,-8.639731518513504849e-02,1.418640042653859790e-01,5.725406218396535130e-02,-1.777772489352458796e-01,1.289383933562210371e-02,3.969860965449626029e-03,-7.688360423087925444e-02,6.901113965988356913e-01,3.483295552251048505e-02,1.558640881822759283e-01,-5.624496224423217866e-02,-1.759934002281907939e-01,4.396896088367492975e-03,-6.386288156036232233e-02,-1.528686518594771226e-01,4.111721017691860047e-01,1.173509122101744767e-01,-2.101717684212881521e-01,4.495732509896931128e-02,3.467037270856887510e-02,-3.718545082773717231e-02,1.149659462414241856e-01,6.011907675474544022e-02,3.167960563423526110e-02,-2.652432654437034479e-02
2.470043257746253485e-03,7.469561846131439475e-02,8.114123233471565860e-03,-5.208201055045279942e-03,1.470967002850694094e-01,-1.608553282866681186e-02,-3.223861964035133476e-01,-1.538690976534089205e-01,1.377035189833123729e-01,6.899692455151804071e-02,-7.491197191249876486e-02,-1.241609589578184375e-01,-1.264654204108851820e-01,3.019358261459305637e-01,3.797112282705569775e-01,8.406574344442190039e-02,-1.947977773277457247e-01,4.772428217647590315e-02,-2.166018440721331484e-01,-1.985092929035761622e-01,-3.573044800040796054e-01,-1.821977091860923353e-02,-1.830304697123977600e-02,-1.062368554162225753e-01,1.264384122042280512e-01,3.067339046941276737e-02,6.104934600128955613e-02,8.412613119834827513e-02,-6.541789563448843214e-01,1.819755005481093341e-02,-3.693487858091460962e-01,1.823315757903032075e-01,1.745356023613983676e-01,4.242194932449565997e-02,-4.859079852688829790e-03,2.153130008010009089e-01,-3.197071035718569987e-01,-1.622355311445434212e-01,1.037756049286426840e-01,-3.040386352430594075e-01,-4.173326842525751368e-02,-6.110185222400595778e-02,-2.700010894393086169e-01,-1.035391412925319582e-01,-4.295868141794079165e-02,-1.199701705949619696e-01
1.509043868082654387e-02,-1.213642157933386700e-01,-1.321893405664135469e-02,1.783151960902405742e-02,-2.622023036514858352e-01,2.379951885804694120e-02,4.646232322444028284e-01,1.633687148179518434e-01,-1.677300044949043833e-01,-8.779485935990957723e-02,1.447030825885021743e-01,1.275179793707771347e-01,1.868332342094514986e-01,-4.647282632992920104e-01,-5.596763433779389230e-01,-6.077928247961019576e-02,3.529821500483182883e-01,-1.347395135550139358e-02,2.712958670363796454e-01,3.141835088222050265e-01,5.740873355429442215e-01,-3.422981997913859126e-02,1.422913085790556975e-01,1.790360348006793112e-01,-2.613047387165705615e-01,4.751722226122065407e-02,-1.038663209232346535e-01,-8.499200762929995379e-02,1.270466649437084872e+00,5.470985072230460933e-02,5.846575888611100780e-01,-2.491807925777854149e-01,-3.751077576483017317e-01,-4.626648669858227786e-02,-4.228024952797653641e-02,-3.689858091462658862e-01,6.734696882246183902e-01,2.524270003314566524e-01,-2.528705352591298916e-01,3.068215647312019789e-01,6.307072834026995756e-02,4.155871787835816594e-02,4.688147591628706312e-01,2.333199234319064674e-01,5.500657763442091952e-02,1.877196777945555617e-01
1.727765302407783393e-02,2.301931432045660822e-02,1.402944980553722139e-03,1.040772490444766794e-02,1.037792816622514630e-01,-7.466736601675715186e-03,-1.013088425704000844e-01,-5.665068067557389037e-02,3.014234103075649415e-02,5.472822758757909384e-02,-4.725007000537598430e-03,-1.476876288918958606e-02,-3.051507000280466106e-02,1.016154753984351428e-01,9.768386145859649095e-02,3.287969355744218419e-02,-9.640235473277607159e-02,6.851645076803325463e-02,-1.617779507673496042e-02,-4.470616665971723774e-02,-4.224004833475317189e-02,-2.905398461604067478e-02,2.705966754046215672e-02,-1.304288322102830668e-02,-2.821320857648719829e-02,3.565130086779132613e-03,2.004192382499573807e-02,5.783400986261602594e-02,-1.295263389409849197e-01,3.597509637979617869e-02,-1.727449782193724026e-01,1.270200644049753747e-01,3.519131469295588149e-02,6.300384758022586906e-02,-3.216553325093956129e-03,5.869346362282094887e-02,-4.274286301555552114e-02,-9.911085684369633220e-02,-7.853103412372844372e-03,-1.094184230975246974e-01,3.829357759227612623e-02,-5.185690210640817727e-02,-1.067805698574886553e-01,-3.263238649648541462e-02,-3.443492934233893105e-02,-5.803204511930848408e-02
-2.446866040274477128e-02,1.224584055139255473e-01,1.085809866800375306e-02,-7.231108576477173269e-03,1.477164744853163569e-01,-6.180001376334901680e-03,-3.321749459259376591e-01,-5.098572818106373444e-02,9.072063961960974421e-02,-1.048216984112331773e-01,-2.756884856812415463e-01,-5.324767807303713157e-02,-2.637470881766547093e-01,1.414046815914182798e-01,1.387661319914766656e-01,-2.516713929106160694e-02,-1.593945627133249165e-01,-1.289064280453924294e-01,1.296451164674646828e-01,-3.723920905001989468e-01,-3.032403349615253596e-01,2.060391332912362150e-01,-3.286489110909677769e-01,-1.222161487305842564e-01,3.253046590152721129e-01,-1.393089900889858956e-01,-6.862682839063212470e-02,3.204713978072226688e-02,-1.164115366896167902e+00,-1.970836188116297308e-02,-2.131181584285840869e-01,8.664402188235074964e-02,3.157849469701924372e-01,-9.184035689351336545e-03,1.825045402799308214e-01,1.567160790930568481e-01,-8.429376756175464003e-01,-2.512970157969062757e-01,3.764888955529379078e-01,2.571196129491246096e-01,4.546249230283363335e-02,1.726072388949443093e-01,-1.900783343384788437e-01,-1.531114369178386003e-01,-5.501845254634341736e-02,2.016172571232302535e-01
-1.605664366364012094e-02,5.820587993704706004e-02,3.105644769281532425e-03,4.154091251111579177e-04,1.048693843083286364e-01,-5.132609630791762356e-03,-6.549943309026982907e-02,-4.921537009468016088e-02,-9.698178220496811788e-03,7.473551447578589968e-02,1.880597343860331006e-02,8.006547899609434832e-03,-4.117586021819323594e-02,8.956847816947464958e-02,6.918712881782486390e-02,8.607251788683597388e-03,-1.394718069635580981e-01,6.841604949818787251e-02,1.239285380662506070e-02,-6.591669274616121510e-02,-2.474463689501519084e-02,-4.418910463944698136e-02,1.251496449230479584e-02,-4.811271452043114349e-02,-2.656571597988736932e-02,6.087455818438870792e-03,2.574523563331848966e-02,4.497658190435055436e-02,-1.087493226157725118e-01,3.707252849759520158e-02,-1.936358348582960798e-01,1.324158087854642174e-01,6.155914767224858475e-02,7.707018170440951832e-02,2.020429171785100009e-02,7.478142503828473509e-02,-7.392446363482338412e-02,-1.140434436188898504e-01,-1.506951775444438126e-02,-8.414898312241604617e-02,6.492734552241627433e-02,-5.175003082434474766e-02,-1.261499594238648936e-01,-3.915280987473242907e-02,-3.559305350410961466e-02,-6.685056915531151223e-02
-1.101594668358646910e-02,4.811925347478592657e-02,-1.726165245237795774e-03,9.499621812071507021e-03,4.252510214637043179e-02,5.413867350846290546e-03,4.159714889616607930e-02,9.138985582306391464e-02,-3.622252139742308114e-02,1.225004843508873016e-02,-5.772604720963084302e-02,1.186905641385791882e-01,2.265488270036371266e-02,-2.058814333822498593e-02,-8.026686274936906118e-02,-2.322940523300755233e-02,-5.928837037978198880e-03,3.077729352916994121e-02,1.104923386967783389e-01,8.595072731651308418e-02,1.473269875893662151e-01,-2.691265692427051090e-02,-3.408560236246326730e-02,5.034096336523357501e-02,-7.157917051200342329e-02,-4.807537491434805271e-02,1.233206234121297755e-02,9.533371374725919251e-03,1.389155847019409029e-01,-2.154452331909623153e-02,-1.335709466653227720e-02,4.732573917276063774e-02,-6.728802651956562741e-02,-4.183940588884639544e-02,7.812439827120362668e-02,-7.673478929344745847e-02,8.336816934059816664e-02,-5.670826501186288122e-03,-2.318209290239157602e-02,9.542006699118454893e-02,2.226610226672906881e-02,3.159129525894437823e-02,9.655128582509603721e-03,-2.106866168783195700e-02,-2.711656698938003443e-02,-2.570702577429032076e-02
3.243929812980628907e-02,1.491793372140618260e-02,6.998111961899105074e-04,2.109188315399103050e-02,3.972831231709957056e-02,-2.626363475279992060e-03,-1.253497122350118002e-02,6.395658361887503196e-02,-1.360441589971534970e-01,-4.486079620108197885e-02,-1.745854982048536952e-01,2.625147439309509778e-01,-5.216347139755061341e-02,-3.679907786402850794e-02,-2.847137085158229497e-01,-1.668756108935745275e-01,-2.604776230744157428e-01,-2.288429773999637318e-01,4.076005135105811306e-01,-1.847266713794177007e-01,6.269796473928303249e-02,2.248060628361740754e-01,-3.270947432239601493e-01,-1.059946273001892286e-01,2.052734383264084028e-01,-3.730189487504290691e-01,-7.402851415757072395e-02,-2.053034676702124306e-01,-7.949319599849127282e-01,-7.087197421076207871e-02,-1.072056156143324640e-01,1.248955723923535210e-02,3.102623847198732188e-01,3.218801028474117115e-02,1.416790038957790598e-01,5.269699100667225508e-03,-6.996572102835396656e-01,-1.769376139498207989e-01,2.402914456357409245e-01,6.851868819974432645e-01,1.845114818625360198e-01,2.284605340242312210e-01,-2.241981580655437456e-01,-2.731302195913676845e-01,3.658060863160065863e-03,2.011030648025576295e-01
-6.016037905659236962e-03,6.155173142856126128e-02,4.776720330374983371e-03,-2.115635718230579599e-04,1.171124658606613467e-01,1.805893170768779581e-03,-1.899581656511949990e-01,-1.650428574529148595e-01,5.206083389200577560e-02,6.783682871202402487e-02,-6.599935192539202813e-03,-7.093937485756636463e-02,-1.217613222879403989e-01,5.842096777873757862e-02,3.497486142812621795e-02,5.156794349342538192e-02,-1.380962103726265933e-01,6.744913093785522007e-02,9.536191891542410148e-02,-1.893563445012068913e-01,-4.881216291681474834e-02,1.458050791168953933e-02,1.469546729973930828e-02,-5.224009445616228930e-02,-1.374594095970529430e-02,-2.346674275398259735e-02,-5.224103704433411682e-02,9.140731113869525470e-02,-2.795950213665429063e-01,1.146027658542942695e-01,-1.921766792323214568e-01,1.819285644989588058e-01,6.179491235327390364e-02,1.638061739975240905e-01,-2.675683285004394965e-02,6.751778891874971045e-02,-1.763136268549754804e-01,-2.115336715526631717e-01,1.765873018569846797e-02,-7.708625974893908162e-02,1.521984835808480041e-01,-2.927407465838556544e-02,-1.098132718480020337e-01,-3.173848814338875446e-02,-6.466732082985399144e-02,6.240064847279527815e-02
3.638617467738779893e-02,-8.096076097817117567e-02,-9.544190765044169647e-03,2.584823583661527077e-02,-1.167817147964726326e-01,8.674404373010825495e-03,3.077625659447562056e-01,1.878935648005204684e-02,-2.073661819204375978e-01,6.959756965122404493e-02,1.882922027781963326e-01,1.931629658548076056e-01,1.592931068991490784e-01,-2.320267781067151258e-01,-4.327945701942408907e-01,-7.479712634464098786e-02,-3.605835125323547663e-02,-1.702752168926846554e-02,2.741009707586140043e-01,1.427151695388385599e-01,3.896107680704002374e-01,-3.210875572258748561e-02,1.170510400124460809e-01,2.284801167941363786e-02,-2.013564358534682686e-01,-9.903710512215767314e-02,-4.462775372138927388e-02,-1.428551116199120730e-01,6.403713591542208317e-01,7.696419052013271644e-02,1.485617674553482703e-01,-3.451354933718874668e-02,-1.001840492670523497e-01,1.224755131674600261e-01,-7.875507581383434097e-02,-1.656607642851179452e-01,2.965763886273410366e-01,3.856997665536973652e-02,-2.223820210532622688e-01,2.676905366798472685e-01,1.818967267759618034e-01,-1.511488190872897416e-02,7.641013994627907091e-02,1.020720462578664396e-02,3.612553933444504622e-02,6.798135533884397397e-02
-1.075623681673510551e-02,7.960618337140777656e-02,2.289173888327159477e-03,1.127769691320409419e-02,8.578191560886681832e-02,8.430359623914758516e-03,-8.934230367386319926e-02,-2.285397343438802173e-02,-7.762284162756729472e-03,-1.877239975529869376e-02,-1.120243557316799449e-01,5.296672366323151165e-02,-1.174962789263071378e-01,-6.529753075238516058e-02,-1.583925712990372492e-01,-1.391334032374965009e-02,-5.730975383308361398e-02,3.764599510363949002e-03,2.860428448604298568e-01,-1.323379557453498723e-01,1.263656494393080310e-01,7.155188425196754021e-02,-1.065065416737237675e-01,3.433139040719146461e-04,-4.534928644982489754e-04,-9.570505591301228798e-02,-9.200904696473867495e-02,4.795356922274670447e-02,-1.842071468934752820e-01,7.448314056516637527e-02,-4.268349092426335784e-02,1.104227629623321938e-01,1.742412417968334029e-02,6.938944867774515801e-02,9.506777825828378881e-02,-5.708547372829213262e-02,-2.141328193787936929e-01,-1.764985301610436652e-01,7.496580157237478503e-02,2.309269837846600337e-01,1.642069130967312163e-01,8.814425555479057928e-02,-3.590496204237830086e-03,-2.877677894940062694e-02,-6.575735370232535515e-02,1.744660603656565945e-01
-2.413903141469263616e-02,-5.106988009132630568e-02,3.237927492135457422e-04,-2.180777538878710120e-02,-1.899798151713718020e-01,2.249480861193240214e-02,3.191589955849049448e-02,1.220240885597570074e-01,9.066808668015585715e-02,-3.041593456137297036e-01,-1.900333973165627410e-01,-1.375262616781317282e-01,-1.076504070362039461e-01,-3.028158090613925491e-01,-1.892128668599655505e-01,-1.733991704855450053e-02,4.377801936688537343e-01,-1.607444502089867833e-01,1.377050440590554259e-01,-3.722863713642671907e-02,4.249897027699144070e-02,2.099487912158119196e-01,-1.865560207108478974e-01,1.244967076922525867e-01,1.636245905982010584e-01,3.271981281894154048e-02,-1.723073499685588428e-01,3.174568613752203061e-02,-4.607076776315614103e-03,-4.004069222417890733e-02,5.507417284503760557e-01,-3.093143441006095951e-01,-1.272268255644626034e-01,-1.864542540555180483e-01,9.283440367103149016e-02,-1.853834598399728417e-01,-1.043118831636788424e-01,1.478790551420443300e-01,2.213407510329509498e-01,3.392521709344903935e-01,-9.637676841358093494e-02,2.212759692679346080e-01,4.382636947909333003e-01,1.841538175665667354e-01,2.316871598045864081e-02,3.905562281231837463e-01
1.369597580789083321e-02,2.988609402417946245e-02,7.728511639571868097e-03,-6.529738666962768209e-03,1.271614902160052574e-01,-2.710725521895529164e-02,-2.603554057927666143e-01,-9.669526596059264956e-02,9.301477321585069347e-02,4.567905481832114367e-02,-3.419598526676594086e-02,-1.205580906579885314e-01,-8.499638802111664226e-02,3.592165806351972357e-01,4.591563089243300144e-01,5.307576161211360888e-02,-2.172157928739431865e-01,1.704087256773940268e-02,-3.071358169652009251e-01,-1.661330647909327052e-01,-4.532539121151224482e-01,-1.455272346766441592e-02,-4.266543343788741643e-02,-1.269389120594175968e-01,1.809167690461921385e-01,5.228381481433019839e-02,1.166448955817886435e-01,4.703635618113820305e-02,-7.578902871167013666e-01,-3.214662004943783652e-02,-3.990122738294857863e-01,1.345483826624744306e-01,2.663702838313197763e-01,6.380757111997074731e-03,2.271729435895434093e-02,2.891982273435307893e-01,-3.907668200746889919e-01,-1.127990334915728865e-01,1.387942766666229177e-01,-2.995096262758227268e-01,-1.235547877421409174e-01,-8.862105766983829902e-02,-3.098801782938481186e-01,-1.165012200989153368e-01,-6.922183733409101834e-03,-1.796620466230829105e-01
-1.291080389670298811e-02,2.281227402707866267e-02,1.485679747982940509e-03,-7.193384819431767815e-03,2.111194596921110375e-02,-4.626471582361756964e-03,-4.513488135067320745e-02,3.524164181245233868e-02,4.487676115259801868e-02,3.516934754601303958e-03,-2.976307008196911810e-02,-2.567277246139740635e-02,6.173860752100203929e-03,1.071165036542294502e-01,1.744946191884455822e-01,2.468441471259881850e-02,1.120012670313572448e-02,2.748645017905370844e-02,-1.587549403690472760e-01,4.414518753009412377e-02,-1.131917014446975206e-01,-4.600101935066482767e-02,2.879439161577325434e-03,6.180228318870654991e-03,2.308463456231319572e-02,5.760193302212635036e-02,6.538990990751368526e-02,3.189879288046851280e-02,-5.309527103787491098e-02,-5.023091687818758561e-02,-6.580772650958734149e-02,7.525688157358195046e-03,-2.912162971341186561e-03,-7.777741140518869278e-02,2.551704945169625330e-02,4.880000839949484581e-02,3.466029295507747771e-02,4.579509498606000595e-02,1.525954841889865660e-02,-1.558734324146539008e-01,-1.113768892204167749e-01,-2.937441119395221845e-02,-3.472796321165920463e-02,-2.394767927540287101e-03,4.226429135595272178e-04,-1.143440023071126410e-01
-4.980048275761109894e-02,1.668532479303288241e-01,1.472344789204401046e-02,-1.840758146767728157e-02,2.066664508356335084e-01,-6.733977899310398217e-03,-4.572169837854006547e-01,-9.379029539873987020e-02,1.996496399810505362e-01,-1.266940061010725926e-01,-3.077425755452325995e-01,-2.035016144506311409e-01,-3.475963432089254623e-01,2.006990677643907262e-01,3.216846597822054510e-01,4.944726040227175740e-02,-7.642243098114130662e-02,-4.563465786761233822e-02,3.426728932982665496e-03,-4.195168673761773825e-01,-4.163544588933853485e-01,1.724524657966959029e-01,-2.941076645566379488e-01,-9.952375838519077200e-02,3.300982750599016913e-01,-2.949145403642525892e-03,-6.726734029806491488e-02,1.691076448514584885e-01,-1.180606435425452627e+00,1.291250385402357981e-02,-2.340125385476025666e-01,1.265703079483728732e-01,2.626913501395670703e-01,-2.495477830746753445e-02,1.928358865626640939e-01,1.994796860046798015e-01,-7.984635899975739415e-01,-2.724172566809158758e-01,4.016271712327624810e-01,2.177057240201532573e-02,-1.418184271262264498e-02,1.266359452516255812e-01,-1.340089522112619669e-01,-6.345868470657585469e-02,-8.922893797602778065e-02,1.866486036975312235e-01
7.244195087486490769e-02,-1.745102490507905724e-01,-1.367017947354120036e-02,3.406904974897922989e-02,-2.417095961433731732e-01,-4.179758938948766392e-03,5.056563423763369425e-01,4.035010304498186651e-01,-3.243108785306190178e-01,-1.711759143618150070e-01,-4.955771840854501092e-02,4.409879733446103733e-01,2.623022870283820418e-01,-2.567675146640362449e-01,-5.146232979255223050e-01,-2.852483096779912519e-01,4.126622703253129965e-02,-3.435303015532750193e-01,3.204662326494391866e-01,2.715400105604610648e-01,3.133604603226368690e-01,1.842625064246748989e-01,-2.808393356260408535e-01,3.943670052509883756e-02,1.234221946665179648e-01,-3.283601642229493911e-01,1.008827645481562112e-02,-4.067287084974942069e-01,6.881063388030730921e-02,-2.468985092486903898e-01,3.583427240062276864e-01,-3.630890596954371996e-01,1.307598496075804140e-01,-2.256941256746431146e-01,1.580728822524170019e-01,-1.905478493766354364e-01,-1.792250899530297426e-01,2.652398739267171623e-01,1.070701458564032732e-01,9.137752269520587056e-01,-5.826891167730768178e-02,2.477025380563489809e-01,7.257264570663962688e-02,-1.596542225599409670e-01,1.473677463489815320e-01,1.193958263894399352e-01
3.453400850972769554e-02,-1.460697443634099701e-01,-1.375929114704297143e-02,2.373007062640723405e-02,-2.354048184043568137e-01,1.121573020803373968e-02,4.992246171624276641e-01,8.037494565267841451e-02,-2.334371664385834211e-01,5.156454890920097317e-02,3.157733034040647868e-01,1.457593259398008712e-01,2.583508211588007586e-01,-3.401426855711471853e-01,-4.704071130050647143e-01,-4.338759836256227131e-02,1.680833912982988287e-01,6.636123343575879574e-02,1.643751790851586125e-01,3.383422521489903856e-01,5.327252827075457109e-01,-1.456783462134689788e-01,2.857420304515885245e-01,1.124344117973504753e-01,-3.523725162229928154e-01,8.561038391576430984e-02,-1.994021483680106718e-02,-1.042652212173546256e-01,1.375188395558881282e+00,1.056420755622674151e-01,3.589979293798026272e-01,-1.325908128426684929e-01,-3.139087307257097947e-01,7.170936991452775411e-02,-1.219610314324122147e-01,-2.629003256123002008e-01,7.777677655181364225e-01,2.087206770209157902e-01,-3.953262500951138514e-01,9.812108624064462548e-02,9.612079944620187388e-02,-1.072081954571826035e-01,2.970481012992985392e-01,1.930053608084125183e-01,6.483414393806764819e-02,1.329866025697394941e-02
2.010863034011914265e-03,1.887366537861279517e-02,2.750308180020416896e-03,-3.431942676832453257e-03,1.038640667082161712e-01,-5.428698656341953907e-03,-1.359240951011639609e-01,-4.047370016336100662e-02,7.329614545822560334e-02,5.620575843977331648e-03,-3.850747631619406280e-02,-7.435604767655852598e-02,-5.389459681745133873e-02,1.027709850044768447e-01,1.612903728002151038e-01,2.954816986941272150e-02,-3.892972323714463667e-02,2.977379291927394894e-02,-7.145968164768304320e-02,-6.943415886472932563e-02,-1.423514739505503945e-01,2.007770020574940403e-02,-2.588115280572291649e-02,-7.655398172952742296e-03,4.718132661037746645e-02,6.029306756822156929e-03,1.284101725956772293e-02,6.827884164576651649e-02,-3.121174155020229879e-01,-1.365984011661217946e-02,-1.160872746649453807e-01,6.307228463528707918e-02,6.743495680814923232e-02,2.139488182714039538e-02,-2.150999535171216163e-03,8.895341750442087303e-02,-1.297287401715619404e-01,-6.342315485080263215e-02,7.424147868007736906e-02,-1.117269328600820344e-01,-1.954421202364853283e-02,-2.171354465864323499e-02,-7.448602973698127683e-02,-2.695560341567466642e-02,-2.299268058908568446e-02,-3.655285119858740078e-02
3.252288080073332827e-03,-2.545571506610706802e-02,-5.298813973426821228e-03,1.366427613880291658e-02,-1.002403448487058785e-01,7.918786493659584272e-03,2.197331172223236373e-01,6.456694739319583654e-02,-1.213016573077004556e-01,2.402631329431397325e-04,7.110426298663106992e-02,1.205819965359590656e-01,8.078148876069483897e-02,-1.854675883337940923e-01,-2.876363440857584441e-01,-4.805656446767914841e-02,6.027716571075159013e-02,-7.345662578330005611e-03,1.736803217388263598e-01,1.138350030562390175e-01,2.897875420526659918e-01,-3.310005635402942653e-02,5.236346981668994066e-02,3.654584356356227470e-02,-1.217450676003140331e-01,-1.167098724005910873e-02,-3.544519308544993863e-02,-7.115644061609940896e-02,5.475146607356347062e-01,4.087217265557293450e-02,1.755552470931626141e-01,-6.232322544230544520e-02,-1.242853313470185100e-01,7.604784189443422604e-03,5.294071040378370806e-03,-1.524443004038883998e-01,2.393399956853640431e-01,6.301158047112376259e-02,-1.309029780115140429e-01,1.881460513666561307e-01,7.862390730476749579e-02,1.887930862545344687e-02,1.308497786833732468e-01,5.819171345222155095e-02,1.818571223287553107e-02,6.694117933609576576e-02
-2.509619793615153194e-02,1.508869768554069180e-01,1.753947512943504830e-02,-2.531868911340144288e-02,2.877545465951019676e-01,-2.095690434372497746e-02,-6.011424496994739464e-01,-3.181573633617461594e-01,2.131027508988568853e-01,1.150852794293391740e-01,-1.156414468507248466e-01,-2.441011579058372793e-01,-2.942963137833741749e-01,4.875303178423714412e-01,5.957518724395824972e-01,1.200587486969278139e-01,-4.113308946354752860e-01,5.681766347125443567e-02,-2.369510091648097672e-01,-4.800792919668959158e-01,-6.530964381436696886e-01,4.580521267771345273e-02,-1.031096043513407418e-01,-2.272674245247567337e-01,2.649893253040443430e-01,-8.990338886120816109e-03,5.183267225966681213e-02,1.629822152335044794e-01,-1.432708011297393558e+00,6.592155241431113533e-02,-6.781248529348328224e-01,3.528423477088627469e-01,4.100295748999906453e-01,1.740334359482769155e-01,6.348309094802061063e-03,4.259302057783205808e-01,-7.913148085363136408e-01,-3.922698865200726082e-01,2.586041235135846383e-01,-4.075415742470498981e-01,2.998726685911554460e-02,-7.760634542283349757e-02,-4.969933895783955613e-01,-2.058147355741481999e-01,-9.249848111698784348e-02,-9.689146364632424124e-02
-1.423887221665842175e-02,1.294480415002344231e-01,1.117264105604609536e-02,-3.751000644488064906e-03,2.460922027351754582e-01,-1.159523385274043895e-02,-3.759695226371186916e-01,-2.960011839475047424e-01,4.876968651049010811e-02,1.435744244108480838e-01,-1.341215325186068986e-02,-8.925880358403079362e-02,-2.232289823609130419e-01,2.587348839680932433e-01,1.967463609748595077e-01,4.137321439655065186e-02,-4.359039569384083324e-01,3.222047104770939252e-02,7.687330734450144309e-02,-4.292724126574772314e-01,-3.080477362690692278e-01,5.923443245495135095e-02,-7.247107351377168882e-02,-2.156934227122458692e-01,1.328698045196814725e-01,-1.086883871100050025e-01,-2.395331190555897993e-02,6.731104946169150227e-02,-1.004948644518881107e+00,1.346223248995903898e-01,-5.365351846733773522e-01,3.291910692326567300e-01,3.490104820343941094e-01,2.815928145569870922e-01,-1.232541768927919099e-02,2.814878408206590854e-01,-6.618760930339663284e-01,-4.108796613344264381e-01,1.361208311844400720e-01,-9.432723417478323935e-02,2.244889380684445546e-01,-4.458340305496455436e-02,-4.146128526064847830e-01,-1.946324866068036841e-01,-8.239907476589494739e-02,3.085003817291201433e-02
-3.225539036736304460e-02,2.818257494508763852e-02,4.809395238782205109e-03,-2.043599217297143583e-02,-1.750173756744957763e-03,-9.170281374612548192e-03,-9.358749107916052024e-02,1.311611393490976218e-01,1.318602784173580067e-01,-1.230063604950690503e-01,-1.398143684450207369e-01,-1.334791878379029406e-01,-5.232425333177899429e-02,1.465821163236532276e-01,3.576363354320699073e-01,4.937592724784776316e-02,1.868825275899222982e-01,2.418896783531198150e-02,-3.140364320832201850e-01,5.857749453107418541e-02,-2.514346770364855321e-01,-3.104067001295834211e-02,-6.974746806359265194e-02,5.218213295780939343e-02,1.256461373056244613e-01,1.887962517151033082e-01,8.649385152202906935e-02,1.124848290759581232e-01,-1.277746763474277569e-01,-1.107230885222572347e-01,3.140093013891169516e-02,-8.329236632578357336e-02,-2.878973784337066077e-02,-2.395767347223979327e-01,1.271513517795659354e-01,6.791835027482427678e-02,-2.123757617394896480e-03,1.308160286558951724e-01,1.351693492827858445e-01,-2.357866628145137977e-01,-2.889082720034424345e-01,-2.558611605838584293e-03,8.416444588688265505e-02,9.023409021056276458e-02,3.066544973861717004e-03,-1.075160438686900422e-01
-3.564829423859502272e-02,1.775347753059587919e-01,1.910885490248816210e-02,-2.913158499905774135e-02,3.357097488202273605e-01,-2.757952424873917965e-02,-6.572367172083041220e-01,-3.079094142154097935e-01,2.621508994847568941e-01,1.151347543014805963e-01,-1.374895361999765586e-01,-2.936162236025261496e-01,-3.071067027051103127e-01,5.823153631684100384e-01,7.618861109087069483e-01,1.437640534265705594e-01,-4.053324228769808468e-01,8.233019662053665810e-02,-3.813915970650401666e-01,-4.747920331761483759e-01,-7.725472870251295365e-01,1.404844083694044808e-02,-1.015313121142308178e-01,-2.342828952232468565e-01,3.005191512540242860e-01,5.275247797546741418e-02,9.983119143756051528e-02,1.998586356540035525e-01,-1.519189148479366036e+00,3.056388448120564427e-02,-7.401966565658770758e-01,3.600020825212389419e-01,4.267231424286725971e-01,1.235852999950023678e-01,2.078625712905431827e-02,4.872141700583962898e-01,-7.965443922683338451e-01,-3.692786809994026420e-01,2.849253676015741643e-01,-5.552978747579646601e-01,-5.649727665505197699e-02,-1.081138919612531779e-01,-5.317686639351651978e-01,-2.015664310831287720e-01,-9.348760159068089659e-02,-1.848320670114453612e-01
4.976043733108759248e-02,-4.455322973031420469e-02,-1.080621946576635489e-02,3.840926607155992212e-02,2.550610766311172881e-02,-1.062433282551874386e-02,2.940696505254809523e-01,9.738225996755620062e-02,-2.175667949349949226e-01,2.015191728367955459e-01,1.893178003351558281e-01,3.237081225389029093e-01,2.749769827736516792e-01,2.871551142399013726e-02,-1.752928307445180134e-01,-8.843041955579959701e-02,-2.243769417785310416e-01,4.769019977384367920e-02,4.296026994391394238e-02,2.901698070147445407e-01,2.907523759570998512e-01,-1.615343996752867384e-01,1.466384860433019854e-01,-2.277394643287998684e-03,-2.325300744899953254e-01,-1.249260113681087830e-01,1.338551138137019647e-01,-1.800133518372288022e-01,5.537929615540168049e-01,-5.516517409080872597e-02,-1.550956267423962143e-01,6.958444653951914582e-02,-3.179272738709405105e-02,4.991333911540039164e-02,-6.829672937457981208e-02,-5.282946198821154155e-02,3.795252909634996286e-01,7.851070039647066456e-02,-2.773346412221542323e-01,4.750701460808045423e-02,6.714645077981465371e-02,-1.056039567808581825e-01,-1.924421155129480143e-01,-1.382144400484732749e-01,4.261154324459966863e-02,-2.963080339999171753e-01
-2.553735558161861902e-02,-2.222620952142951092e-02,-2.967931532866200858e-03,-1.151384865420223939e-02,-9.820983145720660334e-02,1.485669713532165002e-02,1.035674621165081771e-01,1.784137510015454953e-01,4.696775020935406442e-02,-1.706702791264162744e-01,-1.050200846938920685e-01,-3.359432979632926558e-02,1.692315872932876469e-02,-1.744981137497407520e-01,-7.626191132186806165e-02,-1.142997234981156171e-02,3.353309042658162431e-01,-4.539097586888718450e-02,3.927158762857120393e-03,1.479335742715387758e-01,9.443071003104297478e-02,5.232616483756558079e-02,-7.009095556091038404e-02,1.455588173078311565e-01,1.484488577438620137e-02,6.201935759068941123e-02,-4.270509710326594183e-02,3.698592413591195865e-02,2.880042182520563543e-01,-8.690661507938368668e-02,3.718192722707198139e-01,-2.095228562258831528e-01,-1.840210199436586869e-01,-1.981722177066302104e-01,7.295842608699584786e-02,-1.575155173387351448e-01,1.927183271551854982e-01,1.967279886544499312e-01,6.582587848714829826e-02,1.149532974464002738e-01,-1.453297971536418876e-01,1.016963423569341995e-01,3.160128062285715300e-01,1.413388718507271324e-01,1.948219642568975798e-02,1.079744345108420156e-01
-7.582166413359151154e-03,1.191314678114211156e-01,1.298909360476435682e-02,-1.317716658730382767e-02,2.737282670142554553e-01,-2.316348391996864153e-02,-4.873378334901986575e-01,-2.495490484429479239e-01,2.050656969855490230e-01,1.425494483135076873e-01,-7.072503760088327818e-02,-2.013546548999070318e-01,-1.903508961727602422e-01,4.597017192174865929e-01,5.852207288190378609e-01,1.312766580195669219e-01,-3.207438503356777604e-01,1.270866034933157696e-01,-3.151928276831560960e-01,-2.968757723752084021e-01,-5.131098971972611889e-01,-5.193763125072718007e-02,6.384415001605758984e-03,-1.529434868901410338e-01,1.374181293350804356e-01,5.986806567574470828e-02,9.631329952349952650e-02,1.695677976129494613e-01,-9.400067011634568592e-01,4.093025714727911712e-02,-6.010643557346576626e-01,3.237028740496332158e-01,2.560597842018196291e-01,1.190611531260347827e-01,-2.697639046991651482e-02,3.458397886492495243e-01,-4.278036494624667396e-01,-2.781630773271078216e-01,1.255030032370091642e-01,-5.227824671168829207e-01,-2.378794365597477686e-02,-1.343710554938001289e-01,-4.216917065815140586e-01,-1.458434898790616774e-01,-8.134193163744696253e-02,-2.185183755424477958e-01
5.390615965547193057e-03,9.124828819530932458e-03,1.058527336611193208e-03,2.890679527915065126e-03,3.638296776225957013e-02,1.794011124683809804e-03,-2.563780647700662774e-02,-3.224332787654547033e-02,-2.966751807149327694e-02,5.302452488083683746e-02,1.011618087549615193e-02,5.101069802450969304e-02,-1.255913973982751737e-02,1.414085133319978663e-02,-5.277080884455195159e-02,-4.148975946294401404e-03,-1.016111110824885755e-01,3.659060065950357071e-02,1.102220181720474090e-01,-3.093015119978669361e-02,6.542050505467811305e-02,-6.214421090572646092e-03,3.919679162663784917e-03,-9.805138615325604406e-03,-5.246328614507152210e-02,-5.548595665930627224e-02,-9.625805125509359281e-03,1.467268004560090371e-02,-4.691728224873568942e-02,4.210283334024126495e-02,-1.093083828536033225e-01,1.042720206480415718e-01,2.312210621061005014e-02,8.113378837112783515e-02,7.260090236154214532e-03,3.786245244714484936e-03,-3.953411802165957001e-02,-9.811228035697870664e-02,-2.394747204560805642e-02,4.052811529061960127e-02,9.731707493189302449e-02,-1.318683854510660156e-02,-7.300325128232997007e-02,-4.277808150164046086e-02,-2.978748464243063596e-02,2.820669219940137758e-03
2.743135668164400562e-02,4.130498319458455331e-02,4.757760333143472645e-03,9.731380672349455169e-03,1.706744894337517138e-01,-1.920705207264259903e-02,-1.827358062053971721e-01,-2.063946620259598796e-01,-4.422505958137871312e-02,1.985616437008252688e-01,7.164677513161690769e-02,6.148008896475217616e-02,-3.886180766303144740e-02,2.550053841834891699e-01,1.285959550994999201e-01,-1.765281726986874661e-02,-4.686342510060644839e-01,-4.421000650212120707e-03,5.505599191184951460e-03,-2.329342085199095358e-01,-2.036081054319656414e-01,9.881361049162392437e-04,-9.335180809509137020e-03,-2.054607927877500351e-01,7.145421791558458080e-02,-1.657529217479666306e-01,5.407564584704262212e-02,-7.858135536278855471e-02,-7.056236034549019376e-01,4.214744431969666416e-02,-5.038769701581419236e-01,2.466504522079394079e-01,3.292353018056097258e-01,2.294707814548887503e-01,-7.539257932808678120e-02,2.429694635015528237e-01,-4.428691881880458259e-01,-2.638919115742662802e-01,1.953275712341661502e-02,-5.524430088120388382e-02,1.726921292494506266e-01,-7.350858626823844610e-02,-4.680952554918995090e-01,-2.583199703876667419e-01,-1.933739512030369090e-02,-1.318449943442839556e-01
3.325910931174628354e-03,-1.057765189501697067e-01,-9.228381130605560131e-03,5.228211722039470934e-04,-2.082884625458888694e-01,1.626397185222477199e-02,3.222764932624360146e-01,1.999808330481831209e-01,-4.975646278326592564e-02,-1.230416116520855196e-01,3.371979850550264890e-02,5.374106509591632802e-02,1.573051883159495568e-01,-3.042476210959468852e-01,-2.742907736643446781e-01,-4.174079904795643253e-02,3.745752571352017335e-01,-3.774718213004883693e-02,3.891905333197119565e-02,2.999262422838269160e-01,3.192615471833969432e-01,-1.426331424716149009e-02,6.242129291550300302e-02,1.723255449749458157e-01,-1.225810323983334699e-01,6.832539466544412798e-02,-4.010853468660301180e-02,-5.506335312173373658e-02,8.670498903572277927e-01,-6.981632838648559047e-02,5.117517414500016848e-01,-2.833588525714759165e-01,-2.992803644319300127e-01,-1.692928884430020264e-01,-2.042898666439095165e-02,-2.631209020752073302e-01,5.284396869631190485e-01,3.043349998154958880e-01,-1.175811335986663431e-01,1.521526433513738785e-01,-1.021094771419710640e-01,5.758355741757165136e-02,3.916301889265793035e-01,1.826098217361811771e-01,6.203555408330082427e-02,6.899539230016361879e-02
-4.472766378742643045e-02,5.247546694603981432e-02,4.278641792142905652e-03,-1.587889451449672751e-02,2.773114022786490190e-02,7.182786508142882838e-03,-1.007261678323696508e-01,8.331550579912579135e-02,1.206164382780274547e-01,-1.894088430395690359e-01,-1.684789032133956754e-01,-1.655348958268536563e-01,-1.518656582869355454e-01,-6.648783626198355445e-02,9.009785199300462954e-02,3.435648500785988546e-02,2.617531216052019771e-01,2.486252055779033295e-03,9.964449488500950417e-04,-6.538167731069793875e-02,-8.100419141339079698e-02,8.506957845042879829e-02,-1.308845745838774777e-01,8.668190231804200063e-02,1.051239897045332244e-01,1.247672568215573846e-01,-6.825606468773250113e-02,1.608286579167097496e-01,-1.357040112140034671e-01,-1.248129914507655792e-02,1.983553658053940350e-01,-8.501249726814176511e-02,-6.694415701043955613e-02,-1.302898540950999662e-01,1.420565658972198220e-01,-3.329109147806386809e-02,-1.112606547091419679e-01,1.928650293962219306e-02,1.881305671758521925e-01,2.547138177391895103e-02,-1.072677475009117115e-01,8.524646608169315909e-02,2.408441398580004889e-01,1.534814745550475146e-01,-3.521135946479658774e-02,1.747010746868006836e-01
-1.913467710278299663e-02,6.828961032232142014e-02,8.253362999316097084e-03,-1.085822212283995072e-02,1.079750903849665683e-01,-8.636806211758251903e-03,-2.483442482409570495e-01,-5.051035388613856619e-02,1.060193890429644986e-01,-7.807639959538580088e-02,-1.392569787671951720e-01,-1.441696078169241446e-01,-1.849325074957342274e-01,1.461307538309941645e-01,2.383111559177084615e-01,3.543799168954833018e-02,-4.260150639485814350e-02,-1.583297333659491532e-02,-5.327649801654995437e-02,-2.261941099832900648e-01,-2.888600302736786252e-01,8.857798850106403388e-02,-1.479530840322758889e-01,-5.683089050157568572e-02,1.911670024573066673e-01,3.441468064776359581e-02,-1.547417404757185817e-02,1.064949392345132806e-01,-6.852314267292962668e-01,1.012084337895020371e-02,-1.541133766133067629e-01,6.955179618875784175e-02,1.721013508344422793e-01,-1.164430588487872301e-02,1.085039535330779015e-01,1.503282460067905391e-01,-4.491797013257208260e-01,-1.422950236936553203e-01,2.266736495745245994e-01,-3.880750125726582789e-02,-4.374919877838480409e-02,3.647200324060576038e-02,-8.070236193085719711e-02,-1.908945401111787968e-02,-4.054617243934956206e-02,8.211691143550516048e-02
7.055000121585956003e-04,-1.131600764257581840e-02,-6.817187319076968783e-04,-1.360683544012152284e-03,-1.589202935039839282e-02,3.235683645133405947e-03,1.471053883433232762e-02,-8.630014092792242728e-03,-5.286317433887832359e-03,2.238868676046863217e-03,2.201208132507812346e-02,-6.169408962980852534e-03,8.476484583160278155e-03,-2.654031835131244466e-02,-3.060315661930683440e-02,5.290897351564795639e-03,1.633798887041654907e-02,6.661904470615208004e-03,2.003467532168637724e-02,1.186956516252165791e-02,2.502152300750409494e-02,2.383591625331252771e-04,2.027572891560525115e-02,1.362370406168112932e-02,-2.598705615189661478e-02,1.759791347012696326e-04,-1.064516356326591050e-02,5.907324436537285742e-03,5.785196569830819424e-02,1.506884448797313376e-02,2.589882605597767715e-02,-1.352361835668439887e-03,-2.362543386290674383e-02,1.790028421972123668e-02,-1.696963704417190494e-02,-1.646384906612583313e-02,4.476037527886919665e-02,3.902479856352428569e-03,-2.050169426886399096e-02,-4.352358576900650913e-04,1.354403064358600250e-02,-6.581151387925579174e-03,2.749841215439118719e-02,1.565127087220106322e-02,-1.614798472809143642e-04,1.722404557393122232e-02
1.792360332754203839e-02,-1.142974860497132095e-01,-1.051842984909868821e-02,1.402588521712528138e-02,-1.649536985937981037e-01,1.248537705599953723e-02,3.735130443838530767e-01,2.068325089619673166e-02,-1.322583752849095795e-01,5.395708983361455213e-02,2.965033062934115948e-01,1.797615699134718498e-02,1.883994637993703369e-01,-2.917719578605623143e-01,-3.261848342012728108e-01,2.504900274874436242e-02,2.200479775670035887e-01,1.519877127585520793e-01,8.061560529933704811e-02,2.920195302917933944e-01,4.537423386678742232e-01,-1.709201453678064475e-01,3.285496041085180785e-01,1.381668250953357047e-01,-3.714229412190538926e-01,1.787953187729615090e-01,-2.817346355278182307e-02,2.283494219497906805e-02,1.344676777702338732e+00,1.412482586893071268e-01,3.214843873089985316e-01,-7.149308740450011079e-02,-3.628763783610848837e-01,9.301231381207041016e-02,-1.389844589842603451e-01,-2.272117748746980415e-01,8.273057857084206157e-01,1.663566654249429844e-01,-3.850003020622576599e-01,-1.122620468797748128e-01,7.858264325369226921e-02,-1.537972995445168189e-01,3.288263044933173451e-01,2.568493445831592781e-01,2.679706363952354814e-02,-2.309041909481543420e-03
