-0.971768309227224,-1.3502589306885
-0.965387724926739,-1.30905318913437
-0.958948311685003,-1.26666000788274
-0.952449141075198,-1.22305071457713
-0.945889262947957,-1.178195738551
-0.939267704751914,-1.13206457564245
-0.932583470827509,-1.08462575134376
-0.925835541672782,-1.03584678219307
-0.919022873179795,-0.985694135309389
-0.912144395840275,-0.934133185966091
-0.90519901391897,-0.881128173090793
-0.898185604593135,-0.826642152572463
-0.891103017056459,-0.770636948248511
-0.883950071585668,-0.713073100436195
-0.876725558567912,-0.653909811863481
-0.869428237486945,-0.593104890844661
-0.862056835865986,-0.530614691535397
-0.854610048165022,-0.466394051090429
-0.847086534630162,-0.400396223534835
-0.839484920092545,-0.332572810146405
-0.831803792714092,-0.262873686132307
-0.824041702677275,-0.19124692336766
-0.816197160815871,-0.117638708946822
-0.808268637183471,-0.0419932592799979
-0.800255024274219,0.0357074998804822
-0.792199660144575,0.114332354327316
-0.784182348171578,0.192606124403753
-0.776209324050533,0.270286603134549
-0.768287343147482,0.346987665517119
-0.760421382628321,0.422584008349202
-0.752613377572558,0.497050283248287
-0.744863840035033,0.570390883076686
-0.737172652636508,0.642620774534372
-0.729539297730726,0.713760373020232
-0.721963235134519,0.783830185247386
-0.714443691695479,0.852853163781963
-0.706980048389178,0.920850094972771
-0.699571516076605,0.987843245512954
-0.692217285203825,1.05385465847725
-0.68491660163482,1.1189053452962
-0.677668798969902,1.18301498256055
-0.670473123038668,1.24620374906731
-0.663328828906314,1.30849132078233
-0.65623519377744,1.36989675610935
-0.649191537680226,1.4304383128581
-0.642197164251787,1.49013404013993
-0.635251352470582,1.54900185741532
-0.628353418480762,1.60705897691015
-0.621502749420283,1.66432161319087
-0.614698742527664,1.72080557012678
-0.942798253817127,-1.45282680992286
-0.93628855428568,-1.4082192463882
-0.92971856651953,-1.36236869789846
-0.923087345623547,-1.31524504680955
-0.916393935799579,-1.26681732667744
-0.909637332001198,-1.2170533670525
-0.902816504600038,-1.16591996052189
-0.895930399060178,-1.11338282487977
-0.888977973676278,-1.059406922816
-0.88195822794329,-1.00395671999331
-0.874870037654675,-0.94699459350377
-0.867712244653308,-0.888481609631304
-0.860483661650959,-0.828377524827537
-0.853183247756496,-0.766642635823148
-0.845809858574778,-0.703235112845774
-0.838362318505897,-0.638111766326378
-0.830839646313523,-0.571230682357743
-0.823240753301925,-0.502547744317955
-0.815564876151505,-0.432022254444385
-0.80781154072147,-0.359617411304523
-0.799980978880112,-0.285308601809973
-0.792075024680098,-0.209107428718856
-0.784098885377666,-0.131165284433926
-0.776057896087526,-0.0518711157601099
-0.767951958183101,0.0286911684061716
-0.759822812961593,0.109403643379186
-0.751753822808279,0.188879719225811
-0.743749496454483,0.267085544498264
-0.735808805948052,0.344051295927965
-0.727930747651733,0.419806202236707
-0.720114341482362,0.494378581070233
-0.712358630179578,0.567795874218538
-0.7046626786027,0.640084681214906
-0.697025573054475,0.711270791400086
-0.68944642063047,0.781379214532789
-0.681924348592955,0.850434210022814
-0.674458503768175,0.91845931485858
-0.667048051965971,0.985477370296583
-0.659692177420769,1.05151054737633
-0.652390082252988,1.11658037132065
-0.645140985949989,1.18070774487771
-0.637944124865717,1.24391297065798
-0.630798751738231,1.30621577251625
-0.623704135224364,1.3676353160259
-0.616659559450787,1.42819022809025
-0.609664323580789,1.48789861573297
-0.602717741396111,1.54677808410739
-0.595819140893221,1.60484575376238
-0.588967863893431,1.66211827720039
-0.582163265666283,1.71861185476109
-0.91231749121733,-1.52569987727625
-0.905682216603022,-1.47750019070994
-0.898986149452683,-1.42800872577553
-0.892228800818645,-1.37719972594919
-0.885409164091406,-1.32504084513989
-0.878526401366274,-1.2715010692618
-0.871579813740971,-1.21655063199261
-0.864568758120642,-1.16015988230649
-0.85749229995876,-1.10229482586333
-0.850350055215703,-1.04292875990402
-0.843141339701331,-0.982030407779334
-0.835865899409934,-0.919575115447221
-0.828523438353255,-0.855538256599853
-0.821114017739376,-0.789902500705863
-0.813637999277634,-0.722658911305197
-0.806096210822323,-0.653814162324475
-0.798490018002221,-0.58340010911052
-0.790821319876688,-0.511493453335894
-0.783092048780189,-0.438256417417128
-0.775302513538115,-0.363852955235314
-0.767451822877571,-0.288276601200965
-0.75953900858658,-0.211499383947181
-0.751563079276567,-0.133492435679851
-0.743523019636716,-0.0542259559806584
-0.735417967287216,0.0263127100269059
-0.727288641149601,0.107033115835454
-0.719219312890556,0.186519226896696
-0.71121465372232,0.264734878970143
-0.703273635555787,0.341710255507744
-0.695395254621238,0.417474591688576
-0.687578530707348,0.492056211364584
-0.679822506429738,0.565482562292393
-0.672126246527682,0.637780249743246
-0.664488837187704,0.708975068577511
-0.656909385392823,0.779092033864963
-0.649387018296291,0.8481554101272
-0.641920882618737,0.916188739273976
-0.634510144067657,0.983214867301015
-0.627153986778277,1.04925596981288
-0.619851612774848,1.11433357643083
-0.612602241451481,1.17846859414196
-0.605405109071684,1.24168132964302
-0.598259468285785,1.30399151072885
-0.591164587665498,1.36541830677284
-0.584119751254893,1.42598034834413
-0.57712425813708,1.48569574600354
-0.570177422015965,1.54458210831827
-0.563278570812439,1.60265655913279
-0.556427046274414,1.65993575413164
-0.549622203600135,1.71643589672777
-0.880790371165503,-1.57245533218235
-0.87405423555641,-1.52079572440312
-0.867259528277989,-1.46783908166834
-0.860405879505765,-1.41356424306209
-0.853493027835085,-1.3579516405867
-0.846520654872206,-1.30098141132949
-0.839488660888843,-1.24263792831614
-0.832397050792803,-1.18290964674485
-0.825245889790463,-1.12178767569352
-0.818035533446916,-1.05927300636488
-0.810766475307775,-0.995376089061996
-0.803439423104039,-0.930122673643923
-0.796055186887176,-0.863559118240067
-0.788614566248141,-0.795764942906453
-0.781117885799876,-0.726862008800579
-0.773564574950304,-0.656911514614254
-0.7659537743278,-0.585892121086388
-0.75828460176248,-0.513779123874862
-0.750556154622347,-0.440547051550979
-0.74276750917555,-0.366169635596781
-0.734917719927605,-0.290619778983191
-0.72700581893239,-0.213869523250026
-0.719030815075648,-0.135890014003888
-0.710991693329691,-0.0566514647445212
-0.702887543424181,0.02386285756066
-0.694758020755318,0.104591848839543
-0.686688324708417,0.184088879130899
-0.67868330343683,0.262315226475121
-0.670741928705565,0.339301081484464
-0.662863196603776,0.41507568621869
-0.655046126783591,0.489667371143702
-0.647289761728478,0.563103590375575
-0.63959316604978,0.63541095530206
-0.631955425810152,0.706615266668044
-0.624375647872645,0.776741545206231
-0.616852959274298,0.845814060889402
-0.609386506623139,0.913856360876098
-0.601975455517534,0.980891296217294
-0.594618989986927,1.0469410473877
-0.587316311953007,1.1120271487016
-0.580066640710425,1.1761705116696
-0.572869212426213,1.23939144734967
-0.565723279657107,1.30170968774243
-0.558628110883999,1.36314440627816
-0.551582990062814,1.42371423744019
-0.544587216191096,1.48343729556679
-0.537640102889673,1.54233119287142
-0.530740977998757,1.60041305671907
-0.523889183187899,1.65769954619412
-0.517084073579217,1.71420686799357
-0.84863481858522,-1.59812709569139
-0.841834764671557,-1.54352878064658
-0.834980921461201,-1.48771078254622
-0.828073245666517,-1.4306678188569
-0.821111929042517,-1.37240310570856
-0.814097286262869,-1.31292876310593
-0.807029607327418,-1.25226362013128
-0.799909249959145,-1.19043993971208
-0.792736514491766,-1.12750586853736
-0.785511521001555,-1.06353552292083
-0.778233902783118,-0.998606531624783
-0.770902929058451,-0.932721969831335
-0.763517811407844,-0.865860576145576
-0.756077743806106,-0.798000450188687
-0.748581902094463,-0.729119032084206
-0.741029443432532,-0.659193077447991
-0.733419505729419,-0.588198631231414
-0.725751207052998,-0.516111000355979
-0.718023645016365,-0.442904725073709
-0.71023589614038,-0.368553548983543
-0.702387015191194,-0.293030387629582
-0.694476034491553,-0.216307295602307
-0.68650196320464,-0.138355432058853
-0.678463786589112,-0.0591450245729846
-0.670360554883175,0.0213442294562044
-0.662230822152405,0.102082408776359
-0.654160729018518,0.18159123112417
-0.646155316731799,0.259829131247124
-0.63821355690258,0.336826307350345
-0.630334445470379,0.412612008790735
-0.622517001942527,0.48721457304924
-0.614760268662337,0.560661460987784
-0.607063310105473,0.632979290482993
-0.599425212203197,0.704193868523241
-0.591845081691299,0.7743302218503
-0.584322045483527,0.843412626222012
-0.576855250068434,0.911464634367846
-0.569443860928592,0.978509102704946
-0.562087061981187,1.04456821687833
-0.554784055039055,1.10966351618515
-0.547534059291278,1.17381591693955
-0.540336310802478,1.23704573483123
-0.533190062030027,1.29937270632805
-0.52609458135839,1.36081600916998
-0.519049152649894,1.42139428199896
-0.512053074811215,1.4811256431671
-0.505105661374947,1.54002770876289
-0.498206240095607,1.5981176098932
-0.4913541525595,1.65541200925651
-0.48454875380787,1.71192711704132
-0.816181780680767,-1.60895276106753
-0.809355616230006,-1.55237959952831
-0.802480746161292,-1.4947787236686
-0.795557204537834,-1.43618387915509
-0.788584925880878,-1.3766427902073
-0.78156360016981,-1.31621561684317
-0.774492624420856,-1.25492961614428
-0.76737128965042,-1.19276751998614
-0.760198873134023,-1.1297103948733
-0.752974636476532,-1.06573875787262
-0.745697825155835,-1.00083255653971
-0.738367668049791,-0.934971147959003
-0.730983376945693,-0.868133276851278
-0.723544146031494,-0.800297052699986
-0.716049151367943,-0.731439925844629
-0.708497550340797,-0.661538662486393
-0.700888481092171,-0.590569318547839
-0.693221061930087,-0.518507212324882
-0.685494390715198,-0.445326895865476
-0.677707544223629,-0.371002125005294
-0.669859577484798,-0.295505827986292
-0.661949523093044,-0.218810072579372
-0.653976390491803,-0.140886031627278
-0.645939165228994,-0.061703946918443
-0.637836866447105,0.0187595135484658
-0.629706912085001,0.0995074339691999
-0.62163639297887,0.17902890909804
-0.613630561172837,0.257279207649179
-0.605688388113928,0.334288535845502
-0.597808869583666,0.410086150750134
-0.589991024936481,0.48470039725306
-0.582233896367684,0.558158743341633
-0.574536548209639,0.630487813747166
-0.566898066254835,0.701713422054164
-0.559317557104634,0.77186060135353
-0.55179414754254,0.84095363351619
-0.544326983930888,0.909016077159048
-0.536915231629904,0.976070794370896
-0.529558074438155,1.04213997626198
-0.522254714053449,1.10724516739715
-0.515004369553297,1.17140728916918
-0.507806276894081,1.23464666216536
-0.500659688428143,1.29698302757776
-0.493563872438012,1.35843556770438
-0.486518112687062,1.41902292558601
-0.479521707985893,1.47876322382096
-0.472573971773797,1.53767408259756
-0.465674231714668,1.59577263698208
-0.458821829306772,1.65307555349774
-0.452016119505807,1.70959904602845
-0.783646653294444,-1.61220348472127
-0.776817881742248,-1.55505191538522
-0.769942152770786,-1.49711161129605
-0.763018815864076,-1.4383661202555
-0.756047206894147,-1.37879852937228
-0.749026647738617,-1.31839144882517
-0.741956445884742,-1.25712699493464
-0.73483589401936,-1.19498677250828
-0.727664269604135,-1.13195185642355
-0.720440834435441,-1.06800277240901
-0.713164834188236,-1.00311947698311
-0.70583549794321,-0.937281336507208
-0.698452037696472,-0.870467105306661
-0.691013647850989,-0.802654902811468
-0.683519504688965,-0.733822189664688
-0.675968765824291,-0.663945742743878
-0.668360569634152,-0.593001629037446
-0.660694034668847,-0.520965178314163
-0.652968259038785,-0.447810954520323
-0.645182319777627,-0.373512725834878
-0.63733527218041,-0.298043433308537
-0.629426149115498,-0.221375158008068
-0.621453960309092,-0.143479086582031
-0.613417691600974,-0.0643254751587399
-0.605316338844299,0.016111487842975
-0.597186153805849,0.0968696320236508
-0.589115180286566,0.176404607654644
-0.581108900894709,0.254668137538949
-0.573166286905541,0.331690436333992
-0.565286333934392,0.407500769210413
-0.557468061174847,0.48212748885373
-0.549710510666514,0.555598070749091
-0.542012746590991,0.627939146841367
-0.534373854594748,0.69917653765716
-0.526792941137694,0.769335282970129
-0.519269132866276,0.838439671086117
-0.511801576009989,0.906513266819996
-0.50438943580029,0.973578938231936
-0.49703189591089,1.03965888218679
-0.48972815791851,1.10477464879658
-0.482477440783204,1.16894716480269
-0.475278980347396,1.23219675595086
-0.468132028852839,1.29454316840949
-0.461035854474722,1.35600558927842
-0.453989740872214,1.41660266623301
-0.446992986754729,1.47635252634582
-0.440044905463288,1.53527279412565
-0.433144824566326,1.59338060881172
-0.426292085469364,1.65069264095868
-0.419486043037976,1.70722510834602
-0.751108887633766,-1.61433384469779
-0.744280850409347,-1.55720237683831
-0.737405863962974,-1.49928246466175
-0.730483277941847,-1.44055766311421
-0.723512428385716,-1.3810110666861
-0.716492637344618,-1.32062529318505
-0.70942321248309,-1.25938246681769
-0.702303446670293,-1.19726420054587
-0.69513261755543,-1.13425157768064
-0.687909987127824,-1.0703251326753
-0.68063480126099,-1.00546483107664
-0.67330628923999,-0.939650048590975
-0.665923663271332,-0.872859549218967
-0.658486117974639,-0.805071462410672
-0.65099282985526,-0.736263259189125
-0.643442956756967,-0.666411727187736
-0.635835637293827,-0.595492944543431
-0.628169990260275,-0.523482252583852
-0.620445114018415,-0.450354227243138
-0.612660085861433,-0.376082649136699
-0.604813961352053,-0.300640472221004
-0.596905773634796,-0.223999790959717
-0.588934532720838,-0.146131805912459
-0.580899224744107,-0.0670067876570858
-0.572798829508993,0.0134029986599485
-0.564668407218078,0.0941717771001746
-0.556596951319125,0.173721087061129
-0.548590196742259,0.251998667564736
-0.540647114582697,0.329034742111199
-0.532766700281547,0.404858584371747
-0.524947972863773,0.479498555206023
-0.517189974205736,0.552982137961741
-0.509491768330957,0.62533597214888
-0.501852440732797,0.696585885575061
-0.494271097722833,0.766756925023552
-0.486746865803771,0.835873385550405
-0.479278891065794,0.903958838472709
-0.471866338605294,0.971036158115676
-0.464508391965018,1.0371275473823
-0.457204252594667,1.10225456220562
-0.449953139331074,1.16643813494014
-0.442754287897101,1.2296985967457
-0.43560695041847,1.29205569901411
-0.428510394957738,1.35352863388593
-0.42146390506472,1.41413605390214
-0.414466779342641,1.473896090833
-0.407518331029382,1.53282637372404
-0.400617887593183,1.59094404619672
-0.393764790342212,1.64826578303974
-0.386958394047431,1.70480780612435
-0.718573925775844,-1.61651954521903
-0.711746624958686,-1.5594082302746
-0.704872383151976,-1.50150876257271
-0.697950550167121,-1.4428047042465
-0.690980462212645,-1.38327915721238
-0.68396144151209,-1.3229147469528
-0.676892795908399,-1.26169360560837
-0.669773818454211,-1.19959735434483
-0.662603786987466,-1.13660708495839
-0.655381963691671,-1.07270334068072
-0.648107594640174,-1.00786609614267
-0.640779909323722,-0.942074736453468
-0.633398120160584,-0.87530803534932
-0.625961421988443,-0.807544132363018
-0.618468991537247,-0.738760508962772
-0.610919986882152,-0.668933963605691
-0.603313546875651,-0.598040585647833
-0.595648790557928,-0.526055728049217
-0.587924816544432,-0.452953978808372
-0.5801407023896,-0.37870913105688
-0.572295503925609,-0.303294151740019
-0.564388254574981,-0.226681148804877
-0.556417964635764,-0.148841336812325
-0.548383620538003,-0.0697450008837807
-0.540284192140301,0.0106369808083446
-0.532153529020515,0.0914167071176332
-0.524081563279348,0.170981170465886
-0.516074306414805,0.249273606394178
-0.508130729333959,0.32632424764476
-0.500249827295849,0.402162376773893
-0.492430619149214,0.476816363185648
-0.484672146599795,0.550313698447084
-0.476973473505887,0.622681029977155
-0.469333685200806,0.693944193196035
-0.461751887841071,0.764128242216321
-0.45422720777912,0.833257479152712
-0.446758790959484,0.901355482122146
-0.439345802337342,0.968445132002174
-0.431987425318501,1.03454863801133
-0.424682861219839,1.09968756217156
-0.41743132874933,1.16388284270933
-0.410232063504798,1.22715481644869
-0.403084317490607,1.28952324024664
-0.395987358651508,1.3510073115182
-0.388940470422928,1.41162568789603
-0.381942951297008,1.47139650606683
-0.374994114403728,1.53033739982443
-0.368093287106499,1.5884655173774
-0.361239810611627,1.64579753794674
-0.354433039591073,1.7023496876875
-0.686041641312341,-1.61875823675758
-0.679215078194143,-1.56166710455958
-0.672341582345061,-1.50378811197387
-0.66542050374155,-1.44510482835547
-0.658451178761786,-1.38560036308311
-0.651432929803715,-1.32525734935179
-0.644365064889615,-1.2640579272753
-0.637246877256567,-1.20198372626407
-0.630077644932239,-1.1390158466419
-0.622856630295348,-1.07513484046297
-0.615583079620132,-1.01032069148812
-0.608256222604124,-0.944552794277262
-0.600875271878484,-0.877809932351914
-0.593439422500125,-0.810070255379383
-0.585947851424803,-0.74131125532698
-0.578399716960312,-0.67150974153167
-0.570794158198866,-0.60064181462714
-0.563130294427737,-0.528682839266735
-0.555407224517108,-0.455607415576884
-0.547624026284096,-0.381389349271542
-0.539779755831824,-0.306001620353804
-0.531873446862345,-0.229416350326153
-0.523904109962177,-0.151604767825767
-0.515870731859132,-0.0725371725959334
-0.507772277298219,0.00781644640506404
-0.49964137285638,0.0886073208900501
-0.491568870343513,0.168187741048899
-0.483561084613849,0.246495821877939
-0.475616986378408,0.323561805751343
-0.467735570706508,0.399414984485824
-0.459915856263232,0.474083736391487
-0.45215688457651,0.547595561603164
-0.44445771933243,0.619977115784612
-0.436817445697495,0.691254242292333
-0.429235169666595,0.761452002880523
-0.421710017435532,0.830594707023776
-0.414241134796995,0.898705939929593
-0.406827686558944,0.965808589308481
-0.399468855984416,1.03192487096547
-0.392163844251798,1.09707635327314
-0.384911869934701,1.16128398058275
-0.377712168500564,1.22456809562689
-0.370563991827193,1.28694846096393
-0.363466607736477,1.34844427951176
-0.356419299544542,1.40907421421559
-0.349421365627664,1.46885640689222
-0.342472119003272,1.5278084962906
-0.335570886925424,1.58594763540649
-0.328717010494158,1.64329050808701
-0.321909844278152,1.69985334495862
-0.653511905019492,-1.62104751475075
-0.646686080103227,-1.56397657351182
-0.639813330732162,-1.50611806475102
-0.632893007048473,-1.44745556507243
-0.62592444560067,-1.38797219134532
-0.618906968961823,-1.32765058450666
-0.611839885334283,-1.26647289267406
-0.604722488140333,-1.20442075353453
-0.597554055598157,-1.14147527597273
-0.590333850282502,-1.07761702089997
-0.58306111866934,-1.01282598124316
-0.57573509066386,-0.947081561050509
-0.568354979111017,-0.880362553668051
-0.560919979287891,-0.81264711893847
-0.553429268377015,-0.743912759370787
-0.545882004919819,-0.674136295226254
-0.538277328249279,-0.603293838462526
-0.530614357900827,-0.531360765474616
-0.522892193000493,-0.458311688567286
-0.515109911629228,-0.384120426089498
-0.507266570162292,-0.308759971157099
-0.499361202582509,-0.232202458885309
-0.49139281976615,-0.154419132047495
-0.483360408740119,-0.075380305071345
-0.475262932387669,0.00494449731174487
-0.46713178946523,0.0857465751989828
-0.4590587238128,0.16534373910859
-0.451050383193981,0.243668238150746
-0.443105738116043,0.320750324711625
-0.435223783451115,0.396619300234378
-0.427403537673394,0.471303552287689
-0.419644042125984,0.544830589913861
-0.411944360315964,0.617227077348879
-0.404303577236428,0.688518866201269
-0.396720798714239,0.758731026171303
-0.389195150782347,0.82788787438722
-0.381725779075573,0.89601300343056
-0.374311848248804,0.963129308118439
-0.366952541416619,1.02925901110663
-0.359647059613395,1.09442368737355
-0.352394621273015,1.15864428764187
-0.345194461727315,1.22194116079101
-0.338045832722478,1.2843340753111
-0.330948001952603,1.34584223984563
-0.323900252609725,1.40648432286783
-0.316901882949593,1.46627847153303
-0.30995220587255,1.525242329747
-0.303050548518891,1.58339305548798
-0.296196251878096,1.64074733741819
-0.289388670411376,1.69732141081863
-0.620984584997825,-1.62338492223968
-0.614159497997649,-1.56633415856544
-0.607287494827316,-1.5084961204172
-0.60036792579521,-1.44985439166742
-0.593400127620688,-1.3903920966961
-0.586383423052466,-1.33009188420329
-0.579317120473513,-1.26893591033241
-0.572200513491878,-1.20690582107009
-0.56503288051685,-1.14398273388587
-0.557813484319806,-1.08014721857328
-0.550541571579082,-1.01537927725155
-0.543216372408172,-0.949658323484603
-0.535837099866504,-0.882963160471585
-0.528402949452022,-0.815271958260487
-0.520913098574759,-0.746562229933305
-0.513366706010531,-0.676810806708252
-0.50576291133386,-0.605993811901108
-0.498100834329142,-0.534086633684255
-0.490379574379092,-0.46106389657812
-0.482598209829366,-0.386899431605698
-0.474755797328263,-0.31156624503641
-0.466851371140313,-0.235036485640905
-0.458883942432511,-0.157281410373397
-0.450852498531864,-0.0782713483927031
-0.442756002171194,0.00202432364900199
-0.434624626838002,0.082837481803943
-0.426550972267774,0.162452159087577
-0.418542051316824,0.24079383267221
-0.410596834281179,0.317892765325883
-0.402714315828518,0.393778268474364
-0.394893514235119,0.468478739288019
-0.387133470652432,0.542021696047231
-0.379433248401917,0.614433811878894
-0.371791932296839,0.685740946950832
-0.364208627989805,0.755968179205757
-0.356682461344874,0.825139833711487
-0.349212577833131,0.893279510699549
-0.341798141950695,0.960410112360064
-0.334438336658154,1.02655386845678
-0.327132362840503,1.09173236082245
-0.319879438786676,1.15596654679119
-0.312678799687834,1.21927678162132
-0.305529697153603,1.281682839959
-0.298431398745498,1.34320393639023
-0.291383187526799,1.40385874512605
-0.284384361628194,1.46366541886333
-0.277434233828528,1.52264160686107
-0.27053213115004,1.58080447227011
-0.263677394467469,1.63817070875193
-0.256869378130496,1.69475655642032
-0.588459546814563,-1.62576795255758
-0.581635196656571,-1.5687373314818
-0.574763938612763,-1.51091972884803
-0.567845123158043,-1.45229873580863
-0.560878087182939,-1.39285748426646
-0.553862153612151,-1.33257863069738
-0.546796631009617,-1.27144433928409
-0.53968081316952,-1.20943626432689
-0.532513978692629,-1.14653553189502
-0.525295390547348,-1.08272272067982
-0.51802429561479,-1.01797784200917
-0.51069992421718,-0.952280318979876
-0.50332148962886,-0.885608964662279
-0.495888187569104,-0.817941959328619
-0.488399195675923,-0.749256826653772
-0.480853672960025,-0.67953040883382
-0.473250759237988,-0.60873884056462
-0.465589574543721,-0.536857521818972
-0.457869218517184,-0.463861089357174
-0.450088769769323,-0.389723386901669
-0.442247285222085,-0.314417433902133
-0.434343799422343,-0.237915392812666
-0.426377323828471,-0.160188534797748
-0.418346846068268,-0.0812072037782166
-0.410251329166816,-0.000940778722781977
-0.402119730375006,0.0798831043933655
-0.394045461725802,0.15951604653985
-0.386035935607872,0.237875633209898
-0.378090122098722,0.314992137912687
-0.370207015654536,0.390894882402587
-0.362385634346838,0.465612273784936
-0.354625019128806,0.539171839899374
-0.34692423312985,0.611600263073299
-0.339282360977179,0.682923412332355
-0.331698508143098,0.753166374149634
-0.324171800316904,0.822353481810346
-0.316701382800251,0.890508343464129
-0.309286419924957,0.957653868932958
-0.301926094492252,1.02381229533853
-0.294619607232527,1.08900521160937
-0.287366176284697,1.15325358192437
-0.280165036694319,1.21657776814623
-0.273015439929674,1.27899755129515
-0.265916653415035,1.34053215211045
-0.258867960080397,1.40120025074491
-0.25186865792698,1.46102000563419
-0.244918059607849,1.52000907158151
-0.23801549202301,1.57818461709515
-0.231160295928407,1.63556334101481
-0.224351825558236,1.69216148846044
-0.555936653648536,-1.62819405206414
-0.549113038472366,-1.57118351710713
-0.542242523685565,-1.51338629306293
-0.535324459929693,-1.45478597836753
-0.528358184266589,-1.39536571245074
-0.521343019797088,-1.33510815956863
-0.514278275266252,-1.27399549194796
-0.507163244654564,-1.21200937220791
-0.499997206754451,-1.14913093502299
-0.492779424731528,-1.08534076798839
-0.485509145669873,-1.02061889164714
-0.478185600100652,-0.954944738635876
-0.470808001513335,-0.888297131903589
-0.463375545848745,-0.820654261954769
-0.455887410973115,-0.751993663065721
-0.448342756132288,-0.682292188419528
-0.440740721385164,-0.611525984101872
-0.433080427015434,-0.53967046189637
-0.425360972920593,-0.466700270814266
-0.417581437977178,-0.392589267289245
-0.4097408793811,-0.317310483963785
-0.401838331961905,-0.24083609698878
-0.393872807469697,-0.163137391753151
-0.385843293833429,-0.0841847269548154
-0.377748754389145,-0.0039474969185779
-0.369616943046726,0.0768865554786956
-0.361542035801241,0.156538495041921
-0.353531880316069,0.234916714767234
-0.345585446443155,0.31205149925324
-0.337701728420355,0.387972180918325
-0.329879744107821,0.462707177125932
-0.322118534254036,0.536284025586351
-0.314417161790143,0.608729418127656
-0.306774711151249,0.680069232922773
-0.299190287623501,0.750328565254375
-0.291663016715746,0.819531756894459
-0.284192043554688,0.887702424170792
-0.276776532302482,0.954863484788223
-0.269415665595792,1.02103718346882
-0.262108644005348,1.08624511647109
-0.254854685515131,1.15050825504498
-0.247653025020318,1.21384696787627
-0.240502913843202,1.27628104257067
-0.233403619266296,1.33782970622534
-0.226354424081922,1.39851164513257
-0.219354626157561,1.45834502365828
-0.212403538016338,1.51734750233512
-0.205500486431988,1.57553625520817
-0.198644812037719,1.63292798646902
-0.191835868948412,1.68953894641198
-0.523415766437457,-1.63066062292285
-0.516592883598734,-1.57367009617292
-0.509723109406573,-1.51589317204894
-0.502805794669148,-1.45731345626651
-0.495840276619569,-1.39791409577835
-0.488825878534763,-1.33767776261687
-0.481761909340884,-1.27658663704906
-0.47464766320468,-1.21462239000926
-0.467482419110206,-1.15176616477366
-0.46026544042026,-1.08799855783776
-0.452995974421865,-1.02329959895637
-0.445673251855104,-0.957648730302732
-0.438296486424561,-0.891024784701356
-0.4308648742926,-0.823405962886026
-0.423377593553664,-0.754769809731679
-0.415833803688729,-0.685093189405771
-0.408232644999019,-0.614352259381365
-0.400573238018013,-0.542522443250648
-0.392854682900755,-0.469578402273769
-0.385076058789389,-0.395494005593842
-0.377236423153814,-0.320242299044571
-0.369334811106276,-0.243795472472316
-0.361370234688648,-0.166124825489393
-0.353341682131078,-0.0872007315700308
-0.345248117080622,-0.00699260039467046
-0.337116105557265,0.0738509932342279
-0.329040535868234,0.153522643050571
-0.321029727475986,0.231920196458827
-0.313082650000087,0.30907394948396
-0.305198297453465,0.385013245532867
-0.297375687478498,0.459766512539712
-0.289613860612771,0.533361298386711
-0.281911879583134,0.605824304693055
-0.274268828626759,0.67718141905902
-0.266683812837965,0.747457745847034
-0.259155957539651,0.81667763557657
-0.25168440767823,0.884864713005141
-0.244268327241011,0.952041903963415
-0.236906898695056,1.01823146100846
-0.229599322446542,1.0834549879554
-0.22234481631976,1.14773346334428
-0.21514261505489,1.21108726289567
-0.20799196982374,1.2735361810055
-0.200892147762701,1.3350994513267
-0.19384243152217,1.39579576648263
-0.186842118831759,1.45564329695474
-0.179890522080632,1.5146597091845
-0.172986967912338,1.57286218292741
-0.166130796833544,1.63026742789513
-0.159321362836105,1.6868916997192
-0.490896744027387,-1.63316502591802
-0.484074590101001,-1.57619440813585
-0.477205553051576,-1.51843768362393
-0.470288983853673,-1.4598784653656
-0.463324219911448,-1.40049990782449
-0.456310584677695,-1.34028469079713
-0.449247387259431,-1.27921500257831
-0.442133922009435,-1.21727252240497
-0.434969468103156,-1.15443840214213
-0.427753289100337,-1.09069324717265
-0.420484632490708,-1.02601709644985
-0.413162729223027,-0.96038940167013
-0.405786793216743,-0.893789005519894
-0.398356020855515,-0.826194118948316
-0.390869590461743,-0.757582297414839
-0.383326661751284,-0.687930416056927
-0.375726375267428,-0.617214643720416
-0.368067851793184,-0.545410415791191
-0.360350191740879,-0.472492405763184
-0.352572474517997,-0.398434495473536
-0.344733757868158,-0.323209743931505
-0.336833077186038,-0.246790354662961
-0.328869444804998,-0.169147641487357
-0.320841849256102,-0.0902519926386774
-0.312749254497137,-0.0100728331361316
-0.304617056510277,0.070779618285397
-0.296540801225985,0.150471670709887
-0.288529317072424,0.228889238335912
-0.280581573430213,0.306062628939997
-0.272696564080979,0.38202119723077
-0.264873306443152,0.456793382014884
-0.257110840837431,0.530406741637312
-0.249408229780567,0.602887987788743
-0.241764557306163,0.674263017767201
-0.234178928311242,0.744556945275704
-0.226650467927451,0.813794129832907
-0.219178320915756,0.881998204869023
-0.211761651083622,0.949192104575126
-0.204399640723645,1.01539808956985
-0.197091490072729,1.08063777144382
-0.189836416790889,1.14493213623872
-0.182633655458846,1.20830156691439
-0.175482457093591,1.27076586485465
-0.168382088681174,1.33234427045946
-0.161331832725968,1.39305548286822
-0.154330986815726,1.45291767885695
-0.147378863201772,1.51194853094918
-0.140474788393691,1.57016522477866
-0.133618102767931,1.62758447573953
-0.126808160189743,1.68422254495799
-0.458379443324225,-1.63570458330835
-0.451558014108453,-1.57875375405408
-0.444689709964469,-1.52101710733588
-0.437773882032823,-1.4624782633852
-0.430809867888312,-1.40312038415656
-0.423796991159183,-1.34292615719011
-0.41673456113289,-1.2818777787875
-0.409621872347815,-1.21995693646676
-0.402458204170361,-1.15714479065983
-0.395242820356771,-1.09342195561438
-0.387974968599024,-1.02876847945925
-0.380653880054085,-0.963163823390421
-0.3732787688558,-0.896586839931967
-0.365848831608632,-0.829015750223682
-0.358363246862448,-0.760428120284102
-0.35082117456748,-0.690800836194637
-0.343221755508569,-0.620110078147146
-0.335564110717728,-0.548331293293773
-0.327847340864028,-0.475439167334047
-0.320070525619747,-0.401407594770207
-0.312232723001662,-0.326209647757333
-0.304332968686304,-0.249817543470253
-0.296370275297936,-0.172202609904149
-0.288343631667941,-0.093335250020462
-0.28025200206422,-0.0131849041439348
-0.272119632577233,0.0676756704482866
-0.264042669266322,0.147388796610354
-0.256030487207301,0.225827038164655
-0.248082055535514,0.303020714952407
-0.240196367795164,0.378999193285564
-0.232372441174788,0.453790923133861
-0.224609315772437,0.527423473585101
-0.216906053889176,0.599923566671493
-0.209261739349613,0.671317109649222
-0.201675476848217,0.741629225813131
-0.194146391320272,0.810884283923488
-0.186673627336343,0.879105926317244
-0.179256348519228,0.946317095771848
-0.171893736982384,1.01254006118576
-0.164584992788897,1.07779644213603
-0.157329333430089,1.14210723236972
-0.150125993322925,1.20549282228297
-0.142974223325408,1.26797302043803
-0.135873290269188,1.32956707416613
-0.128822476508665,1.39029368930098
-0.121821079485893,1.4501710490857
-0.114868411310616,1.50921683229291
-0.107963798354819,1.56744823059627
-0.10110658086119,1.62488196522905
-0.0942961125649263,1.68153430296381
-0.425863719447074,-1.6382765817138
-0.419043009968512,-1.58134539949664
-0.41217543371227,-1.52362868739508
-0.405260341984312,-1.46511007286141
-0.398297072529484,-1.40577272531301
-0.391284949150886,-1.34559934000491
-0.384223281315794,-1.28457212121613
-0.377111363747566,-1.22267276471552
-0.369948476002915,-1.15988243947084
-0.362733882033929,-1.09618176856268
-0.355466829734162,-1.03155080926257
-0.348146550468104,-0.965969032232337
-0.340772258583288,-0.89941529979911
-0.333343150904267,-0.831867843257655
-0.325858406207637,-0.763304239148944
-0.31831718467725,-0.693701384460611
-0.310718627338726,-0.623035470691719
-0.303061855472288,-0.551281956720694
-0.295345970002944,-0.478415540411494
-0.287570050866933,-0.404410128889027
-0.279733156353336,-0.329238807410475
-0.271834322419666,-0.252873806754538
-0.263872561980192,-0.175286469045627
-0.255846864165693,-0.0964472119246562
-0.247756193553241,-0.0163254909723755
-0.239623668667853,0.0645424254231894
-0.231545975643406,0.144277274502805
-0.22353307426864,0.222736828160126
-0.215583933427555,0.299951418601775
-0.207697546421045,0.375950424032684
-0.199872930202053,0.450762305864762
-0.192109124640452,0.524414644197646
-0.184405191816256,0.596934171664434
-0.176760215339875,0.668346805729627
-0.169173299698171,0.738677679521229
-0.161643569625162,0.807951171274043
-0.154170169496252,0.876190932456592
-0.146752262744949,0.94341991464983
-0.13938903130108,1.00966039524178
-0.132079675049546,1.0749340019985
-0.124823411308736,1.13926173656835
-0.11761947432774,1.20266399697308
-0.110467114801561,1.26516059913647
-0.10336559940355,1.32677079749811
-0.0963142103343447,1.38751330475742
-0.0893122448866089,1.44740631079044
-0.0823590150249185,1.50646750077944
-0.0754538469801635,1.56471407259345
-0.0685960808578698,1.62216275345546
-0.0617850702598706,1.67882981593025
-0.393349425883288,-1.64087827503268
-0.386529430402615,-1.58396657748265
-0.379662576241826,-1.52626963563595
-0.372748214871548,-1.46777108413071
-0.365785684205907,-1.40845409981123
-0.358774308222066,-1.34830138561048
-0.35171339656632,-1.28729515374688
-0.344602244146178,-1.22541710820106
-0.337440130707818,-1.16264842643644
-0.330226320398307,-1.09896974032519
-0.322960061311888,-1.03436111623903
-0.315640585019666,-0.968802034261879
-0.308267106081936,-0.902271366478821
-0.300838821542385,-0.834747354293174
-0.293354910403358,-0.766207584720505
-0.285814533081326,-0.696628965605365
-0.278216830841658,-0.625987699703178
-0.270560925211735,-0.554259257566215
-0.262845917371416,-0.481418349168764
-0.255070887519789,-0.407438894202565
-0.247234894217097,-0.33229399096925
-0.239336973700662,-0.255955883791853
-0.231376139173554,-0.178395928862496
-0.22335138006471,-0.0995845584379872
-0.215261661259099,-0.0194912432893402
-0.207128998102533,0.0613831914451135
-0.199050554445414,0.141140389970122
-0.191036913101516,0.219621871678815
-0.183087042697692,0.296857981431174
-0.175199936285895,0.372878109602493
-0.167374610578018,0.447710729314142
-0.159610105210464,0.521383431935237
-0.151905482037062,0.593922960948191
-0.144259824449041,0.665355244265436
-0.136672236720823,0.735705425079327
-0.129141843380467,0.804997891322326
-0.121667788603656,0.873256303809947
-0.114249235630185,0.940503623134672
-0.106885366201948,1.00676213537503
-0.099575380021487,1.0720534766803
-0.0923184942301944,1.13639865678778
-0.0851139429053379,1.19981808152632
-0.0779609765750821,1.26233157435668
-0.0708588617507476,1.32395839699661
-0.0638068804755769,1.38471726917548
-0.0568043298893112,1.44462638756123
-0.0498505218079191,1.5037034438997
-0.0429447823178492,1.56196564240436
-0.036086451384207,1.61942971643229
-0.0292748824722882,1.67611194448039
-0.360836414645064,-1.64350688738549
-0.354017126663604,-1.58661449144723
-0.347150988038022,-1.5289371345052
-0.340237350402675,-1.47045845834075
-0.333275551840022,-1.41116164718131
-0.326264916500317,-1.35102941159269
-0.319204754207879,-1.29004397168629
-0.312094360053342,-1.22818703960679
-0.304933013971308,-1.16543980126408
-0.297719980302748,-1.10178289727128
-0.290454507341497,-1.03719640304814
-0.283135826864149,-0.971659808046864
-0.2757631536426,-0.905151994055089
-0.268335684938485,-0.837651212527524
-0.260852599978682,-0.769135060895382
-0.253313059411033,-0.6995804577993
-0.24571620473937,-0.628963617188285
-0.238061157736915,-0.557260021223631
-0.230347019837022,-0.484444391923005
-0.222572871500238,-0.410490661475814
-0.214737771556539,-0.335371941156654
-0.206840756521585,-0.259060488758985
-0.198880839885734,-0.181527674466202
-0.190857011374526,-0.102743945071919
-0.182768236179227,-0.0226787864555665
-0.174635452786614,0.0582013058941996
-0.166556238368024,0.13798145705965
-0.15854183718078,0.216485459872623
-0.150591217589044,0.293743672121346
-0.142703372390463,0.369785496616285
-0.134877318050673,0.444639418443454
-0.127112093967557,0.518333040487443
-0.119406761763859,0.590893117317187
-0.111760404606879,0.662345587521862
-0.104172126553983,0.732715604578954
-0.0966410519227923,0.802027566331682
-0.089166324684922,0.870305143148289
-0.0817471078822291,0.93757130483149
-0.074382583064573,1.00384834634228
-0.0670719497481451,1.06915791239866
-0.0598144248934685,1.13352102100617
-0.0526092424022194,1.19695808597412
-0.0454556526320604,1.25948893846797
-0.0383529219287176,1.32113284764581
-0.0313003321745714,1.38190854042394
-0.0242971803530671,1.44183422041417
-0.0173427781282834,1.50092758607304
-0.0104364514390312,1.55920584810092
-0.00357754010688387,1.61668574612699
0.00323460254243044,1.67338356471402
-0.328324536427376,-1.64615961608266
-0.321505948694475,-1.58928631823081
-0.314640518283336,-1.53162834007311
-0.30772759699095,-1.47316933048397
-0.300766523066978,-1.41389248102226
-0.29375662083361,-1.35378050983348
-0.286697200292,-1.29281564486728
-0.279587556714699,-1.23097960637594
-0.272426970223482,-1.16825358865773
-0.265214705351947,-1.10461824100682
-0.257950010592211,-1.04005364782919
-0.250632117925009,-0.974539307881698
-0.243260242332459,-0.908054112588793
-0.235833581292727,-0.840576323388788
-0.228351314255768,-0.772083548058559
-0.220812602099296,-0.702552715962569
-0.213216586564075,-0.63196005216877
-0.205562389667582,-0.560281050370367
-0.19784911309505,-0.487490444548708
-0.190075837566813,-0.413562179308464
-0.182241622180865,-0.338469378811973
-0.174345503729435,-0.262184314234953
-0.166386495988357,-0.18467836966082
-0.158363588977901,-0.105922006325523
-0.150275748193703,-0.0258847251190596
-0.142142863386297,0.0550001318690742
-0.13406285888954,0.134803814879308
-0.126047678785388,0.213330908307334
-0.11809629117005,0.290611783131129
-0.110207688581761,0.366675854848264
-0.102380887234952,0.441551620752198
-0.094614926284186,0.515266695477061
-0.0869088671164687,0.587847844904042
-0.0792617926706466,0.659321018516807
-0.071672806782647,0.729711380288101
-0.0641410335553951,0.799043338174722
-0.0566656167523019,0.86734057229349
-0.0492457192132688,0.934626061846504
-0.041880522292218,1.00092211085998
-0.0345692253151987,1.06625037279724
-0.027311045058177,1.13063187410283
-0.0201052152436532,1.19408703673159
-0.0129509860553023,1.25663569971336
-0.00584762366986517,1.3182971398011
0.00120559019443794,1.37909009124755
0.00820935871366771,1.43903276475314
0.0151643703787597,1.49814286562523
0.0220712994015819,1.55643761118686
0.0289308061070544,1.61393374747084
0.0357435373119005,1.67064756523321
-0.29581364076712,-1.64883363461266
-0.288995745288302,-1.59197921108867
-0.282131015018572,-1.53434038506476
-0.27521880191628,-1.47590081245074
-0.268258444396984,-1.4166436920775
-0.261249266953473,-1.35655174960907
-0.254190579762363,-1.29560722077027
-0.247081678276712,-1.23379183385604
-0.239921842804025,-1.17108679148603
-0.232710338069046,-1.10747275156636
-0.225446412760651,-1.042929807418
-0.218129299062154,-0.977437467028917
-0.210758212164293,-0.910974631384503
-0.203332349760117,-0.843519571828317
-0.195850891520964,-0.775049906401971
-0.188312998552683,-0.705542575110165
-0.18071781283118,-0.634973814053405
-0.173064456616354,-0.563319128367507
-0.165352031843422,-0.490553263905151
-0.157579619490563,-0.416650177590754
-0.149746278921788,-0.341583006375555
-0.141851047203839,-0.265324034715215
-0.133892938395903,-0.187844660487235
-0.125870942810799,-0.109115359260163
-0.117784026246289,-0.0291056468208609
-0.109651059506059,0.0517830547262306
-0.101570246447474,0.131610824160506
-0.0935542691741762,0.210161553548625
-0.0856020955094349,0.287465627306141
-0.0777127177272411,0.36355247385651
-0.0698851517861355,0.438450602930773
-0.0621184365928142,0.51218764113448
-0.0544116332941342,0.584790365875062
-0.046763824596211,0.656284737737126
-0.0391741141093769,0.726695931387902
-0.0316416257178278,0.796048365090099
-0.0241655029728527,0.864365728894832
-0.0167449085085924,0.931671011582981
-0.00937902347933334,0.997986526419322
-0.0020670470173894,1.06333393578003
0.00519180428932452,1.1277342747106
0.0123982969008803,1.19120797346807
0.0195531808108941,1.25377487909817
0.0266571900148238,1.31545427609531
0.0337110429617363,1.3762649061906
0.0407154429902408,1.43622498731044
0.0476710787492487,1.49535223174607
0.0545786246041906,1.55366386357204
0.0614387410292876,1.61117663534962
0.0682520749864498,1.66790684414916
-0.263303576203367,-1.65152609564735
-0.256486364249247,-1.59469030271732
-0.249622325304627,-1.53707038190779
-0.242710811487757,-1.47864999609884
-0.235751161378652,-1.41941235132631
-0.228742699639149,-1.35934018070362
-0.221684736619772,-1.29841572765955
-0.214576567952483,-1.23662072845823
-0.207417474128875,-1.1739363939649
-0.200206720063155,-1.11034339061949
-0.192943554639227,-1.04582182057729
-0.18562721024121,-0.980351200974077
-0.178256902266634,-0.913910442270228
-0.170831828621557,-0.846477825625733
-0.163351169196776,-0.7780309792552
-0.155814085324292,-0.708546853708735
-0.148219719213117,-0.638001696021373
-0.140567193363479,-0.566371022670164
-0.132855609958422,-0.493629591274256
-0.125084050231757,-0.419751370969291
-0.117251573811225,-0.344709511383076
-0.109357218035737,-0.268476310134903
-0.101399997245409,-0.191023178775864
-0.0933789020431228,-0.11232060708226
-0.0852928985261932,-0.0323381256083991
-0.0771598698673734,0.048553478588591
-0.0690782306164265,0.128405863790975
-0.0610614387628992,0.206980749718727
-0.0531084618524254,0.284308534458849
-0.045218291890196,0.360418659586032
-0.0373899445744415,0.435339647486109
-0.0296224585597074,0.509099136945494
-0.0219148947485421,0.581723917099865
-0.0142663356102944,0.653239959829678
-0.00667588452578319,0.72367245068476
0.000857334843329366,0.793045818415343
0.00833417916157166,0.861383763182226
0.0157554860041537,0.928709283514502
0.0231220744199132,0.995044702079229
0.0304347454736625,1.06041169032369
0.037694282768834,1.12483129204737
0.0449014529512774,1.18832394595748
0.0520570061950178,1.2509095072588
0.0591616766707447,1.31260726832577
0.0662161829977632,1.37343597850195
0.0732212286801056,1.43341386306957
0.080177502527455,1.4925586414295
0.0870856790615551,1.55088754452958
0.0939464189085404,1.60841733157767
0.100760369178104,1.6651643060728
-0.230794190437992,-1.65423413406265
-0.223977652554088,-1.59741670829549
-0.21711429538491,-1.53981542579402
-0.210203471207023,-1.4814139563361
-0.203244518763163,-1.42219551308793
-0.196236762882574,-1.36214283653531
-0.189179514087945,-1.30123817773158
-0.182072068188356,-1.23946328082816
-0.174913705857657,-1.17679936485147
-0.167703692197628,-1.11322710468803
-0.160441276285267,-1.04872661123751
-0.153125690703507,-0.983277410690609
-0.14575615105463,-0.916858422886695
-0.138331855455602,-0.849447938703059
-0.130851984014518,-0.781023596424834
-0.123315698287314,-0.711562357041606
-0.115722140713823,-0.641040478413396
-0.108070434032252,-0.569433488245168
-0.100359680671061,-0.496716155805281
-0.0925889621172,-0.422862462319224
-0.0847573382595855,-0.3478455699657
-0.0768638467066543,-0.271637789397446
-0.0689075020767425,-0.194210545704271
-0.0608872952599897,-0.115534342730419
-0.0528021926503837,-0.0355787256526902
-0.0446691224885652,0.0453148228264635
-0.0365866402870612,0.125192327320727
-0.028569017302351,0.203791865026934
-0.0206152207980234,0.281143847923179
-0.0127242425061954,0.357277730947049
-0.00489509786064248,0.43222204934321
0.00287317474026252,0.506004454275694
0.0105815146421818,0.578651746798229
0.0182308396163214,0.650189910270256
0.0258220465150529,0.72064414130098
0.0333560119028196,0.79003887929884
0.0408335926634358,0.858397834699178
0.0482556265848332,0.925744015938574
0.0556229329222492,0.992099755240295
0.0629363129408065,1.05748673327154
0.0701965504383807,1.12192600272967
0.0774044122496099,1.18543801091124
0.0845606487318568,1.24804262131477
0.0916659942338919,1.30975913432504
0.0987211675480314,1.37060630702424
0.105726872346425,1.43060237217263
0.112683797602157,1.48976505639904
0.119592617995784,1.54811159763936
0.126453994307927,1.60565876185902
0.13326857379846,1.6624228590935
-0.19828533049789,-1.65695486996784
-0.191469456514988,-1.60015552853434
-0.1846067708487,-1.54257259775075
-0.177696625932114,-1.48418975421305
-0.170738360668901,-1.42499021813557
-0.16373130005382,-1.36495673729175
-0.156674754779795,-1.30407157027214
-0.149568020831046,-1.2423164690253
-0.142410379061649,-1.17967266064574
-0.135201094758876,-1.11612082837061
-0.12793941719068,-1.05164109174471
-0.120624579136611,-0.986212985911246
-0.113255796401442,-0.919815439982771
-0.105832267310724,-0.852426754444505
-0.0983531721874642,-0.784024577539053
-0.0908176728090752,-0.714585880578575
-0.0832249118436882,-0.644086932127152
-0.0755740122648891,-0.572503270992546
-0.0678640767438761,-0.49980967796282
-0.0600941870179848,-0.425980146219233
-0.0522634032344708,-0.350987850352511
-0.0443707632683774,-0.274805113904968
-0.0364152820132486,-0.197403375356021
-0.0283959506433825,-0.118753152463273
-0.020311735846242,-0.0388240048656931
-0.0121786448656186,0.0420705185141722
-0.00409530384602635,0.121973619444395
0.00392316594260003,0.200598278277185
0.0118777975228291,0.277974921086886
0.0197695994396052,0.354133016371711
0.0275995565274756,0.429101112425787
0.0353686306479927,0.502906872974612
0.043077761398671,0.575577111167325
0.0507278667948067,0.647137822013522
0.0583198439253944,0.717614213347024
0.0658545695843167,0.78703073539404
0.0733329008779128,0.855411109018587
0.0807556758099825,0.922778352713665
0.0881237138452212,0.989154808402703
0.095437816452035,1.054562166112
0.102698767625634,1.11902148757137
0.109907334392255,1.18255322879695
0.117064267295336,1.24517726170701
0.124170300864387,1.30691289481863
0.131226154067328,1.36777889307072
0.138232530746952,1.42779349681591
0.145190120042202,1.48697444002178
0.152099596794862,1.54533896771961
0.158961621942323,1.6029038527365
0.165776842896923,1.65968541174525
-0.165776842896923,-1.65968541174525
-0.158961621942323,-1.6029038527365
-0.152099596794862,-1.54533896771961
-0.145190120042202,-1.48697444002178
-0.138232530746952,-1.42779349681591
-0.131226154067328,-1.36777889307072
-0.124170300864387,-1.30691289481863
-0.117064267295336,-1.24517726170701
-0.109907334392255,-1.18255322879695
-0.102698767625634,-1.11902148757137
-0.095437816452035,-1.054562166112
-0.0881237138452212,-0.989154808402703
-0.0807556758099825,-0.922778352713665
-0.0733329008779128,-0.855411109018587
-0.0658545695843167,-0.78703073539404
-0.0583198439253944,-0.717614213347024
-0.0507278667948067,-0.647137822013522
-0.043077761398671,-0.575577111167325
-0.0353686306479927,-0.502906872974612
-0.0275995565274756,-0.429101112425787
-0.0197695994396052,-0.354133016371711
-0.0118777975228291,-0.277974921086886
-0.00392316594260003,-0.200598278277185
0.00409530384602635,-0.121973619444395
0.0121786448656186,-0.0420705185141722
0.020311735846242,0.0388240048656931
0.0283959506433825,0.118753152463273
0.0364152820132486,0.197403375356021
0.0443707632683774,0.274805113904968
0.0522634032344708,0.350987850352511
0.0600941870179848,0.425980146219233
0.0678640767438761,0.49980967796282
0.0755740122648891,0.572503270992546
0.0832249118436882,0.644086932127152
0.0908176728090752,0.714585880578575
0.0983531721874642,0.784024577539053
0.105832267310724,0.852426754444505
0.113255796401442,0.919815439982771
0.120624579136611,0.986212985911246
0.12793941719068,1.05164109174471
0.135201094758876,1.11612082837061
0.142410379061649,1.17967266064574
0.149568020831046,1.2423164690253
0.156674754779795,1.30407157027214
0.16373130005382,1.36495673729175
0.170738360668901,1.42499021813557
0.177696625932114,1.48418975421305
0.1846067708487,1.54257259775075
0.191469456514988,1.60015552853434
0.19828533049789,1.65695486996784
-0.13326857379846,-1.6624228590935
-0.126453994307927,-1.60565876185902
-0.119592617995784,-1.54811159763936
-0.112683797602157,-1.48976505639904
-0.105726872346425,-1.43060237217263
-0.0987211675480314,-1.37060630702424
-0.0916659942338919,-1.30975913432504
-0.0845606487318568,-1.24804262131477
-0.0774044122496099,-1.18543801091124
-0.0701965504383807,-1.12192600272967
-0.0629363129408065,-1.05748673327154
-0.0556229329222492,-0.992099755240295
-0.0482556265848332,-0.925744015938574
-0.0408335926634358,-0.858397834699178
-0.0333560119028196,-0.79003887929884
-0.0258220465150529,-0.72064414130098
-0.0182308396163214,-0.650189910270256
-0.0105815146421818,-0.578651746798229
-0.00287317474026252,-0.506004454275694
0.00489509786064248,-0.43222204934321
0.0127242425061954,-0.357277730947049
0.0206152207980234,-0.281143847923179
0.028569017302351,-0.203791865026934
0.0365866402870612,-0.125192327320727
0.0446691224885652,-0.0453148228264635
0.0528021926503837,0.0355787256526902
0.0608872952599897,0.115534342730419
0.0689075020767425,0.194210545704271
0.0768638467066543,0.271637789397446
0.0847573382595855,0.3478455699657
0.0925889621172,0.422862462319224
0.100359680671061,0.496716155805281
0.108070434032252,0.569433488245168
0.115722140713823,0.641040478413396
0.123315698287314,0.711562357041606
0.130851984014518,0.781023596424834
0.138331855455602,0.849447938703059
0.14575615105463,0.916858422886695
0.153125690703507,0.983277410690609
0.160441276285267,1.04872661123751
0.167703692197628,1.11322710468803
0.174913705857657,1.17679936485147
0.182072068188356,1.23946328082816
0.189179514087945,1.30123817773158
0.196236762882574,1.36214283653531
0.203244518763163,1.42219551308793
0.210203471207023,1.4814139563361
0.21711429538491,1.53981542579402
0.223977652554088,1.59741670829549
0.230794190437992,1.65423413406265
-0.100760369178104,-1.6651643060728
-0.0939464189085404,-1.60841733157767
-0.0870856790615551,-1.55088754452958
-0.080177502527455,-1.4925586414295
-0.0732212286801056,-1.43341386306957
-0.0662161829977632,-1.37343597850195
-0.0591616766707447,-1.31260726832577
-0.0520570061950178,-1.2509095072588
-0.0449014529512774,-1.18832394595748
-0.037694282768834,-1.12483129204737
-0.0304347454736625,-1.06041169032369
-0.0231220744199132,-0.995044702079229
-0.0157554860041537,-0.928709283514502
-0.00833417916157166,-0.861383763182226
-0.000857334843329366,-0.793045818415343
0.00667588452578319,-0.72367245068476
0.0142663356102944,-0.653239959829678
0.0219148947485421,-0.581723917099865
0.0296224585597074,-0.509099136945494
0.0373899445744415,-0.435339647486109
0.045218291890196,-0.360418659586032
0.0531084618524254,-0.284308534458849
0.0610614387628992,-0.206980749718727
0.0690782306164265,-0.128405863790975
0.0771598698673734,-0.048553478588591
0.0852928985261932,0.0323381256083991
0.0933789020431228,0.11232060708226
0.101399997245409,0.191023178775864
0.109357218035737,0.268476310134903
0.117251573811225,0.344709511383076
0.125084050231757,0.419751370969291
0.132855609958422,0.493629591274256
0.140567193363479,0.566371022670164
0.148219719213117,0.638001696021373
0.155814085324292,0.708546853708735
0.163351169196776,0.7780309792552
0.170831828621557,0.846477825625733
0.178256902266634,0.913910442270228
0.18562721024121,0.980351200974077
0.192943554639227,1.04582182057729
0.200206720063155,1.11034339061949
0.207417474128875,1.1739363939649
0.214576567952483,1.23662072845823
0.221684736619772,1.29841572765955
0.228742699639149,1.35934018070362
0.235751161378652,1.41941235132631
0.242710811487757,1.47864999609884
0.249622325304627,1.53707038190779
0.256486364249247,1.59469030271732
0.263303576203367,1.65152609564735
-0.0682520749864498,-1.66790684414916
-0.0614387410292876,-1.61117663534962
-0.0545786246041906,-1.55366386357204
-0.0476710787492487,-1.49535223174607
-0.0407154429902408,-1.43622498731044
-0.0337110429617363,-1.3762649061906
-0.0266571900148238,-1.31545427609531
-0.0195531808108941,-1.25377487909817
-0.0123982969008803,-1.19120797346807
-0.00519180428932452,-1.1277342747106
0.0020670470173894,-1.06333393578003
0.00937902347933334,-0.997986526419322
0.0167449085085924,-0.931671011582981
0.0241655029728527,-0.864365728894832
0.0316416257178278,-0.796048365090099
0.0391741141093769,-0.726695931387902
0.046763824596211,-0.656284737737126
0.0544116332941342,-0.584790365875062
0.0621184365928142,-0.51218764113448
0.0698851517861355,-0.438450602930773
0.0777127177272411,-0.36355247385651
0.0856020955094349,-0.287465627306141
0.0935542691741762,-0.210161553548625
0.101570246447474,-0.131610824160506
0.109651059506059,-0.0517830547262306
0.117784026246289,0.0291056468208609
0.125870942810799,0.109115359260163
0.133892938395903,0.187844660487235
0.141851047203839,0.265324034715215
0.149746278921788,0.341583006375555
0.157579619490563,0.416650177590754
0.165352031843422,0.490553263905151
0.173064456616354,0.563319128367507
0.18071781283118,0.634973814053405
0.188312998552683,0.705542575110165
0.195850891520964,0.775049906401971
0.203332349760117,0.843519571828317
0.210758212164293,0.910974631384503
0.218129299062154,0.977437467028917
0.225446412760651,1.042929807418
0.232710338069046,1.10747275156636
0.239921842804025,1.17108679148603
0.247081678276712,1.23379183385604
0.254190579762363,1.29560722077027
0.261249266953473,1.35655174960907
0.268258444396984,1.4166436920775
0.27521880191628,1.47590081245074
0.282131015018572,1.53434038506476
0.288995745288302,1.59197921108867
0.29581364076712,1.64883363461266
-0.0357435373119005,-1.67064756523321
-0.0289308061070544,-1.61393374747084
-0.0220712994015819,-1.55643761118686
-0.0151643703787597,-1.49814286562523
-0.00820935871366771,-1.43903276475314
-0.00120559019443794,-1.37909009124755
0.00584762366986517,-1.3182971398011
0.0129509860553023,-1.25663569971336
0.0201052152436532,-1.19408703673159
0.027311045058177,-1.13063187410283
0.0345692253151987,-1.06625037279724
0.041880522292218,-1.00092211085998
0.0492457192132688,-0.934626061846504
0.0566656167523019,-0.86734057229349
0.0641410335553951,-0.799043338174722
0.071672806782647,-0.729711380288101
0.0792617926706466,-0.659321018516807
0.0869088671164687,-0.587847844904042
0.094614926284186,-0.515266695477061
0.102380887234952,-0.441551620752198
0.110207688581761,-0.366675854848264
0.11809629117005,-0.290611783131129
0.126047678785388,-0.213330908307334
0.13406285888954,-0.134803814879308
0.142142863386297,-0.0550001318690742
0.150275748193703,0.0258847251190596
0.158363588977901,0.105922006325523
0.166386495988357,0.18467836966082
0.174345503729435,0.262184314234953
0.182241622180865,0.338469378811973
0.190075837566813,0.413562179308464
0.19784911309505,0.487490444548708
0.205562389667582,0.560281050370367
0.213216586564075,0.63196005216877
0.220812602099296,0.702552715962569
0.228351314255768,0.772083548058559
0.235833581292727,0.840576323388788
0.243260242332459,0.908054112588793
0.250632117925009,0.974539307881698
0.257950010592211,1.04005364782919
0.265214705351947,1.10461824100682
0.272426970223482,1.16825358865773
0.279587556714699,1.23097960637594
0.286697200292,1.29281564486728
0.29375662083361,1.35378050983348
0.300766523066978,1.41389248102226
0.30772759699095,1.47316933048397
0.314640518283336,1.53162834007311
0.321505948694475,1.58928631823081
0.328324536427376,1.64615961608266
-0.00323460254243044,-1.67338356471402
0.00357754010688387,-1.61668574612699
0.0104364514390312,-1.55920584810092
0.0173427781282834,-1.50092758607304
0.0242971803530671,-1.44183422041417
0.0313003321745714,-1.38190854042394
0.0383529219287176,-1.32113284764581
0.0454556526320604,-1.25948893846797
0.0526092424022194,-1.19695808597412
0.0598144248934685,-1.13352102100617
0.0670719497481451,-1.06915791239866
0.074382583064573,-1.00384834634228
0.0817471078822291,-0.93757130483149
0.089166324684922,-0.870305143148289
0.0966410519227923,-0.802027566331682
0.104172126553983,-0.732715604578954
0.111760404606879,-0.662345587521862
0.119406761763859,-0.590893117317187
0.127112093967557,-0.518333040487443
0.134877318050673,-0.444639418443454
0.142703372390463,-0.369785496616285
0.150591217589044,-0.293743672121346
0.15854183718078,-0.216485459872623
0.166556238368024,-0.13798145705965
0.174635452786614,-0.0582013058941996
0.182768236179227,0.0226787864555665
0.190857011374526,0.102743945071919
0.198880839885734,0.181527674466202
0.206840756521585,0.259060488758985
0.214737771556539,0.335371941156654
0.222572871500238,0.410490661475814
0.230347019837022,0.484444391923005
0.238061157736915,0.557260021223631
0.24571620473937,0.628963617188285
0.253313059411033,0.6995804577993
0.260852599978682,0.769135060895382
0.268335684938485,0.837651212527524
0.2757631536426,0.905151994055089
0.283135826864149,0.971659808046864
0.290454507341497,1.03719640304814
0.297719980302748,1.10178289727128
0.304933013971308,1.16543980126408
0.312094360053342,1.22818703960679
0.319204754207879,1.29004397168629
0.326264916500317,1.35102941159269
0.333275551840022,1.41116164718131
0.340237350402675,1.47045845834075
0.347150988038022,1.5289371345052
0.354017126663604,1.58661449144723
0.360836414645064,1.64350688738549
0.0292748824722882,-1.67611194448039
0.036086451384207,-1.61942971643229
0.0429447823178492,-1.56196564240436
0.0498505218079191,-1.5037034438997
0.0568043298893112,-1.44462638756123
0.0638068804755769,-1.38471726917548
0.0708588617507476,-1.32395839699661
0.0779609765750821,-1.26233157435668
0.0851139429053379,-1.19981808152632
0.0923184942301944,-1.13639865678778
0.099575380021487,-1.0720534766803
0.106885366201948,-1.00676213537503
0.114249235630185,-0.940503623134672
0.121667788603656,-0.873256303809947
0.129141843380467,-0.804997891322326
0.136672236720823,-0.735705425079327
0.144259824449041,-0.665355244265436
0.151905482037062,-0.593922960948191
0.159610105210464,-0.521383431935237
0.167374610578018,-0.447710729314142
0.175199936285895,-0.372878109602493
0.183087042697692,-0.296857981431174
0.191036913101516,-0.219621871678815
0.199050554445414,-0.141140389970122
0.207128998102533,-0.0613831914451135
0.215261661259099,0.0194912432893402
0.22335138006471,0.0995845584379872
0.231376139173554,0.178395928862496
0.239336973700662,0.255955883791853
0.247234894217097,0.33229399096925
0.255070887519789,0.407438894202565
0.262845917371416,0.481418349168764
0.270560925211735,0.554259257566215
0.278216830841658,0.625987699703178
0.285814533081326,0.696628965605365
0.293354910403358,0.766207584720505
0.300838821542385,0.834747354293174
0.308267106081936,0.902271366478821
0.315640585019666,0.968802034261879
0.322960061311888,1.03436111623903
0.330226320398307,1.09896974032519
0.337440130707818,1.16264842643644
0.344602244146178,1.22541710820106
0.35171339656632,1.28729515374688
0.358774308222066,1.34830138561048
0.365785684205907,1.40845409981123
0.372748214871548,1.46777108413071
0.379662576241826,1.52626963563595
0.386529430402615,1.58396657748265
0.393349425883288,1.64087827503268
0.0617850702598706,-1.67882981593025
0.0685960808578698,-1.62216275345546
0.0754538469801635,-1.56471407259345
0.0823590150249185,-1.50646750077944
0.0893122448866089,-1.44740631079044
0.0963142103343447,-1.38751330475742
0.10336559940355,-1.32677079749811
0.110467114801561,-1.26516059913647
0.11761947432774,-1.20266399697308
0.124823411308736,-1.13926173656835
0.132079675049546,-1.0749340019985
0.13938903130108,-1.00966039524178
0.146752262744949,-0.94341991464983
0.154170169496252,-0.876190932456592
0.161643569625162,-0.807951171274043
0.169173299698171,-0.738677679521229
0.176760215339875,-0.668346805729627
0.184405191816256,-0.596934171664434
0.192109124640452,-0.524414644197646
0.199872930202053,-0.450762305864762
0.207697546421045,-0.375950424032684
0.215583933427555,-0.299951418601775
0.22353307426864,-0.222736828160126
0.231545975643406,-0.144277274502805
0.239623668667853,-0.0645424254231894
0.247756193553241,0.0163254909723755
0.255846864165693,0.0964472119246562
0.263872561980192,0.175286469045627
0.271834322419666,0.252873806754538
0.279733156353336,0.329238807410475
0.287570050866933,0.404410128889027
0.295345970002944,0.478415540411494
0.303061855472288,0.551281956720694
0.310718627338726,0.623035470691719
0.31831718467725,0.693701384460611
0.325858406207637,0.763304239148944
0.333343150904267,0.831867843257655
0.340772258583288,0.89941529979911
0.348146550468104,0.965969032232337
0.355466829734162,1.03155080926257
0.362733882033929,1.09618176856268
0.369948476002915,1.15988243947084
0.377111363747566,1.22267276471552
0.384223281315794,1.28457212121613
0.391284949150886,1.34559934000491
0.398297072529484,1.40577272531301
0.405260341984312,1.46511007286141
0.41217543371227,1.52362868739508
0.419043009968512,1.58134539949664
0.425863719447074,1.6382765817138
0.0942961125649263,-1.68153430296381
0.10110658086119,-1.62488196522905
0.107963798354819,-1.56744823059627
0.114868411310616,-1.50921683229291
0.121821079485893,-1.4501710490857
0.128822476508665,-1.39029368930098
0.135873290269188,-1.32956707416613
0.142974223325408,-1.26797302043803
0.150125993322925,-1.20549282228297
0.157329333430089,-1.14210723236972
0.164584992788897,-1.07779644213603
0.171893736982384,-1.01254006118576
0.179256348519228,-0.946317095771848
0.186673627336343,-0.879105926317244
0.194146391320272,-0.810884283923488
0.201675476848217,-0.741629225813131
0.209261739349613,-0.671317109649222
0.216906053889176,-0.599923566671493
0.224609315772437,-0.527423473585101
0.232372441174788,-0.453790923133861
0.240196367795164,-0.378999193285564
0.248082055535514,-0.303020714952407
0.256030487207301,-0.225827038164655
0.264042669266322,-0.147388796610354
0.272119632577233,-0.0676756704482866
0.28025200206422,0.0131849041439348
0.288343631667941,0.093335250020462
0.296370275297936,0.172202609904149
0.304332968686304,0.249817543470253
0.312232723001662,0.326209647757333
0.320070525619747,0.401407594770207
0.327847340864028,0.475439167334047
0.335564110717728,0.548331293293773
0.343221755508569,0.620110078147146
0.35082117456748,0.690800836194637
0.358363246862448,0.760428120284102
0.365848831608632,0.829015750223682
0.3732787688558,0.896586839931967
0.380653880054085,0.963163823390421
0.387974968599024,1.02876847945925
0.395242820356771,1.09342195561438
0.402458204170361,1.15714479065983
0.409621872347815,1.21995693646676
0.41673456113289,1.2818777787875
0.423796991159183,1.34292615719011
0.430809867888312,1.40312038415656
0.437773882032823,1.4624782633852
0.444689709964469,1.52101710733588
0.451558014108453,1.57875375405408
0.458379443324225,1.63570458330835
0.126808160189743,-1.68422254495799
0.133618102767931,-1.62758447573953
0.140474788393691,-1.57016522477866
0.147378863201772,-1.51194853094918
0.154330986815726,-1.45291767885695
0.161331832725968,-1.39305548286822
0.168382088681174,-1.33234427045946
0.175482457093591,-1.27076586485465
0.182633655458846,-1.20830156691439
0.189836416790889,-1.14493213623872
0.197091490072729,-1.08063777144382
0.204399640723645,-1.01539808956985
0.211761651083622,-0.949192104575126
0.219178320915756,-0.881998204869023
0.226650467927451,-0.813794129832907
0.234178928311242,-0.744556945275704
0.241764557306163,-0.674263017767201
0.249408229780567,-0.602887987788743
0.257110840837431,-0.530406741637312
0.264873306443152,-0.456793382014884
0.272696564080979,-0.38202119723077
0.280581573430213,-0.306062628939997
0.288529317072424,-0.228889238335912
0.296540801225985,-0.150471670709887
0.304617056510277,-0.070779618285397
0.312749254497137,0.0100728331361316
0.320841849256102,0.0902519926386774
0.328869444804998,0.169147641487357
0.336833077186038,0.246790354662961
0.344733757868158,0.323209743931505
0.352572474517997,0.398434495473536
0.360350191740879,0.472492405763184
0.368067851793184,0.545410415791191
0.375726375267428,0.617214643720416
0.383326661751284,0.687930416056927
0.390869590461743,0.757582297414839
0.398356020855515,0.826194118948316
0.405786793216743,0.893789005519894
0.413162729223027,0.96038940167013
0.420484632490708,1.02601709644985
0.427753289100337,1.09069324717265
0.434969468103156,1.15443840214213
0.442133922009435,1.21727252240497
0.449247387259431,1.27921500257831
0.456310584677695,1.34028469079713
0.463324219911448,1.40049990782449
0.470288983853673,1.4598784653656
0.477205553051576,1.51843768362393
0.484074590101001,1.57619440813585
0.490896744027387,1.63316502591802
0.159321362836105,-1.6868916997192
0.166130796833544,-1.63026742789513
0.172986967912338,-1.57286218292741
0.179890522080632,-1.5146597091845
0.186842118831759,-1.45564329695474
0.19384243152217,-1.39579576648263
0.200892147762701,-1.3350994513267
0.20799196982374,-1.2735361810055
0.21514261505489,-1.21108726289567
0.22234481631976,-1.14773346334428
0.229599322446542,-1.0834549879554
0.236906898695056,-1.01823146100846
0.244268327241011,-0.952041903963415
0.25168440767823,-0.884864713005141
0.259155957539651,-0.81667763557657
0.266683812837965,-0.747457745847034
0.274268828626759,-0.67718141905902
0.281911879583134,-0.605824304693055
0.289613860612771,-0.533361298386711
0.297375687478498,-0.459766512539712
0.305198297453465,-0.385013245532867
0.313082650000087,-0.30907394948396
0.321029727475986,-0.231920196458827
0.329040535868234,-0.153522643050571
0.337116105557265,-0.0738509932342279
0.345248117080622,0.00699260039467046
0.353341682131078,0.0872007315700308
0.361370234688648,0.166124825489393
0.369334811106276,0.243795472472316
0.377236423153814,0.320242299044571
0.385076058789389,0.395494005593842
0.392854682900755,0.469578402273769
0.400573238018013,0.542522443250648
0.408232644999019,0.614352259381365
0.415833803688729,0.685093189405771
0.423377593553664,0.754769809731679
0.4308648742926,0.823405962886026
0.438296486424561,0.891024784701356
0.445673251855104,0.957648730302732
0.452995974421865,1.02329959895637
0.46026544042026,1.08799855783776
0.467482419110206,1.15176616477366
0.47464766320468,1.21462239000926
0.481761909340884,1.27658663704906
0.488825878534763,1.33767776261687
0.495840276619569,1.39791409577835
0.502805794669148,1.45731345626651
0.509723109406573,1.51589317204894
0.516592883598734,1.57367009617292
0.523415766437457,1.63066062292285
0.191835868948412,-1.68953894641198
0.198644812037719,-1.63292798646902
0.205500486431988,-1.57553625520817
0.212403538016338,-1.51734750233512
0.219354626157561,-1.45834502365828
0.226354424081922,-1.39851164513257
0.233403619266296,-1.33782970622534
0.240502913843202,-1.27628104257067
0.247653025020318,-1.21384696787627
0.254854685515131,-1.15050825504498
0.262108644005348,-1.08624511647109
0.269415665595792,-1.02103718346882
0.276776532302482,-0.954863484788223
0.284192043554688,-0.887702424170792
0.291663016715746,-0.819531756894459
0.299190287623501,-0.750328565254375
0.306774711151249,-0.680069232922773
0.314417161790143,-0.608729418127656
0.322118534254036,-0.536284025586351
0.329879744107821,-0.462707177125932
0.337701728420355,-0.387972180918325
0.345585446443155,-0.31205149925324
0.353531880316069,-0.234916714767234
0.361542035801241,-0.156538495041921
0.369616943046726,-0.0768865554786956
0.377748754389145,0.0039474969185779
0.385843293833429,0.0841847269548154
0.393872807469697,0.163137391753151
0.401838331961905,0.24083609698878
0.4097408793811,0.317310483963785
0.417581437977178,0.392589267289245
0.425360972920593,0.466700270814266
0.433080427015434,0.53967046189637
0.440740721385164,0.611525984101872
0.448342756132288,0.682292188419528
0.455887410973115,0.751993663065721
0.463375545848745,0.820654261954769
0.470808001513335,0.888297131903589
0.478185600100652,0.954944738635876
0.485509145669873,1.02061889164714
0.492779424731528,1.08534076798839
0.499997206754451,1.14913093502299
0.507163244654564,1.21200937220791
0.514278275266252,1.27399549194796
0.521343019797088,1.33510815956863
0.528358184266589,1.39536571245074
0.535324459929693,1.45478597836753
0.542242523685565,1.51338629306293
0.549113038472366,1.57118351710713
0.555936653648536,1.62819405206414
0.224351825558236,-1.69216148846044
0.231160295928407,-1.63556334101481
0.23801549202301,-1.57818461709515
0.244918059607849,-1.52000907158151
0.25186865792698,-1.46102000563419
0.258867960080397,-1.40120025074491
0.265916653415035,-1.34053215211045
0.273015439929674,-1.27899755129515
0.280165036694319,-1.21657776814623
0.287366176284697,-1.15325358192437
0.294619607232527,-1.08900521160937
0.301926094492252,-1.02381229533853
0.309286419924957,-0.957653868932958
0.316701382800251,-0.890508343464129
0.324171800316904,-0.822353481810346
0.331698508143098,-0.753166374149634
0.339282360977179,-0.682923412332355
0.34692423312985,-0.611600263073299
0.354625019128806,-0.539171839899374
0.362385634346838,-0.465612273784936
0.370207015654536,-0.390894882402587
0.378090122098722,-0.314992137912687
0.386035935607872,-0.237875633209898
0.394045461725802,-0.15951604653985
0.402119730375006,-0.0798831043933655
0.410251329166816,0.000940778722781977
0.418346846068268,0.0812072037782166
0.426377323828471,0.160188534797748
0.434343799422343,0.237915392812666
0.442247285222085,0.314417433902133
0.450088769769323,0.389723386901669
0.457869218517184,0.463861089357174
0.465589574543721,0.536857521818972
0.473250759237988,0.60873884056462
0.480853672960025,0.67953040883382
0.488399195675923,0.749256826653772
0.495888187569104,0.817941959328619
0.50332148962886,0.885608964662279
0.51069992421718,0.952280318979876
0.51802429561479,1.01797784200917
0.525295390547348,1.08272272067982
0.532513978692629,1.14653553189502
0.53968081316952,1.20943626432689
0.546796631009617,1.27144433928409
0.553862153612151,1.33257863069738
0.560878087182939,1.39285748426646
0.567845123158043,1.45229873580863
0.574763938612763,1.51091972884803
0.581635196656571,1.5687373314818
0.588459546814563,1.62576795255758
0.256869378130496,-1.69475655642032
0.263677394467469,-1.63817070875193
0.27053213115004,-1.58080447227011
0.277434233828528,-1.52264160686107
0.284384361628194,-1.46366541886333
0.291383187526799,-1.40385874512605
0.298431398745498,-1.34320393639023
0.305529697153603,-1.281682839959
0.312678799687834,-1.21927678162132
0.319879438786676,-1.15596654679119
0.327132362840503,-1.09173236082245
0.334438336658154,-1.02655386845678
0.341798141950695,-0.960410112360064
0.349212577833131,-0.893279510699549
0.356682461344874,-0.825139833711487
0.364208627989805,-0.755968179205757
0.371791932296839,-0.685740946950832
0.379433248401917,-0.614433811878894
0.387133470652432,-0.542021696047231
0.394893514235119,-0.468478739288019
0.402714315828518,-0.393778268474364
0.410596834281179,-0.317892765325883
0.418542051316824,-0.24079383267221
0.426550972267774,-0.162452159087577
0.434624626838002,-0.082837481803943
0.442756002171194,-0.00202432364900199
0.450852498531864,0.0782713483927031
0.458883942432511,0.157281410373397
0.466851371140313,0.235036485640905
0.474755797328263,0.31156624503641
0.482598209829366,0.386899431605698
0.490379574379092,0.46106389657812
0.498100834329142,0.534086633684255
0.50576291133386,0.605993811901108
0.513366706010531,0.676810806708252
0.520913098574759,0.746562229933305
0.528402949452022,0.815271958260487
0.535837099866504,0.882963160471585
0.543216372408172,0.949658323484603
0.550541571579082,1.01537927725155
0.557813484319806,1.08014721857328
0.56503288051685,1.14398273388587
0.572200513491878,1.20690582107009
0.579317120473513,1.26893591033241
0.586383423052466,1.33009188420329
0.593400127620688,1.3903920966961
0.60036792579521,1.44985439166742
0.607287494827316,1.5084961204172
0.614159497997649,1.56633415856544
0.620984584997825,1.62338492223968
0.289388670411376,-1.69732141081863
0.296196251878096,-1.64074733741819
0.303050548518891,-1.58339305548798
0.30995220587255,-1.525242329747
0.316901882949593,-1.46627847153303
0.323900252609725,-1.40648432286783
0.330948001952603,-1.34584223984563
0.338045832722478,-1.2843340753111
0.345194461727315,-1.22194116079101
0.352394621273015,-1.15864428764187
0.359647059613395,-1.09442368737355
0.366952541416619,-1.02925901110663
0.374311848248804,-0.963129308118439
0.381725779075573,-0.89601300343056
0.389195150782347,-0.82788787438722
0.396720798714239,-0.758731026171303
0.404303577236428,-0.688518866201269
0.411944360315964,-0.617227077348879
0.419644042125984,-0.544830589913861
0.427403537673394,-0.471303552287689
0.435223783451115,-0.396619300234378
0.443105738116043,-0.320750324711625
0.451050383193981,-0.243668238150746
0.4590587238128,-0.16534373910859
0.46713178946523,-0.0857465751989828
0.475262932387669,-0.00494449731174487
0.483360408740119,0.075380305071345
0.49139281976615,0.154419132047495
0.499361202582509,0.232202458885309
0.507266570162292,0.308759971157099
0.515109911629228,0.384120426089498
0.522892193000493,0.458311688567286
0.530614357900827,0.531360765474616
0.538277328249279,0.603293838462526
0.545882004919819,0.674136295226254
0.553429268377015,0.743912759370787
0.560919979287891,0.81264711893847
0.568354979111017,0.880362553668051
0.57573509066386,0.947081561050509
0.58306111866934,1.01282598124316
0.590333850282502,1.07761702089997
0.597554055598157,1.14147527597273
0.604722488140333,1.20442075353453
0.611839885334283,1.26647289267406
0.618906968961823,1.32765058450666
0.62592444560067,1.38797219134532
0.632893007048473,1.44745556507243
0.639813330732162,1.50611806475102
0.646686080103227,1.56397657351182
0.653511905019492,1.62104751475075
0.321909844278152,-1.69985334495862
0.328717010494158,-1.64329050808701
0.335570886925424,-1.58594763540649
0.342472119003272,-1.5278084962906
0.349421365627664,-1.46885640689222
0.356419299544542,-1.40907421421559
0.363466607736477,-1.34844427951176
0.370563991827193,-1.28694846096393
0.377712168500564,-1.22456809562689
0.384911869934701,-1.16128398058275
0.392163844251798,-1.09707635327314
0.399468855984416,-1.03192487096547
0.406827686558944,-0.965808589308481
0.414241134796995,-0.898705939929593
0.421710017435532,-0.830594707023776
0.429235169666595,-0.761452002880523
0.436817445697495,-0.691254242292333
0.44445771933243,-0.619977115784612
0.45215688457651,-0.547595561603164
0.459915856263232,-0.474083736391487
0.467735570706508,-0.399414984485824
0.475616986378408,-0.323561805751343
0.483561084613849,-0.246495821877939
0.491568870343513,-0.168187741048899
0.49964137285638,-0.0886073208900501
0.507772277298219,-0.00781644640506404
0.515870731859132,0.0725371725959334
0.523904109962177,0.151604767825767
0.531873446862345,0.229416350326153
0.539779755831824,0.306001620353804
0.547624026284096,0.381389349271542
0.555407224517108,0.455607415576884
0.563130294427737,0.528682839266735
0.570794158198866,0.60064181462714
0.578399716960312,0.67150974153167
0.585947851424803,0.74131125532698
0.593439422500125,0.810070255379383
0.600875271878484,0.877809932351914
0.608256222604124,0.944552794277262
0.615583079620132,1.01032069148812
0.622856630295348,1.07513484046297
0.630077644932239,1.1390158466419
0.637246877256567,1.20198372626407
0.644365064889615,1.2640579272753
0.651432929803715,1.32525734935179
0.658451178761786,1.38560036308311
0.66542050374155,1.44510482835547
0.672341582345061,1.50378811197387
0.679215078194143,1.56166710455958
0.686041641312341,1.61875823675758
0.354433039591073,-1.7023496876875
0.361239810611627,-1.64579753794674
0.368093287106499,-1.5884655173774
0.374994114403728,-1.53033739982443
0.381942951297008,-1.47139650606683
0.388940470422928,-1.41162568789603
0.395987358651508,-1.3510073115182
0.403084317490607,-1.28952324024664
0.410232063504798,-1.22715481644869
0.41743132874933,-1.16388284270933
0.424682861219839,-1.09968756217156
0.431987425318501,-1.03454863801133
0.439345802337342,-0.968445132002174
0.446758790959484,-0.901355482122146
0.45422720777912,-0.833257479152712
0.461751887841071,-0.764128242216321
0.469333685200806,-0.693944193196035
0.476973473505887,-0.622681029977155
0.484672146599795,-0.550313698447084
0.492430619149214,-0.476816363185648
0.500249827295849,-0.402162376773893
0.508130729333959,-0.32632424764476
0.516074306414805,-0.249273606394178
0.524081563279348,-0.170981170465886
0.532153529020515,-0.0914167071176332
0.540284192140301,-0.0106369808083446
0.548383620538003,0.0697450008837807
0.556417964635764,0.148841336812325
0.564388254574981,0.226681148804877
0.572295503925609,0.303294151740019
0.5801407023896,0.37870913105688
0.587924816544432,0.452953978808372
0.595648790557928,0.526055728049217
0.603313546875651,0.598040585647833
0.610919986882152,0.668933963605691
0.618468991537247,0.738760508962772
0.625961421988443,0.807544132363018
0.633398120160584,0.87530803534932
0.640779909323722,0.942074736453468
0.648107594640174,1.00786609614267
0.655381963691671,1.07270334068072
0.662603786987466,1.13660708495839
0.669773818454211,1.19959735434483
0.676892795908399,1.26169360560837
0.68396144151209,1.3229147469528
0.690980462212645,1.38327915721238
0.697950550167121,1.4428047042465
0.704872383151976,1.50150876257271
0.711746624958686,1.5594082302746
0.718573925775844,1.61651954521903
0.386958394047431,-1.70480780612435
0.393764790342212,-1.64826578303974
0.400617887593183,-1.59094404619672
0.407518331029382,-1.53282637372404
0.414466779342641,-1.473896090833
0.42146390506472,-1.41413605390214
0.428510394957738,-1.35352863388593
0.43560695041847,-1.29205569901411
0.442754287897101,-1.2296985967457
0.449953139331074,-1.16643813494014
0.457204252594667,-1.10225456220562
0.464508391965018,-1.0371275473823
0.471866338605294,-0.971036158115676
0.479278891065794,-0.903958838472709
0.486746865803771,-0.835873385550405
0.494271097722833,-0.766756925023552
0.501852440732797,-0.696585885575061
0.509491768330957,-0.62533597214888
0.517189974205736,-0.552982137961741
0.524947972863773,-0.479498555206023
0.532766700281547,-0.404858584371747
0.540647114582697,-0.329034742111199
0.548590196742259,-0.251998667564736
0.556596951319125,-0.173721087061129
0.564668407218078,-0.0941717771001746
0.572798829508993,-0.0134029986599485
0.580899224744107,0.0670067876570858
0.588934532720838,0.146131805912459
0.596905773634796,0.223999790959717
0.604813961352053,0.300640472221004
0.612660085861433,0.376082649136699
0.620445114018415,0.450354227243138
0.628169990260275,0.523482252583852
0.635835637293827,0.595492944543431
0.643442956756967,0.666411727187736
0.65099282985526,0.736263259189125
0.658486117974639,0.805071462410672
0.665923663271332,0.872859549218967
0.67330628923999,0.939650048590975
0.68063480126099,1.00546483107664
0.687909987127824,1.0703251326753
0.69513261755543,1.13425157768064
0.702303446670293,1.19726420054587
0.70942321248309,1.25938246681769
0.716492637344618,1.32062529318505
0.723512428385716,1.3810110666861
0.730483277941847,1.44055766311421
0.737405863962974,1.49928246466175
0.744280850409347,1.55720237683831
0.751108887633766,1.61433384469779
0.419486043037976,-1.70722510834602
0.426292085469364,-1.65069264095868
0.433144824566326,-1.59338060881172
0.440044905463288,-1.53527279412565
0.446992986754729,-1.47635252634582
0.453989740872214,-1.41660266623301
0.461035854474722,-1.35600558927842
0.468132028852839,-1.29454316840949
0.475278980347396,-1.23219675595086
0.482477440783204,-1.16894716480269
0.48972815791851,-1.10477464879658
0.49703189591089,-1.03965888218679
0.50438943580029,-0.973578938231936
0.511801576009989,-0.906513266819996
0.519269132866276,-0.838439671086117
0.526792941137694,-0.769335282970129
0.534373854594748,-0.69917653765716
0.542012746590991,-0.627939146841367
0.549710510666514,-0.555598070749091
0.557468061174847,-0.48212748885373
0.565286333934392,-0.407500769210413
0.573166286905541,-0.331690436333992
0.581108900894709,-0.254668137538949
0.589115180286566,-0.176404607654644
0.597186153805849,-0.0968696320236508
0.605316338844299,-0.016111487842975
0.613417691600974,0.0643254751587399
0.621453960309092,0.143479086582031
0.629426149115498,0.221375158008068
0.63733527218041,0.298043433308537
0.645182319777627,0.373512725834878
0.652968259038785,0.447810954520323
0.660694034668847,0.520965178314163
0.668360569634152,0.593001629037446
0.675968765824291,0.663945742743878
0.683519504688965,0.733822189664688
0.691013647850989,0.802654902811468
0.698452037696472,0.870467105306661
0.70583549794321,0.937281336507208
0.713164834188236,1.00311947698311
0.720440834435441,1.06800277240901
0.727664269604135,1.13195185642355
0.73483589401936,1.19498677250828
0.741956445884742,1.25712699493464
0.749026647738617,1.31839144882517
0.756047206894147,1.37879852937228
0.763018815864076,1.4383661202555
0.769942152770786,1.49711161129605
0.776817881742248,1.55505191538522
0.783646653294444,1.61220348472127
0.452016119505807,-1.70959904602845
0.458821829306772,-1.65307555349774
0.465674231714668,-1.59577263698208
0.472573971773797,-1.53767408259756
0.479521707985893,-1.47876322382096
0.486518112687062,-1.41902292558601
0.493563872438012,-1.35843556770438
0.500659688428143,-1.29698302757776
0.507806276894081,-1.23464666216536
0.515004369553297,-1.17140728916918
0.522254714053449,-1.10724516739715
0.529558074438155,-1.04213997626198
0.536915231629904,-0.976070794370896
0.544326983930888,-0.909016077159048
0.55179414754254,-0.84095363351619
0.559317557104634,-0.77186060135353
0.566898066254835,-0.701713422054164
0.574536548209639,-0.630487813747166
0.582233896367684,-0.558158743341633
0.589991024936481,-0.48470039725306
0.597808869583666,-0.410086150750134
0.605688388113928,-0.334288535845502
0.613630561172837,-0.257279207649179
0.62163639297887,-0.17902890909804
0.629706912085001,-0.0995074339691999
0.637836866447105,-0.0187595135484658
0.645939165228994,0.061703946918443
0.653976390491803,0.140886031627278
0.661949523093044,0.218810072579372
0.669859577484798,0.295505827986292
0.677707544223629,0.371002125005294
0.685494390715198,0.445326895865476
0.693221061930087,0.518507212324882
0.700888481092171,0.590569318547839
0.708497550340797,0.661538662486393
0.716049151367943,0.731439925844629
0.723544146031494,0.800297052699986
0.730983376945693,0.868133276851278
0.738367668049791,0.934971147959003
0.745697825155835,1.00083255653971
0.752974636476532,1.06573875787262
0.760198873134023,1.1297103948733
0.76737128965042,1.19276751998614
0.774492624420856,1.25492961614428
0.78156360016981,1.31621561684317
0.788584925880878,1.3766427902073
0.795557204537834,1.43618387915509
0.802480746161292,1.4947787236686
0.809355616230006,1.55237959952831
0.816181780680767,1.60895276106753
0.48454875380787,-1.71192711704132
0.4913541525595,-1.65541200925651
0.498206240095607,-1.5981176098932
0.505105661374947,-1.54002770876289
0.512053074811215,-1.4811256431671
0.519049152649894,-1.42139428199896
0.52609458135839,-1.36081600916998
0.533190062030027,-1.29937270632805
0.540336310802478,-1.23704573483123
0.547534059291278,-1.17381591693955
0.554784055039055,-1.10966351618515
0.562087061981187,-1.04456821687833
0.569443860928592,-0.978509102704946
0.576855250068434,-0.911464634367846
0.584322045483527,-0.843412626222012
0.591845081691299,-0.7743302218503
0.599425212203197,-0.704193868523241
0.607063310105473,-0.632979290482993
0.614760268662337,-0.560661460987784
0.622517001942527,-0.48721457304924
0.630334445470379,-0.412612008790735
0.63821355690258,-0.336826307350345
0.646155316731799,-0.259829131247124
0.654160729018518,-0.18159123112417
0.662230822152405,-0.102082408776359
0.670360554883175,-0.0213442294562044
0.678463786589112,0.0591450245729846
0.68650196320464,0.138355432058853
0.694476034491553,0.216307295602307
0.702387015191194,0.293030387629582
0.71023589614038,0.368553548983543
0.718023645016365,0.442904725073709
0.725751207052998,0.516111000355979
0.733419505729419,0.588198631231414
0.741029443432532,0.659193077447991
0.748581902094463,0.729119032084206
0.756077743806106,0.798000450188687
0.763517811407844,0.865860576145576
0.770902929058451,0.932721969831335
0.778233902783118,0.998606531624783
0.785511521001555,1.06353552292083
0.792736514491766,1.12750586853736
0.799909249959145,1.19043993971208
0.807029607327418,1.25226362013128
0.814097286262869,1.31292876310593
0.821111929042517,1.37240310570856
0.828073245666517,1.4306678188569
0.834980921461201,1.48771078254622
0.841834764671557,1.54352878064658
0.84863481858522,1.59812709569139
0.517084073579217,-1.71420686799357
0.523889183187899,-1.65769954619412
0.530740977998757,-1.60041305671907
0.537640102889673,-1.54233119287142
0.544587216191096,-1.48343729556679
0.551582990062814,-1.42371423744019
0.558628110883999,-1.36314440627816
0.565723279657107,-1.30170968774243
0.572869212426213,-1.23939144734967
0.580066640710425,-1.1761705116696
0.587316311953007,-1.1120271487016
0.594618989986927,-1.0469410473877
0.601975455517534,-0.980891296217294
0.609386506623139,-0.913856360876098
0.616852959274298,-0.845814060889402
0.624375647872645,-0.776741545206231
0.631955425810152,-0.706615266668044
0.63959316604978,-0.63541095530206
0.647289761728478,-0.563103590375575
0.655046126783591,-0.489667371143702
0.662863196603776,-0.41507568621869
0.670741928705565,-0.339301081484464
0.67868330343683,-0.262315226475121
0.686688324708417,-0.184088879130899
0.694758020755318,-0.104591848839543
0.702887543424181,-0.02386285756066
0.710991693329691,0.0566514647445212
0.719030815075648,0.135890014003888
0.72700581893239,0.213869523250026
0.734917719927605,0.290619778983191
0.74276750917555,0.366169635596781
0.750556154622347,0.440547051550979
0.75828460176248,0.513779123874862
0.7659537743278,0.585892121086388
0.773564574950304,0.656911514614254
0.781117885799876,0.726862008800579
0.788614566248141,0.795764942906453
0.796055186887176,0.863559118240067
0.803439423104039,0.930122673643923
0.810766475307775,0.995376089061996
0.818035533446916,1.05927300636488
0.825245889790463,1.12178767569352
0.832397050792803,1.18290964674485
0.839488660888843,1.24263792831614
0.846520654872206,1.30098141132949
0.853493027835085,1.3579516405867
0.860405879505765,1.41356424306209
0.867259528277989,1.46783908166834
0.87405423555641,1.52079572440312
0.880790371165503,1.57245533218235
0.549622203600135,-1.71643589672777
0.556427046274414,-1.65993575413164
0.563278570812439,-1.60265655913279
0.570177422015965,-1.54458210831827
0.57712425813708,-1.48569574600354
0.584119751254893,-1.42598034834413
0.591164587665498,-1.36541830677284
0.598259468285785,-1.30399151072885
0.605405109071684,-1.24168132964302
0.612602241451481,-1.17846859414196
0.619851612774848,-1.11433357643083
0.627153986778277,-1.04925596981288
0.634510144067657,-0.983214867301015
0.641920882618737,-0.916188739273976
0.649387018296291,-0.8481554101272
0.656909385392823,-0.779092033864963
0.664488837187704,-0.708975068577511
0.672126246527682,-0.637780249743246
0.679822506429738,-0.565482562292393
0.687578530707348,-0.492056211364584
0.695395254621238,-0.417474591688576
0.703273635555787,-0.341710255507744
0.71121465372232,-0.264734878970143
0.719219312890556,-0.186519226896696
0.727288641149601,-0.107033115835454
0.735417967287216,-0.0263127100269059
0.743523019636716,0.0542259559806584
0.751563079276567,0.133492435679851
0.75953900858658,0.211499383947181
0.767451822877571,0.288276601200965
0.775302513538115,0.363852955235314
0.783092048780189,0.438256417417128
0.790821319876688,0.511493453335894
0.798490018002221,0.58340010911052
0.806096210822323,0.653814162324475
0.813637999277634,0.722658911305197
0.821114017739376,0.789902500705863
0.828523438353255,0.855538256599853
0.835865899409934,0.919575115447221
0.843141339701331,0.982030407779334
0.850350055215703,1.04292875990402
0.85749229995876,1.10229482586333
0.864568758120642,1.16015988230649
0.871579813740971,1.21655063199261
0.878526401366274,1.2715010692618
0.885409164091406,1.32504084513989
0.892228800818645,1.37719972594919
0.898986149452683,1.42800872577553
0.905682216603022,1.47750019070994
0.91231749121733,1.52569987727625
0.582163265666283,-1.71861185476109
0.588967863893431,-1.66211827720039
0.595819140893221,-1.60484575376238
0.602717741396111,-1.54677808410739
0.609664323580789,-1.48789861573297
0.616659559450787,-1.42819022809025
0.623704135224364,-1.3676353160259
0.630798751738231,-1.30621577251625
0.637944124865717,-1.24391297065798
0.645140985949989,-1.18070774487771
0.652390082252988,-1.11658037132065
0.659692177420769,-1.05151054737633
0.667048051965971,-0.985477370296583
0.674458503768175,-0.91845931485858
0.681924348592955,-0.850434210022814
0.68944642063047,-0.781379214532789
0.697025573054475,-0.711270791400086
0.7046626786027,-0.640084681214906
0.712358630179578,-0.567795874218538
0.720114341482362,-0.494378581070233
0.727930747651733,-0.419806202236707
0.735808805948052,-0.344051295927965
0.743749496454483,-0.267085544498264
0.751753822808279,-0.188879719225811
0.759822812961593,-0.109403643379186
0.767951958183101,-0.0286911684061716
0.776057896087526,0.0518711157601099
0.784098885377666,0.131165284433926
0.792075024680098,0.209107428718856
0.799980978880112,0.285308601809973
0.80781154072147,0.359617411304523
0.815564876151505,0.432022254444385
0.823240753301925,0.502547744317955
0.830839646313523,0.571230682357743
0.838362318505897,0.638111766326378
0.845809858574778,0.703235112845774
0.853183247756496,0.766642635823148
0.860483661650959,0.828377524827537
0.867712244653308,0.888481609631304
0.874870037654675,0.94699459350377
0.88195822794329,1.00395671999331
0.888977973676278,1.059406922816
0.895930399060178,1.11338282487977
0.902816504600038,1.16591996052189
0.909637332001198,1.2170533670525
0.916393935799579,1.26681732667744
0.923087345623547,1.31524504680955
0.92971856651953,1.36236869789846
0.93628855428568,1.4082192463882
0.942798253817127,1.45282680992286
0.614698742527664,-1.72080557012678
0.621502749420283,-1.66432161319087
0.628353418480762,-1.60705897691015
0.635251352470582,-1.54900185741532
0.642197164251787,-1.49013404013993
0.649191537680226,-1.4304383128581
0.65623519377744,-1.36989675610935
0.663328828906314,-1.30849132078233
0.670473123038668,-1.24620374906731
0.677668798969902,-1.18301498256055
0.68491660163482,-1.1189053452962
0.692217285203825,-1.05385465847725
0.699571516076605,-0.987843245512954
0.706980048389178,-0.920850094972771
0.714443691695479,-0.852853163781963
0.721963235134519,-0.783830185247386
0.729539297730726,-0.713760373020232
0.737172652636508,-0.642620774534372
0.744863840035033,-0.570390883076686
0.752613377572558,-0.497050283248287
0.760421382628321,-0.422584008349202
0.768287343147482,-0.346987665517119
0.776209324050533,-0.270286603134549
0.784182348171578,-0.192606124403753
0.792199660144575,-0.114332354327316
0.800255024274219,-0.0357074998804822
0.808268637183471,0.0419932592799979
0.816197160815871,0.117638708946822
0.824041702677275,0.19124692336766
0.831803792714092,0.262873686132307
0.839484920092545,0.332572810146405
0.847086534630162,0.400396223534835
0.854610048165022,0.466394051090429
0.862056835865986,0.530614691535397
0.869428237486945,0.593104890844661
0.876725558567912,0.653909811863481
0.883950071585668,0.713073100436195
0.891103017056459,0.770636948248511
0.898185604593135,0.826642152572463
0.90519901391897,0.881128173090793
0.912144395840275,0.934133185966091
0.919022873179795,0.985694135309389
0.925835541672782,1.03584678219307
0.932583470827509,1.08462575134376
0.939267704751914,1.13206457564245
0.945889262947957,1.178195738551
0.952449141075198,1.22305071457713
0.958948311685003,1.26666000788274
0.965387724926739,1.30905318913437
0.971768309227224,1.3502589306885
