3.485408959689124675e-01,8.351100545952963583e-02,-6.953028258395197447e+00,-1.152426334503006089e+01,3.796673522748993612e+00,5.995906460331957177e+00,-1.862275769522072721e+01,9.399049852037943964e+00,1.808316971881040658e+01,2.906378484355614944e+01,4.506943216229081628e+01,-2.524064757592987718e+01,-1.890559878226191870e+01,6.705822729894271106e+01,-4.677248303418060971e+01,-5.464590962809162278e+01,-6.277514259429719345e+01,-9.198385623865468119e+01,7.102282730507094755e+01,1.935384005867367208e+01,-1.128406813797069645e+02,9.733033015445661817e+01,8.272280287807863886e+01,8.848001199095311620e+01,1.188707789679462934e+02,-1.156094390850974207e+02,2.266474414328352616e+00,1.116313056472746297e+02,-1.175968979046033951e+02,-8.300588444815966227e+01,-8.739666966879704546e+01,-9.825939161158908064e+01,1.160273397421132273e+02,-2.300964732165230231e+01,-6.781454576278358104e+01,9.096692251277899288e+01,5.834311557041209539e+01,5.725497262516158514e+01,4.712146969078431624e+01,-6.861656491491972076e+01,2.072092138876760004e+01,2.365805929695450160e+01,-4.462548674914648217e+01,-2.671104965695583644e+01,-1.882400633143178581e+01,-9.434165379312878130e+00,1.898268845199554633e+01,-6.427072686414455838e+00,-3.426328857434595143e+00,1.145013206448044940e+01,6.314461529183803101e+00
-1.239396131211314156e+01,6.870921388139469288e-01,-1.807570124359695001e+02,-2.467013425683807668e+02,1.265227692253494070e+02,1.068214733564468872e+02,-3.991480195182420516e+02,2.143144376994227116e+02,3.706724813954211868e+02,7.129493778360841816e+02,9.816430734136939691e+02,-6.928560405536206872e+02,-3.387016600027835125e+02,1.459925959306316145e+03,-1.032348493809522552e+03,-1.142066512036264157e+03,-1.460790439706222742e+03,-2.011838982141921633e+03,1.756565222607718852e+03,3.448780897470821287e+02,-2.519090583665386021e+03,2.128682619314497970e+03,1.779830528644644119e+03,1.972533779517206085e+03,2.597300600504077011e+03,-2.682305407809063581e+03,4.869500626541751842e+01,2.596903225469336576e+03,-2.570174242761102050e+03,-1.854568453738246717e+03,-1.880584740348438345e+03,-2.148416293602595033e+03,2.587485432189550920e+03,-4.234182483085604076e+02,-1.687682760671875940e+03,1.990167874571251559e+03,1.365318368605984915e+03,1.198325196993527697e+03,1.039710187896544994e+03,-1.493359827633652003e+03,3.776953148553549795e+02,6.588809353273951501e+02,-9.721898335135581419e+02,-6.622885818867561056e+02,-3.866509723453733613e+02,-2.150280254806428104e+02,4.068658810189617725e+02,-1.160813443921021957e+02,-1.185734774451683933e+02,2.451290871561677136e+02,1.670119607626586742e+02
1.251059859861773371e-01,-1.090731242656756000e-01,1.569843081328783683e+02,1.068212730734303761e+01,-1.156796638629652989e+02,1.193719859031410948e+02,-7.863820914441430432e+01,-3.792168592950307282e+00,1.194469954541781931e+02,-5.612766062875431317e+02,-8.517920787269106597e+01,4.819238052400565948e+02,-4.902781435587575629e+02,3.299759908422024068e+02,-4.323381774722305337e+00,-4.463180049690035958e+02,1.013988594550120752e+03,2.211176595440813628e+02,-9.649780595001649317e+02,9.733005626731820712e+02,-6.621178868867903020e+02,2.887105636112078244e+01,8.382562489090810232e+02,-1.188110561465426827e+03,-3.015787395663695065e+02,1.187656604320859287e+03,-1.192363717729875589e+03,8.120404047516783521e+02,-3.499180342108263631e+01,-1.016863825836745150e+03,9.579692733059912371e+02,2.375288893033123827e+02,-9.451686185925229893e+02,9.476422895466000682e+02,-6.391701123889250766e+02,4.465621759785110889e+00,8.432329730271018207e+02,-5.044007850104296153e+02,-1.005272949217315670e+02,4.599533774462267957e+02,-4.619933084435539286e+02,3.046622365273981927e+02,2.274228871362588222e+01,-4.528588510697450147e+02,1.347408298491874348e+02,1.577668527539833399e+01,-1.066346692962534348e+02,1.075701302602293197e+02,-6.818755728012686745e+01,-1.522178018912032194e+01,1.226564622069087136e+02
2.290422033946501568e+00,-3.255619470414357342e-02,2.668558173229453701e+02,1.675177258953229966e+02,-2.967115157022769267e+02,1.967356940884195637e+02,-6.677980150672306081e+01,-2.828120159800239364e+01,1.070386480457515432e+02,-1.019884938600506416e+03,-6.397883751097303957e+02,1.156727194795630112e+03,-7.502612382764622225e+02,2.632785627408705409e+02,1.495035614223854736e+02,-4.611881446603347854e+02,1.992853114955746150e+03,1.182006192836653781e+03,-2.203631642939395533e+03,1.419467197317927230e+03,-5.136273942827715473e+02,-3.376072228294102615e+02,9.604025945570230078e+02,-2.534577333706203717e+03,-1.329575191890999349e+03,2.625934013371075253e+03,-1.690573675042659033e+03,6.335173864267295585e+02,4.580754045223642379e+02,-1.244252024359240750e+03,2.209998429403518912e+03,9.397627729602565978e+02,-2.054498172149906623e+03,1.323770677539911048e+03,-5.111874708163088599e+02,-4.141295604810788973e+02,1.071008907236986261e+03,-1.247437043962103189e+03,-3.791390570039250747e+02,9.949869569201574677e+02,-6.388623642963210614e+02,2.508489795209800661e+02,2.439655103940648360e+02,-5.860898364926430304e+02,3.526686493976111478e+02,6.073633642534214516e+01,-2.323579365614882590e+02,1.460406869830592314e+02,-5.797041607479758341e+01,-7.427487116348127927e+01,1.591995881282861944e+02
4.907337889078517534e+00,4.957316041929809430e-02,1.798588171282512604e+01,2.025647872299352628e+02,-3.633087484284052948e+01,-1.980801282319112033e+02,2.868504464843712753e+02,-1.413776625978364336e+02,-2.164691343305179032e+02,-1.310264266363955130e+02,-7.601150838777846275e+02,2.164955923150479578e+02,7.188529742247689001e+02,-1.031800281264255773e+03,5.866228914809604476e+02,7.150900284303947956e+02,4.020526555552298191e+02,1.447362894735398413e+03,-5.825133527610959163e+02,-1.202212433734381420e+03,1.757065571653128700e+03,-1.074746012896542425e+03,-1.231250556560455379e+03,-7.090219531660111443e+02,-1.749637687815720938e+03,9.362493674944688564e+02,1.187506475306867742e+03,-1.794719964636382201e+03,1.140872754402121927e+03,1.432387196049025988e+03,8.031108065258292754e+02,1.385021710024353752e+03,-9.422349900580926487e+02,-7.263126739309244613e+02,1.149500414116309457e+03,-7.445099623625816321e+02,-1.172497128723870674e+03,-5.635602631921636885e+02,-6.638716077702620169e+02,5.646367324553561957e+02,2.596055633527356576e+02,-4.303390738838523930e+02,2.835969369679012289e+02,6.269438735815145947e+02,1.896185055091835636e+02,1.449915814545726107e+02,-1.598524626086790761e+02,-4.380021197632649432e+01,6.915123767141975009e+01,-5.035848571326655332e+01,-1.700372057582624734e+02
1.298976754475652973e+00,1.065936952626896084e-02,-3.553106094030909503e+02,-1.950631213595450504e+02,4.967986579865266208e+02,-4.663023843622448794e+02,2.645774173393732553e+02,1.501704846590069842e+01,-3.073564849569795001e+02,1.372354638906102309e+03,7.054033676739121574e+02,-1.828205797791545365e+03,1.734623006589854185e+03,-9.687579925936324798e+02,-5.001020900755943188e+01,1.123319251255543350e+03,-2.714462822281776880e+03,-1.156280191652293524e+03,3.244638382523112341e+03,-3.106477498506387292e+03,1.688688931996937299e+03,1.520744006284424188e+02,-2.081944383585306696e+03,3.494655296249416097e+03,1.070211636107633922e+03,-3.546391202206650178e+03,3.438538861005843955e+03,-1.786848586082451448e+03,-3.168869894261623585e+02,2.501685677828158532e+03,-3.059261670768272779e+03,-5.376390581706682497e+02,2.509175736054419758e+03,-2.479018602311411541e+03,1.200365560051428474e+03,4.012744707925034504e+02,-2.046644908341507062e+03,1.711520815829447656e+03,8.508027494283334136e+01,-1.082740148644587634e+03,1.101427630684575888e+03,-4.766092317209973999e+02,-2.923265455433680131e+02,1.075615823545281046e+03,-4.750293093264940580e+02,2.970491061234526597e+01,2.197339589886424278e+02,-2.350320308314656472e+02,8.337537592819670351e+01,9.753464182729302934e+01,-2.829985662838202529e+02
-4.407442802559825346e+00,-5.963712258741921124e-02,-7.790969044493452600e+01,-1.895470326535279071e+02,7.992554537395375291e+01,1.620464489751847736e+02,-2.865599366659590146e+02,1.663705595966635542e+02,2.289962017164097006e+02,3.168045145910506335e+02,7.341670329347595043e+02,-3.830522350676386054e+02,-5.780931622035204782e+02,1.038403300964480877e+03,-6.862549400728880755e+02,-7.386852522369626968e+02,-6.712380159181949466e+02,-1.432597318885213781e+03,8.950715764461197068e+02,9.400758533854831285e+02,-1.778127995682894152e+03,1.268161745696821299e+03,1.246921407077074264e+03,9.306618226429205833e+02,1.767304185388107726e+03,-1.299074466768160164e+03,-8.859381741216855062e+02,1.832310532990191859e+03,-1.375497284827726162e+03,-1.429575964348368188e+03,-8.926661952950501018e+02,-1.427741910859250765e+03,1.219661388584988572e+03,4.982372316055519264e+02,-1.190350956232087583e+03,9.312649811647939941e+02,1.162197667509154371e+03,5.576326470281628644e+02,7.033649408121489159e+02,-6.990071953298444214e+02,-1.503644461057929220e+02,4.558023637364970568e+02,-3.748444419082371155e+02,-6.224227828178341042e+02,-1.728570895895540218e+02,-1.612164568477867022e+02,1.925308192480907223e+02,1.720281494625848140e+01,-7.632498604092928929e+01,7.116186752162062135e+01,1.702213955810217385e+02
-3.600772836322569059e+00,5.004325608819759803e-03,6.221175909678010640e+01,-4.981034649005335879e+00,-1.468172265337680926e+02,2.240198175052988745e+02,-1.694526829556733958e+02,8.027387024617723910e+00,1.665604255170320016e+02,-2.457878065145669382e+02,4.483261718877827917e+01,4.893381031749767089e+02,-8.278018462547896661e+02,6.126637087592156377e+02,-7.648829800296557835e+01,-5.521429593882991185e+02,4.957775619090328405e+02,-1.925246802003486835e+02,-7.447954098615435896e+02,1.438146671420896382e+03,-1.036739729186215982e+03,1.562413614923388252e+02,9.346808159554274198e+02,-6.473427275303279202e+02,4.006137005974235876e+02,6.288794349342726946e+02,-1.510248187163308330e+03,1.036635406272506771e+03,-1.328290955088553176e+02,-1.045540803867592103e+03,5.581636124698231924e+02,-4.652878351737144840e+02,-2.720614923198612018e+02,1.012117905251744787e+03,-6.340680732431677598e+02,2.987580369476125242e+01,8.091909686729509303e+02,-2.932334574561284057e+02,3.003265882600390455e+02,1.981730704417050148e+01,-4.121194595762376025e+02,2.155165435366406257e+02,2.802982018835418998e+01,-4.048163216761221292e+02,7.313225682216899770e+01,-8.554641649722168495e+01,2.385053280964871547e+01,8.135559718372604721e+01,-2.674113652590827073e+01,-1.543508320880757623e+01,1.021611083615928237e+02
-1.057327811492660086e+00,3.991702986863353286e-02,9.555664019525677233e+00,4.978732282105433171e+00,-3.606120184059268752e+01,3.221230677990964608e+01,2.464815557527184176e+00,-3.659742241811709107e+01,2.205492343805175892e+00,-3.862209064303475259e+01,-1.490931524880848791e+01,1.249223031717790633e+02,-1.260365599959910980e+02,-9.441041515652564442e+00,1.235645546057127291e+02,2.877861243775887257e+00,7.742701244456509357e+01,7.031299734450707106e+00,-2.028644701337377114e+02,2.289341200777219001e+02,2.299483134373282311e+01,-2.088829807866777628e+02,-2.852831654953735097e+01,-9.795205860698324329e+01,2.616079642850068865e+01,1.915664946144615328e+02,-2.498032695553403073e+02,-4.246068428942402306e+01,2.254773896127430817e+02,6.525603567753994128e+01,7.739310885399075346e+01,-4.940548195695464528e+01,-1.066449329759835081e+02,1.741621719579346177e+02,5.080686842085438570e+01,-1.613891219036601683e+02,-8.155962983428908331e+01,-3.249934318759088825e+01,3.542096788926779283e+01,3.049451946857863049e+01,-7.531723153576098184e+01,-3.476979092588108244e+01,6.986846025700319274e+01,5.977551771173298789e+01,4.335462635819884447e+00,-9.023897628013472172e+00,-2.250394195050067214e+00,1.681620512277622126e+01,1.081240908972491255e+01,-1.299047727639640648e+01,-2.052205010168818688e+01
2.252991129481300980e-01,-1.487719145778096941e-01,1.550333299203697379e+02,9.572259869607739446e+00,-1.184411607004845024e+02,1.272032889009071539e+02,-8.273815919621733883e+01,-7.922327908103855343e+00,1.271425964938246267e+02,-5.606960452946367468e+02,-7.871449032808196478e+01,4.961509063823954762e+02,-5.262141721845019902e+02,3.534177904508759411e+02,7.065318853689465328e+00,-4.761379275939034983e+02,1.025073920666854519e+03,2.023949997507806984e+02,-9.959903590575635235e+02,1.050795507406666502e+03,-7.197627708076114459e+02,1.715899673381554891e+01,8.926601221764873344e+02,-1.218002239214358951e+03,-2.665871002543750024e+02,1.224422162833721586e+03,-1.291741928940942898e+03,8.931409732825851506e+02,-3.132181169778421292e+01,-1.078199200853150160e+03,9.977210306957836110e+02,1.951668749313325861e+02,-9.693211438188012607e+02,1.027328474241492813e+03,-7.092789234902915041e+02,7.005978119094173451e+00,8.895888488897851403e+02,-5.330483390818415046e+02,-7.001533780378495919e+01,4.673139508979495531e+02,-4.999460473913401302e+02,3.405859981851563134e+02,2.035163614413091437e+01,-4.753633680679130293e+02,1.438253857250851127e+02,5.610389729869677211e+00,-1.069360254638178844e+02,1.159531830655585622e+02,-7.686546666269461525e+01,-1.472033209177933699e+01,1.281155565474814466e+02
2.355737641686068251e+00,-5.037867624836585984e-02,2.499611467799891216e+02,1.470318328276807165e+02,-2.698422769343081882e+02,1.860214997456772892e+02,-6.154412931971948808e+01,-3.140016366919330082e+01,1.073599638770936195e+02,-9.551777477014362603e+02,-5.663448670568309353e+02,1.061641769556121744e+03,-7.189320975545091414e+02,2.533123754038744551e+02,1.533761326434725163e+02,-4.572340561873326124e+02,1.864457221270057971e+03,1.053908109371241835e+03,-2.040787981941257158e+03,1.380353776981456576e+03,-5.147826456705723785e+02,-3.282621882014298080e+02,9.423414063700461156e+02,-2.368919610234738229e+03,-1.191258890934092278e+03,2.453183459680458782e+03,-1.668628278155988482e+03,6.590098980517074096e+02,4.266467320605080431e+02,-1.209564364408716983e+03,2.065505474441817569e+03,8.431025347322927246e+02,-1.934662951890703880e+03,1.325708768067836218e+03,-5.500764275039992981e+02,-3.735501025910227213e+02,1.033219388148213511e+03,-1.167045273232301042e+03,-3.378340080874179421e+02,9.436527059296371363e+02,-6.492347743549186134e+02,2.792925700606277815e+02,2.162758417836709839e+02,-5.622724023148556398e+02,3.304704994865584240e+02,5.234473501346577962e+01,-2.218303613453768151e+02,1.507972879511247868e+02,-6.710381267737822952e+01,-6.579180837636877754e+01,1.521985642870171489e+02
4.703762144829717329e+00,6.854948133445754044e-02,1.062423904826303733e+01,1.872630043810804352e+02,-3.225820462619659423e+01,-1.796606747835796796e+02,2.668906666868373350e+02,-1.278933432514197079e+02,-2.190382767834467757e+02,-1.076988298841875462e+02,-7.011593327370245561e+02,1.972270976649710121e+02,6.497137616646683682e+02,-9.640537119180386298e+02,5.467091078411225453e+02,7.067718638193956622e+02,3.638023131665140681e+02,1.336105682435898871e+03,-5.439152380795634372e+02,-1.074476505061220678e+03,1.645070387162144698e+03,-1.021857290975309525e+03,-1.184610357226785482e+03,-6.688317094801647045e+02,-1.618397433700816009e+03,8.901328646487376091e+02,1.039173972670977946e+03,-1.681525281909600835e+03,1.106254066611804319e+03,1.340377101868052932e+03,7.762127788575045315e+02,1.282723020224182392e+03,-9.056078816015004804e+02,-6.121597258996432629e+02,1.077265930550466237e+03,-7.413693987932047094e+02,-1.069606196134351194e+03,-5.541915361955838080e+02,-6.133325927044339778e+02,5.459557004327413097e+02,2.045414975841599414e+02,-4.040156554728038145e+02,2.953543302440808702e+02,5.592978879676801398e+02,1.893873875690303521e+02,1.323223612519133496e+02,-1.547684698955169722e+02,-3.087735799464973852e+01,6.554530000263922318e+01,-5.691333506953405674e+01,-1.488185177832309876e+02
9.775912078269530792e-01,1.132682354234118040e-02,-3.409638951572974861e+02,-1.762101717260287330e+02,4.548353785600536412e+02,-4.283241936375786167e+02,2.413431396108794331e+02,2.046741564012612713e+01,-3.017740571099649287e+02,1.310825051136087268e+03,6.433322313657604354e+02,-1.684627655934817085e+03,1.602910917082208925e+03,-8.995767443804091954e+02,-5.918532288291171284e+01,1.099516217819168787e+03,-2.580771484025689915e+03,-1.067149317357483142e+03,3.012281433353833108e+03,-2.896272091969153280e+03,1.603574920708822901e+03,1.372224585850450183e+02,-2.026534117702741469e+03,3.307578058640478048e+03,1.006649638358393872e+03,-3.324426979023441618e+03,3.245622179992007204e+03,-1.749043025691977846e+03,-2.515932578632587422e+02,2.417114637631133519e+03,-2.884248921881044680e+03,-5.267126642107090220e+02,2.382831528653829537e+03,-2.377748485642744072e+03,1.226944703282740647e+03,3.067745958456138169e+02,-1.962025227037405330e+03,1.608935522667962914e+03,1.011582117921313397e+02,-1.046727121984773476e+03,1.078654729531381008e+03,-5.204476228734071128e+02,-2.224996042735522508e+02,1.024192201706052856e+03,-4.456871271663110292e+02,2.037099113793568961e+01,2.180013194049546428e+02,-2.364069531085215772e+02,1.021094993295222366e+02,7.491742704027896593e+01,-2.682007269469323774e+02
-4.409732287313321564e+00,-7.979807388516445277e-02,-6.726896935615184248e+01,-1.775391747780477658e+02,7.106264996037100445e+01,1.524227656359443586e+02,-2.727897658379611698e+02,1.516176913882853512e+02,2.384215386388404170e+02,2.844429923992964859e+02,6.854126747450718540e+02,-3.498838487139512949e+02,-5.415562435311154559e+02,9.887169215291289674e+02,-6.446866404610021846e+02,-7.495926761893020966e+02,-6.218580399470802149e+02,-1.340295473021328007e+03,8.381519439103537934e+02,8.674268989249404740e+02,-1.689640915722518685e+03,1.213892477361190231e+03,1.225592506676014182e+03,8.835078423139955248e+02,1.660419625200510609e+03,-1.240896143564450313e+03,-7.926976788045137710e+02,1.734190223979847133e+03,-1.338135507532638030e+03,-1.356875903499541437e+03,-8.653649445858534364e+02,-1.345993653662073939e+03,1.181700500580839389e+03,4.189744613233342534e+02,-1.119264280973669884e+03,9.242892665266857648e+02,1.066866997267087982e+03,5.510747779123793180e+02,6.630092067785819836e+02,-6.834829528973790502e+02,-1.087934879342370351e+02,4.248051948144695871e+02,-3.842260028210463361e+02,-5.545708118306641836e+02,-1.741244799955564986e+02,-1.507090899032242248e+02,1.890888743828194265e+02,6.907116612938360767e+00,-7.032729021826381199e+01,7.730674332266013948e+01,1.479168069671469823e+02
-3.541544411790519487e+00,2.113963086039235759e-02,6.585715264391261314e+01,-7.622645372707826716e+00,-1.399510432086612468e+02,2.123118749975439812e+02,-1.617134096262318508e+02,6.137139915533534884e-01,1.688433400288377868e+02,-2.567296423493073121e+02,4.994893748896030417e+01,4.703908822288408373e+02,-7.914137725047495451e+02,5.932112301270198031e+02,-5.847829835493049444e+01,-5.612299923396160466e+02,5.098622588974125165e+02,-1.907437002532300028e+02,-7.248454971670670375e+02,1.388447836726396872e+03,-1.023352752318855778e+03,1.438628267176024735e+02,9.478375238174841115e+02,-6.548624811108968515e+02,3.830037874072471595e+02,6.259050350434486063e+02,-1.476210947263447224e+03,1.051934308221854963e+03,-1.451873506239549840e+02,-1.052605144357082963e+03,5.555136816014847909e+02,-4.378337370396752135e+02,-2.872769307320641587e+02,1.006262387341916451e+03,-6.724435351474459139e+02,6.206935117409270930e+01,8.067519953109414246e+02,-2.866649471961762288e+02,2.791612803786033510e+02,3.675903198581539755e+01,-4.201727888975029828e+02,2.483209569245672412e+02,6.176701825344834695e-01,-3.995402131128068959e+02,6.985528258247504141e+01,-7.827576406027388600e+01,1.719751371177907373e+01,8.611931399130111231e+01,-3.829149903094400287e+01,-5.954963563148485406e+00,9.992350912803857454e+01
-1.100676367850262460e+00,7.684146343873722584e-02,1.887573657622305845e+01,2.662903983981411926e+00,-4.162326359622107930e+01,3.952065946151807196e+01,-2.443659289477035923e+00,-4.244031332570605031e+01,1.177025237588717843e+01,-7.482450331705352653e+01,-9.025941601356127109e+00,1.523795870694233940e+02,-1.626299868296723048e+02,1.784546455406687571e+01,1.394741667758568440e+02,-3.766723371717240809e+01,1.467945781195793700e+02,7.486468262594933032e-01,-2.655169300410324240e+02,3.137204692841547740e+02,-4.519733198128176355e+01,-2.255618080997654147e+02,4.947743026752957007e+01,-1.823800843258400164e+02,3.012176521084063552e+01,2.763599043460567941e+02,-3.670072832893724808e+02,5.691734663305037145e+01,2.302835534813408742e+02,-2.580429787961611154e+01,1.462206864477373074e+02,-5.191162422536313414e+01,-1.788819914428969184e+02,2.768508390814395170e+02,-3.957287198884568369e+01,-1.554466333851752609e+02,-1.082640185811344224e+01,-6.758346449344759321e+01,3.709362462222063073e+01,6.770779788802137489e+01,-1.299896120067008951e+02,1.459855568547538240e+01,6.347196600537258604e+01,2.443634610187113054e+01,1.289517090750238992e+01,-9.509328001781161888e+00,-1.143800963367154644e+01,3.081764164673136719e+01,-2.014759199632852660e+00,-1.092336677365693909e+01,-1.160684949526045706e+01
4.339302144237048298e-01,-1.678650041279793892e-01,1.202028332587401991e+02,6.849439503810276442e+00,-9.986779714316574541e+01,1.145659420444482492e+02,-7.234610764948089923e+01,-1.065391463931730520e+01,1.091573851740695602e+02,-4.431087639361936681e+02,-5.276576068383086238e+01,4.186368085504077499e+02,-4.748610535364914540e+02,3.147326789541212406e+02,2.021219811382279019e+01,-4.139747904229518554e+02,8.270883502925929633e+02,1.277024180484004887e+02,-8.389937064537704146e+02,9.513105584229663236e+02,-6.519627325641820335e+02,-5.475064147625055000e+00,7.797843237461324861e+02,-1.005310821957194435e+03,-1.501243605896534064e+02,1.025994548232346915e+03,-1.171864467151317285e+03,8.213527692309030499e+02,-1.281741089403607603e+01,-9.406192892402749521e+02,8.422480364494866762e+02,8.378691333225530968e+01,-8.040912523447816511e+02,9.318934264261057479e+02,-6.609994005191897486e+02,2.310251068041951239e+00,7.725569081719289670e+02,-4.577988822785543448e+02,-6.672417790629886269e+00,3.817256649956207752e+02,-4.524169296700651444e+02,3.215825464620597245e+02,1.638304388824699842e+01,-4.103065320844370376e+02,1.244926275639946169e+02,-1.125062632927708961e+01,-8.561253923154113465e+01,1.044186560354645934e+02,-7.380197624775060206e+01,-1.188863942157051845e+01,1.097522009593378982e+02
2.391360605093319158e+00,-6.046877716742678210e-02,1.984905662629697360e+02,1.048690548166120493e+02,-2.035998193981951090e+02,1.530798353060192767e+02,-4.413292982078106519e+01,-3.644817517724546718e+01,9.419587506216301165e+01,-7.618556354161518129e+02,-4.071596010610213057e+02,8.183108639542376750e+02,-6.077616895884067389e+02,2.018073850142303911e+02,1.593208394845061946e+02,-3.981135635477269830e+02,1.492442215385010286e+03,7.656837527898085227e+02,-1.606873675638301165e+03,1.203184774079844146e+03,-4.494507862800231237e+02,-3.108972516432002067e+02,8.115850583982499984e+02,-1.902860948101929353e+03,-8.728490359252130020e+02,1.972444073616984497e+03,-1.500502110512001309e+03,6.220828378923608852e+02,3.691116553488027421e+02,-1.028213810352440987e+03,1.666818124366676557e+03,6.184906763707797381e+02,-1.586349792413094974e+03,1.229099683362078395e+03,-5.550639029062184591e+02,-2.970307411969948816e+02,8.673106185111765853e+02,-9.473835642699318669e+02,-2.429021238609559532e+02,7.879391567543393649e+02,-6.205388995373225498e+02,2.997921667653032500e+02,1.618240282194713870e+02,-4.673698532992193577e+02,2.700628508076795811e+02,3.399243218644888032e+01,-1.884591744071600488e+02,1.488101727847483744e+02,-7.677415944630267575e+01,-4.826159465258008652e+01,1.256903650160083146e+02
4.184742783448719194e+00,8.599047903492001987e-02,1.858602635027415317e+01,1.504412377572018045e+02,-3.154393875868207786e+01,-1.301404637561266497e+02,2.220260881730277731e+02,-1.099889827841173400e+02,-1.982328207155203756e+02,-1.306978569493998350e+02,-5.713733759891223372e+02,1.968558703904523099e+02,4.581033455419793654e+02,-8.040094907932026445e+02,4.858404880414836953e+02,6.235174654805956607e+02,3.897095840090897241e+02,1.109006968660455868e+03,-5.474890585657693691e+02,-7.171855158325539605e+02,1.373206249119574522e+03,-9.359835010973012004e+02,-1.009402695693642499e+03,-6.781284450688031029e+02,-1.367716241821040740e+03,8.957809293872636545e+02,6.258903378989573412e+02,-1.403584860048561723e+03,1.052331963494190859e+03,1.096675063435828861e+03,7.673926476936848076e+02,1.099375354273443691e+03,-9.081952662442798783e+02,-2.980106335054613282e+02,8.998714614884740968e+02,-7.454976430563935992e+02,-8.395069763677098535e+02,-5.435126938544210589e+02,-5.289520350399848212e+02,5.452365578819508301e+02,5.534229793669706510e+01,-3.396711486289288473e+02,3.241500799129707389e+02,4.216517428916345125e+02,1.866960687768014964e+02,1.129698933036168995e+02,-1.534051233962110530e+02,3.788097728058771541e+00,5.660594709872800223e+01,-7.118466443256758680e+01,-1.081441369846306202e+02
5.079046335621947295e-01,7.514611166615404667e-03,-2.904323939537462138e+02,-1.218128548077051505e+02,3.487183377518177849e+02,-3.443252448484459478e+02,2.042953646812203203e+02,2.079710705846813923e+01,-2.902336953709346403e+02,1.113074192318353425e+03,4.527729831038733437e+02,-1.312093670276003877e+03,1.316075416349629222e+03,-7.981142434108810448e+02,-3.662782592127299353e+01,1.054402031443162059e+03,-2.180298471508098373e+03,-7.635137147723442013e+02,2.389733947731374428e+03,-2.442274418332578080e+03,1.504530521528287863e+03,3.080252991132155316e+01,-1.927604801684632776e+03,2.776782670605928615e+03,7.338914750310035515e+02,-2.698027542480628199e+03,2.827371791134043633e+03,-1.757916544469432210e+03,-3.313404003868421199e+01,2.272686378495102872e+03,-2.406841031262733395e+03,-3.947194920780575558e+02,1.989977828699275278e+03,-2.153466604749240560e+03,1.344735341093690067e+03,5.333309793065247817e+01,-1.822882845831382838e+03,1.336579290626313650e+03,8.194242568635178259e+01,-9.066746961325317216e+02,1.023659398846489012e+03,-6.381439173542278240e+02,-5.435787149368456284e+01,9.428897282942659785e+02,-3.693605767904306276e+02,1.320794842537033098e+01,1.981401323236277960e+02,-2.371080832051490006e+02,1.460770072838131455e+02,2.379237829319009023e+01,-2.459114002529884431e+02
-4.067392048071746480e+00,-9.358936306868000099e-02,-6.222550931433179500e+01,-1.414449608844667239e+02,5.956178088265761517e+01,1.106815337295290220e+02,-2.235055462052568771e+02,1.244448058988282213e+02,2.182407547053322219e+02,2.674804425441727176e+02,5.517908227548875857e+02,-3.084170140241557192e+02,-3.794786481157774460e+02,8.081185747799347610e+02,-5.509593562207669493e+02,-6.642401304372556297e+02,-5.890334557805589384e+02,-1.097325207672545048e+03,7.645845194650852363e+02,5.620764989294406178e+02,-1.373457550099383980e+03,1.069332194108317253e+03,1.036089351487975136e+03,8.408923698533350262e+02,1.382366693108680010e+03,-1.156928013854240362e+03,-4.351538258493147282e+02,1.396431945699192283e+03,-1.217934243481408885e+03,-1.082057266742245019e+03,-8.292505088146729122e+02,-1.134171113501038917e+03,1.116011326674273050e+03,1.443447241753646892e+02,-8.883936626634516642e+02,8.799295555144000218e+02,7.988886356019871755e+02,5.339872846756038598e+02,5.604074653629970726e+02,-6.495784285206420918e+02,2.239449125381205263e+01,3.311665534487102605e+02,-3.920084979671902943e+02,-3.898258030716073677e+02,-1.716961728876627262e+02,-1.255802851567167266e+02,1.796688375677189526e+02,-2.345028057889215134e+01,-5.369327487921525233e+01,8.767953194779977366e+01,9.811692162009646268e+01
-3.098902241645611344e+00,4.118157149431433267e-02,7.294124623954893138e+01,-1.493462986364965239e+01,-1.168739830727749194e+02,1.811175344721117426e+02,-1.499827734600750944e+02,6.066264039803156427e-01,1.769143763629421642e+02,-2.786663704549254135e+02,6.628617241851762287e+01,4.026188628367925730e+02,-6.908044510743127375e+02,5.718964887393192384e+02,-7.038352419595044296e+01,-5.973640534420587755e+02,5.388220104315121262e+02,-1.909887493995256023e+02,-6.423910931180812440e+02,1.244447202439597277e+03,-1.036729070615898991e+03,1.979749586408089783e+02,1.018047930021183788e+03,-6.715502743328542010e+02,3.405767702819964029e+02,5.884343067768456876e+02,-1.367241727241386798e+03,1.139675955084064753e+03,-2.544601777768749287e+02,-1.133287098218080473e+03,5.539596025326621884e+02,-3.681753391673332771e+02,-3.088014723324245097e+02,9.726761260081118508e+02,-8.023669364640691128e+02,1.868034175020853809e+02,8.683655045689621375e+02,-2.788458872480766217e+02,2.265240172240967240e+02,7.379115412753685632e+01,-4.300383695772673605e+02,3.441412703951097001e+02,-8.005595441438003945e+01,-4.308301779344429292e+02,6.623658855910898069e+01,-6.133419878986566687e+01,1.497341857834451062e+00,9.476574363481006458e+01,-6.955786343437354446e+01,1.769685283156300315e+01,1.083686976746007105e+02
-9.702594672686729593e-01,1.209092571284246104e-01,4.098789079286482462e+01,-1.597397254249304677e+00,-5.019247295296207767e+01,5.514778793681414015e+01,-2.039259226065445318e+01,-4.076408990369112928e+01,4.172538477831797366e+01,-1.575084879232812511e+02,-5.480487098455922856e-01,1.987072201540919991e+02,-2.364461595868693280e+02,1.014987308653688984e+02,1.232009661537521197e+02,-1.508842051225620651e+02,3.019167104428782409e+02,-1.928542385437439499e+00,-3.761982437665629959e+02,4.783147121715919070e+02,-2.294734819468684748e+02,-1.780156723132626837e+02,2.598274151483815331e+02,-3.702087586741980090e+02,2.202018872728072196e+01,4.310830798095528280e+02,-5.886545402001315779e+02,3.030340852198773973e+02,1.589509618076067738e+02,-2.765863080444868842e+02,3.019539650739416174e+02,-4.180672300211081449e+01,-3.142839813033455130e+02,4.673434316188341313e+02,-2.500403768170729961e+02,-9.387862353777828162e+01,1.948829806344287476e+02,-1.511887741507309215e+02,3.316402476541398414e+01,1.388434753597534552e+02,-2.294448914480496171e+02,1.242032159985898545e+02,3.428942466786206467e+01,-8.596865933250622049e+01,3.541055574371544878e+01,-9.549431775744698925e+00,-2.914261888846446880e+01,5.551969624417663596e+01,-2.930735406460735959e+01,-5.288752867955279768e+00,1.849214578469601733e+01
7.145060535459849538e-01,-1.567143970322258106e-01,6.668421366732776789e+01,1.721251507716442530e+00,-6.579923784261777087e+01,8.656954483609302997e+01,-5.134618307124033976e+01,-1.135115825561839742e+01,7.351066551875318567e+01,-2.564917921176207187e+02,-1.110835324880630814e+01,2.755950324831657099e+02,-3.582040156136781661e+02,2.298739773740823580e+02,3.107051044525212902e+01,-2.877721804237833680e+02,4.998572129442978849e+02,1.646540684804423194e+01,-5.506900676767838831e+02,7.205053256437541904e+02,-4.900791489937867595e+02,-3.064578365808912963e+01,5.504288073285758855e+02,-6.330433615425720291e+02,1.070010315563392922e+01,6.685147333089705626e+02,-8.920382579170442341e+02,6.349453748093430931e+02,1.155538759547367356e+01,-6.656448707731896093e+02,5.490764248957074187e+02,-5.723792854399064822e+01,-5.163148008103843267e+02,7.121485968884123849e+02,-5.249768225123815455e+02,-4.591379777410176111e+00,5.440447944585505411e+02,-3.049048256273148354e+02,6.587946504823212024e+01,2.393039989785503678e+02,-3.464268874721977909e+02,2.627344902230312300e+02,1.007480104677189381e+01,-2.864401713691863165e+02,8.327492570679658002e+01,-2.840965106810079632e+01,-5.195691691706297632e+01,7.987194857737371478e+01,-6.246827710757567331e+01,-7.200238228831165266e+00,7.569599244022793982e+01
2.629528355744628065e+00,-5.690091530072140247e-02,1.423780598971654570e+02,5.736671279506117571e+01,-1.283111541763363448e+02,1.176789426926199553e+02,-2.035239213850739048e+01,-4.743296753094716678e+01,7.932033488969240409e+01,-5.535618067562257920e+02,-2.276280100166139846e+02,5.467526386880393829e+02,-4.933870557868389142e+02,1.325426693687151385e+02,1.860525912559722599e+02,-3.329067358702289994e+02,1.096435230022069845e+03,4.440831317562989966e+02,-1.134189781001003212e+03,1.035540943261450593e+03,-3.656453538484491332e+02,-3.254517478877189660e+02,6.685331264899842836e+02,-1.411621900269679827e+03,-5.241643909436085096e+02,1.465662284502679995e+03,-1.365630372148780225e+03,5.841336750169214156e+02,3.377081579419387936e+02,-8.290508991493840085e+02,1.250131969010885769e+03,3.779498555474035584e+02,-1.235088595821580839e+03,1.178017115945481009e+03,-5.777080631749428221e+02,-2.303030659279801284e+02,6.835897884509602136e+02,-7.201998103406376686e+02,-1.433718201479506433e+02,6.399005338212806464e+02,-6.243969599881553449e+02,3.387552493021615874e+02,1.067910243089309432e+02,-3.615858679432413965e+02,2.085278037595437866e+02,1.494348200224749235e+01,-1.591539183081570172e+02,1.570433126010904346e+02,-9.337313005703633451e+01,-2.948723442596054412e+01,9.601754997500037803e+01
3.895926941678887534e+00,9.583181204807200704e-02,5.210585532072644099e+01,1.126888492307126057e+02,-4.060953382325133987e+01,-6.958278709247426264e+01,1.852380978503552740e+02,-1.073118190451911715e+02,-1.736447188788738458e+02,-2.393030498618435900e+02,-4.534579555066275702e+02,2.503687413804680091e+02,2.150950230489394244e+02,-6.694459283263335010e+02,4.812404199454190916e+02,5.357698686666011554e+02,5.588465371916202002e+02,9.324853050910412549e+02,-6.805073955860159458e+02,-2.462633217959715353e+02,1.142479010247795941e+03,-9.561995742736726243e+02,-8.369648919221835968e+02,-8.417074240362562705e+02,-1.208138152653400539e+03,1.086076839276038754e+03,5.842769781221448966e+01,-1.168373357920839453e+03,1.127344129616461942e+03,8.653435908076497753e+02,8.732980580951726779e+02,1.009055502879719143e+03,-1.079970096014786350e+03,1.518211348751920582e+02,7.528739855309659106e+02,-8.555897875576491742e+02,-6.247700478947969032e+02,-5.899939884340275285e+02,-4.987925399751941882e+02,6.395280796755290567e+02,-1.671831647048085188e+02,-2.896624265218995333e+02,4.087231162591787665e+02,2.942940447035854845e+02,1.991147714749463091e+02,1.079184939380693322e+02,-1.776223098685710795e+02,5.740299117168108012e+01,5.114896595352580988e+01,-1.001599055687514692e+02,-7.084767481498609243e+01
-1.340112471946532059e-03,-3.484993918804147509e-06,-2.467334922430331403e+02,-4.885805300378357430e+01,2.311657603903034897e+02,-2.685888496764871434e+02,1.845072694186141860e+02,1.938653489719806799e+01,-3.130028217812183584e+02,9.438255664091020662e+02,1.979394457144184969e+02,-9.101880151308379254e+02,1.080820312612150929e+03,-7.835936956803298017e+02,9.264170329560617034e+00,1.133860993699963274e+03,-1.834874532877902084e+03,-3.546084483616317016e+02,1.741729273906676553e+03,-2.124064742611793463e+03,1.610357307995876454e+03,-1.513074640987985333e+02,-2.052910586489705565e+03,2.311431574047418962e+03,3.564073297399894500e+02,-2.078240839394301474e+03,2.616062640491613820e+03,-2.059278976649533888e+03,3.108885679978254188e+02,2.387110096255551525e+03,-1.981665713894136616e+03,-1.958011343732084697e+02,1.631243350520400099e+03,-2.128783479917184650e+03,1.731492547626522310e+03,-3.243426314810786266e+02,-1.888010091718528884e+03,1.091714751284823024e+03,3.629498945484936456e+01,-7.972924283493543953e+02,1.085732233648319834e+03,-9.075801477507011441e+02,1.857252691428995490e+02,9.671041598300056421e+02,-3.007423153237339193e+02,1.137267299438887491e+01,1.887889486601044666e+02,-2.704922901988645663e+02,2.311881161163374827e+02,-4.658989290753256540e+01,-2.516686027348580410e+02
-3.895846947983464759e+00,-9.582982040407510282e-02,-7.787261849542170467e+01,-1.009142047618517495e+02,5.518120924909067782e+01,5.269430487258693319e+01,-1.737380066243563590e+02,1.077367671076875837e+02,1.905520915586791091e+02,3.199176068285939323e+02,4.135886860071002502e+02,-3.070850253939513550e+02,-1.471832846957906042e+02,6.224931748140388663e+02,-4.955056438295852672e+02,-5.599843494238617723e+02,-6.725200993645025846e+02,-8.671591879282631226e+02,7.885142802451857733e+02,1.112568888814290915e+02,-1.044806101366584244e+03,9.994928022050461323e+02,8.198498954122683244e+02,9.236900025561842540e+02,1.142334223530396002e+03,-1.212932221899307251e+03,1.090429052619114714e+02,1.041837355807101858e+03,-1.194494658454692171e+03,-7.795204095290686155e+02,-8.862942020280868292e+02,-9.676415020700223977e+02,1.178481743204358281e+03,-2.873386351127000466e+02,-6.445708014181634553e+02,9.212895514877556025e+02,5.088472445582649470e+02,5.630824187595894728e+02,4.859399783979489484e+02,-6.872323064071625822e+02,2.356302530163277709e+02,2.325075801790551395e+02,-4.484261426883768422e+02,-2.129419546069084106e+02,-1.813532589939088098e+02,-1.079803754180606603e+02,1.894024970570335142e+02,-7.450139934152142018e+01,-3.639111863374868960e+01,1.118019551400502962e+02,4.499551002306163383e+01
-2.628565102382976360e+00,5.690098677703047531e-02,9.148712465393593618e+01,-2.872184582362692140e+01,-9.206802981737591551e+01,1.546734895171369146e+02,-1.559135050458529008e+02,1.096897649934949115e+01,2.121096995536300369e+02,-3.423829122238645368e+02,1.026546807642478996e+02,3.345390245141475134e+02,-6.159626310746803028e+02,6.282486367316233782e+02,-1.292883851508202326e+02,-7.322542661101306294e+02,6.428167093104705145e+02,-2.195366944541059127e+02,-5.716322441824263478e+02,1.163597672466224822e+03,-1.214766382595763844e+03,3.537512320021335768e+02,1.269556294297397926e+03,-7.736777117128741565e+02,3.204151142420435008e+02,5.797124156291828285e+02,-1.350649316577337004e+03,1.443796931252653394e+03,-4.985269339850906931e+02,-1.430495744048284223e+03,6.179124166678933534e+02,-3.073073464650245228e+02,-3.649209852455153964e+02,1.025797112324045202e+03,-1.119056777257258773e+03,4.266344653166870557e+02,1.107694630521367344e+03,-3.034246861155359056e+02,1.742168361914191337e+02,1.339083440636240709e+02,-4.898235003766853879e+02,5.405034730430184027e+02,-2.205672888375574985e+02,-5.571189817559134099e+02,7.078755977739041327e+01,-4.367146267062773290e+01,-2.121877026506713904e+01,1.171991291475391392e+02,-1.271661355947738343e+02,5.611145886825887885e+01,1.426674996390696037e+02
-7.142276673859515590e-01,1.567110857107641420e-01,7.437166278420475862e+01,-6.691428188254942455e+00,-6.239830814246298729e+01,7.933718708285535115e+01,-5.077666869573312169e+01,-3.076427657917337299e+01,8.723186493058179281e+01,-2.799677029164741953e+02,6.986809849818994778e+00,2.633485698399048260e+02,-3.451854938196663625e+02,2.357141358070231547e+02,7.362030738672396524e+01,-3.184069837246922248e+02,5.288981131700568312e+02,3.542258088707121555e+00,-5.278536296332026723e+02,7.113202740114501239e+02,-5.112199502955121488e+02,-6.962044513746259611e+01,5.717690422635896539e+02,-6.436643259134649497e+02,-1.142590912644412482e+00,6.405388904304591051e+02,-8.928930988577787957e+02,6.644093255496128450e+02,2.294976990636116554e+01,-6.570589836046191294e+02,5.294243119994539484e+02,-1.791099691208524547e+01,-4.963763613404404964e+02,7.227113525584586569e+02,-5.490010574274400597e+02,8.659866347784522134e+00,5.167006729393982596e+02,-2.751889130145036120e+02,2.318303287764855369e+01,2.340560666321806877e+02,-3.601277917062035385e+02,2.755589321925458535e+02,-8.143278034412887223e+00,-2.638902911253917409e+02,6.980956980531205147e+01,-8.975989720021566143e+00,-5.266420730754239088e+01,8.726567664316502260e+01,-6.600187184640553539e+01,1.224750193412122101e+00,6.826585249235033359e+01
9.700501690512954855e-01,-1.209143628245573365e-01,1.723623355776456023e+01,-5.115256747961006489e+00,-2.895550891084882750e+01,5.491361164424051111e+01,-2.828864648068146792e+01,-1.079736861210209931e+01,3.709247137739536981e+01,-8.050061953251965008e+01,3.315708822752796436e+01,1.231906781877398345e+02,-2.274372516247934470e+02,1.359561736671631706e+02,3.737144842467134254e+01,-1.568519521391905300e+02,1.830198936179645841e+02,-9.067436785278202649e+01,-2.488599614492348451e+02,4.641978983959560878e+02,-3.095804123253101352e+02,-4.868481027357838542e+01,3.112434234638671455e+02,-2.601956905508660611e+02,1.535936394541271000e+02,3.026491396382079415e+02,-5.857645476308209709e+02,4.264230522561372823e+02,2.893306869926637148e+01,-3.796539706709752409e+02,2.446364390153330817e+02,-1.722820768874726127e+02,-2.301313186561253872e+02,4.768006537617027334e+02,-3.733190432244897465e+02,-6.354218698083805350e+00,3.081257527075549092e+02,-1.419388449997523480e+02,1.194243159252324062e+02,1.024075622974640822e+02,-2.361431561946603210e+02,1.977245776605981575e+02,1.099891801642965516e+00,-1.599581535934835586e+02,3.911348650544169203e+01,-3.955844294553686780e+01,-2.079016169510937573e+01,5.520639691430034901e+01,-5.008006057227650842e+01,-1.849192064253787571e+00,4.142034806886668719e+01
3.099122588992284211e+00,-4.118660655417717698e-02,1.078389560863528516e+02,1.865518726013774398e+01,-7.035396031662354233e+01,9.504733493045682735e+01,2.265318712759132769e+00,-6.447515861684006211e+01,7.343488031459759213e+01,-4.267437173574227245e+02,-8.557516087654447290e+01,3.487025693411264911e+02,-4.325291042773449135e+02,7.245756685273802589e+01,2.364129677629599371e+02,-3.037537651226509752e+02,8.567436108369405474e+02,2.006505810940839751e+02,-8.137083539483793402e+02,9.798547755915055859e+02,-3.090076484649128474e+02,-3.833490478443873712e+02,5.967979512237017161e+02,-1.114631913551198977e+03,-2.750624081470134570e+02,1.156363323926147359e+03,-1.378578980004174355e+03,5.916210201480172373e+02,3.550575468614540569e+02,-7.185012390016232757e+02,9.992279023992448401e+02,2.176531096818543460e+02,-1.052466130887462214e+03,1.255554223057628633e+03,-6.470510768771416679e+02,-2.000189353683833815e+02,5.734697127665065182e+02,-5.857812453154535888e+02,-8.197578004206079072e+01,5.810384333511915429e+02,-6.973919133384321185e+02,4.059338544672680200e+02,6.976034609813427778e+01,-2.950232602075456612e+02,1.734770892021272743e+02,3.920538257607427468e+00,-1.525575015618854877e+02,1.829915186032120289e+02,-1.179157713425051526e+02,-1.557712197032885193e+01,7.680981123691034895e+01
4.066941939218388313e+00,9.358424095117012786e-02,1.053638776052481205e+02,8.863621928756195700e+01,-5.810148410042696554e+01,-1.836860460083687840e+01,1.755757469422397321e+02,-1.257603846885129997e+02,-1.615299299158973554e+02,-4.160176190331980592e+02,-3.979481181398579679e+02,3.502956805735974513e+02,6.964469188985812353e-01,-6.314323822243017048e+02,5.580896163144675484e+02,4.983336064496053268e+02,8.472726303304057183e+02,8.939998427393165912e+02,-9.276793525021939786e+02,1.885344150824324743e+02,1.078279500934328780e+03,-1.125836977483964120e+03,-7.658246374696003613e+02,-1.140740903371659442e+03,-1.236370141631483875e+03,1.445749920019976116e+03,-4.904909326393020024e+02,-1.109200330948155624e+03,1.369679797955028562e+03,7.673250216013209410e+02,1.085439444345206539e+03,1.083799960843521376e+03,-1.413495326495890140e+03,6.071402550652502441e+02,7.256440327597879332e+02,-1.086647911079042842e+03,-5.301793466186247770e+02,-6.914851718755859338e+02,-5.572789668527798312e+02,8.280181565059680224e+02,-4.020932615906380079e+02,-2.889869312908409142e+02,5.469821439831206362e+02,2.366515806030001556e+02,2.259276867008654790e+02,1.255269651901079868e+02,-2.282038594749254798e+02,1.161228923851317489e+02,5.495474667207536612e+01,-1.406263946450151820e+02,-5.397128744240386311e+01
-5.107295903399229342e-01,-7.521559122975531378e-03,-2.391001562275596086e+02,2.163397292760005897e+01,1.450553080849259118e+02,-2.339360751042895004e+02,1.926223490400456058e+02,2.188096578799114766e+01,-3.806106789629813534e+02,9.122496587607744232e+02,-4.265882608581126334e+01,-6.367256939021028757e+02,1.013647563343725892e+03,-8.879632840114049941e+02,5.205816850522879946e+01,1.375183026307438695e+03,-1.755013496190997557e+03,2.385782337228925698e+01,1.347243001438960846e+03,-2.138876178405945666e+03,1.959336426030979283e+03,-3.445358842289653580e+02,-2.471607928454906869e+03,2.177803597663991241e+03,1.212201555618471360e+01,-1.767829449053510643e+03,2.815579675632707676e+03,-2.667375585094865528e+03,6.816058709316622526e+02,2.844521291091823969e+03,-1.839231978169086233e+03,-1.443647113874921395e+01,1.518643664373046022e+03,-2.437842990277681565e+03,2.370412252346139667e+03,-7.282016564297581454e+02,-2.226573222040590736e+03,1.002386234226065312e+03,-8.501947644931084014e+00,-8.087875453932155096e+02,1.316639366019769795e+03,-1.305167495805390672e+03,4.383667811064279363e+02,1.132422945733372444e+03,-2.751144731505743266e+02,1.226161083100166316e+01,2.079692853473698051e+02,-3.452519209552565371e+02,3.477717424248727411e+02,-1.191362915174603927e+02,-2.942144509269888317e+02
-4.184094584334688172e+00,-8.598093038807876065e-02,-1.148541452910967564e+02,-7.196458459377018357e+01,6.057878026386064363e+01,-7.932380125396139015e-01,-1.498336923010041346e+02,1.136692395563455023e+02,1.761281945749437341e+02,4.454192971499555824e+02,3.296626644267720962e+02,-3.573090747758362795e+02,7.529504191521608902e+01,5.288716406235434988e+02,-5.282903907611746490e+02,-5.067733319332397741e+02,-8.824197831940593915e+02,-7.593620346496605862e+02,9.367498742517801702e+02,-3.392756974633479672e+02,-8.733813436166127531e+02,1.093519075585445762e+03,7.027728117633878355e+02,1.147486961971714436e+03,1.071427934817364303e+03,-1.450634793649083349e+03,6.782621530969988726e+02,8.509371384721943059e+02,-1.357153731168218656e+03,-6.041959334460516402e+02,-1.051154493654952148e+03,-9.518838327309848637e+02,1.412039781169686194e+03,-7.603936948417272106e+02,-5.102934062051856472e+02,1.099288106088666382e+03,3.314621195391391097e+02,6.461066984682935299e+02,4.934533139482986144e+02,-8.236800415988103623e+02,4.800936352775747764e+02,1.779780764652934977e+02,-5.666292466215788863e+02,-1.006693137918415886e+02,-2.045061299691876684e+02,-1.115706325143675031e+02,2.267843049481378728e+02,-1.355210956721041384e+02,-2.697746896959587914e+01,1.495185575763832730e+02,1.066881661461795439e+01
-2.389477344709590056e+00,6.047449026739198930e-02,1.198579884621160403e+02,-4.728531137222492475e+01,-7.499315585270196038e+01,1.455856937364555108e+02,-1.840923926768108174e+02,2.886005416188887551e+01,2.740920890781264916e+02,-4.426529054109939239e+02,1.565616097793946153e+02,2.939338218759940560e+02,-6.089370500423067369e+02,7.720767162807113664e+02,-2.245248242896317663e+02,-9.609057426929123267e+02,8.148198702017323285e+02,-2.833110087255403755e+02,-5.463755343525025410e+02,1.209025025721657130e+03,-1.558398634930522121e+03,5.866148017267450996e+02,1.688363001188091403e+03,-9.568932014647937194e+02,3.470121155948913838e+02,6.153293756696867831e+02,-1.479331593925648804e+03,1.942034916569646612e+03,-8.387791305039313556e+02,-1.923250477435776702e+03,7.463434651289443309e+02,-2.876417358990690332e+02,-4.476787951913499910e+02,1.189112008699695252e+03,-1.585545209719834247e+03,7.422942283149576497e+02,1.503893833526810567e+03,-3.600885015671540827e+02,1.441108135008781233e+02,2.031598975290677913e+02,-6.024076996851840704e+02,8.093388918652053690e+02,-3.976043415121691282e+02,-7.648799121781245276e+02,8.318156429297391696e+01,-3.160309571069305079e+01,-4.515575387166730081e+01,1.522767444926586506e+02,-2.019030728556107874e+02,1.031479609314732073e+02,1.984555535097439360e+02
-4.331208447149462182e-01,1.678639309327664142e-01,1.075375743311078338e+02,-1.112864038062994965e+01,-7.353794870138668216e+01,1.033944987910668800e+02,-8.364272330391241894e+01,-1.473014504798388558e+01,1.296976259926782120e+02,-3.998364817894096745e+02,1.189442988666257683e+01,3.217692204476030611e+02,-4.495660820067115537e+02,3.754118843474846017e+02,4.962756924349124077e+00,-4.755119225291002181e+02,7.485561455808887104e+02,1.404744188625541490e+01,-6.637392841780168737e+02,9.285769788298379126e+02,-7.944528273457752903e+02,6.485544470005706330e+01,8.718229377931179442e+02,-9.062456436572999792e+02,-3.114225537106650776e+01,8.276941677282401315e+02,-1.170487573272483132e+03,1.017249240015619421e+03,-1.310753001006416412e+02,-1.036236046343333783e+03,7.472127471294440966e+02,1.296484551553053421e+01,-6.596886693586410502e+02,9.524065322781442546e+02,-8.343036055008034282e+02,1.153576412956758048e+02,8.483492023039908645e+02,-3.945635154914786540e+02,8.733375560030300022e+00,3.201190870507771251e+02,-4.766099471786601498e+02,4.174824524606942191e+02,-4.799783460514783684e+01,-4.521510257218561719e+02,1.034645357146660984e+02,-7.176519412637253126e+00,-7.410420319968167746e+01,1.153286297005220717e+02,-9.990386525076938540e+01,6.038269441386601599e+00,1.220362811020648053e+02
1.100188676462230841e+00,-7.684725219282985409e-02,-1.258612113372395847e+01,-1.095844352118642462e+01,-1.591699262733831777e+00,3.030125490212205008e+01,-1.091759425995619104e+01,-9.990979800411132317e+00,1.322982101597095372e+01,2.838735369443320167e+01,6.353220628111524348e+01,1.299916106885627443e+01,-1.280412752506100560e+02,6.577500390937838404e+01,3.879811092723259236e+01,-6.864159863056298150e+01,-1.891565544755133743e+01,-1.552581271004586370e+02,-3.669268886190457124e+01,2.732950076118393099e+02,-1.754070311423279520e+02,-5.480861068796491509e+01,1.477438218105887984e+02,-1.508039311816753703e+01,2.294769150337133681e+02,5.378643422520416806e+01,-3.630107398944863348e+02,2.725076701903992671e+02,3.311205988289552238e+01,-1.835581249299834212e+02,3.980203286496838189e+01,-2.242518795665774860e+02,-4.308054806365964851e+01,3.108319499959382597e+02,-2.627683538836599837e+02,-1.178150922491630670e+00,1.471515105417875304e+02,-3.205377087716790641e+01,1.383563235417220483e+02,1.704765225432832310e+01,-1.613819251627639062e+02,1.512068174286003455e+02,-8.335455668831505349e+00,-7.466620308329937927e+01,1.013981057886923054e+01,-4.201194416509991214e+01,-2.335202327333826933e+00,3.927931966646822559e+01,-4.139941748998206350e+01,2.576768840431251650e+00,1.873804761997327617e+01
3.541357688119786129e+00,-2.114792192876049567e-02,9.929415733243395437e+01,-5.096208304758627072e+00,-3.898003705243693418e+01,8.634958732068176346e+01,1.793066127123672615e+01,-8.128899203366628967e+01,7.688963849590530231e+01,-3.951301011905568998e+02,-4.444690441557985316e+00,2.523991544456254132e+02,-4.224088985472917557e+02,3.549789950947468498e+01,2.886294558388916016e+02,-3.110368091671415414e+02,7.945847206328784296e+02,7.493539480361118876e+01,-6.827537258760570467e+02,1.012858269281237312e+03,-2.875134038222038839e+02,-4.523353018649443129e+02,5.975017249357309765e+02,-1.033326924460227929e+03,-1.645106544398909989e+02,1.067267989630877764e+03,-1.486742128956855595e+03,6.290084957227863924e+02,3.968224961324638116e+02,-7.009845912999878692e+02,9.284972863579628211e+02,1.624687678429434357e+02,-1.037933152574757742e+03,1.398836484711720004e+03,-7.293509941956206148e+02,-1.993538191200687208e+02,5.439943596847272147e+02,-5.493461120451548823e+02,-6.952285892061424022e+01,6.017421123401568366e+02,-7.976081307961244420e+02,4.735877456400298229e+02,5.326264398929270527e+01,-2.728983988633521562e+02,1.653136031733568529e+02,3.795338414278099481e+00,-1.641322290764582590e+02,2.140826405223461677e+02,-1.409545741491267847e+02,-8.236940181395453919e+00,6.969669517222311583e+01
4.408896816620141657e+00,7.978789812589090480e-02,1.558533851806225243e+02,7.834356830859694298e+01,-7.517086225192704774e+01,1.247197232360170638e+01,1.847212259684515345e+02,-1.514103846330096701e+02,-1.616826062789327239e+02,-5.828623135679924872e+02,-3.910399589489230152e+02,4.461079162398779090e+02,-1.328478576566740230e+02,-6.637006498831100316e+02,6.619121855677797157e+02,5.076300918276646712e+02,1.118348214012439485e+03,9.409382526014248924e+02,-1.163484604307855079e+03,4.684309064859093610e+02,1.139957711885783738e+03,-1.338789933852319564e+03,-7.885645985159313796e+02,-1.418375790044328824e+03,-1.360605097388325703e+03,1.790248410946479453e+03,-8.551423143779621796e+02,-1.187485123465639617e+03,1.647989354712403156e+03,7.951508612567479304e+02,1.276596592312305347e+03,1.232219350402015152e+03,-1.735614664772151173e+03,9.186852888114750613e+02,7.941289715872229635e+02,-1.329186089233506891e+03,-5.518472055372694740e+02,-7.774309460866539894e+02,-6.532183549554910087e+02,1.011837829895046980e+03,-5.675009044245310861e+02,-3.276917707749062174e+02,6.801820886565901674e+02,2.481502223625845147e+02,2.462119929061365724e+02,1.533017727776804975e+02,-2.783325294780323134e+02,1.587296145835583161e+02,6.573839645817007238e+01,-1.765946681409966459e+02,-5.765289768517903468e+01
-9.806822984782951336e-01,-1.133357094420310747e-02,-2.596897089601990842e+02,7.264460169592550187e+01,1.004054411205525099e+02,-2.322071059861139872e+02,2.112577924659280200e+02,3.025620363964458193e+01,-4.575014362257772973e+02,9.864792239198091011e+02,-2.100668422288057116e+02,-5.165572796266638989e+02,1.064790057495691599e+03,-1.023413765537370637e+03,6.678965708334060025e+01,1.649428634077070683e+03,-1.879311903936498993e+03,2.750638036536534514e+02,1.225236666348166636e+03,-2.356185326925664413e+03,2.343814783836809966e+03,-4.685272368730354060e+02,-2.951885494391764041e+03,2.302190501380056048e+03,-2.022664539650895961e+02,-1.754720152992135581e+03,3.226070447535445055e+03,-3.284349571465777899e+03,9.455925893166004244e+02,3.377675037457878716e+03,-1.919862302844083388e+03,8.727266559256972300e+01,1.615184217747122602e+03,-2.886295045261554151e+03,2.986088981616996534e+03,-1.025674595650857782e+03,-2.627868477624492243e+03,1.036817058474915484e+03,-2.773940732443688972e+01,-9.095654418419138665e+02,1.601109152506783175e+03,-1.674664999092223979e+03,6.263525219500057801e+02,1.329936473535648020e+03,-2.835466312924143040e+02,1.080897536162338746e+01,2.450310345482314744e+02,-4.288003571804688931e+02,4.532696188432183817e+02,-1.730595180198708647e+02,-3.444889466583221065e+02
-4.702640295633296219e+00,-6.853394087615484465e-02,-1.559514464360030672e+02,-5.775115400652760655e+01,6.981842555352335467e+01,-3.578543455508371096e+01,-1.510572744196547035e+02,1.335954069632890651e+02,1.766756995082940591e+02,5.841368974452431075e+02,3.016310525585817004e+02,-4.232765499994461607e+02,2.262195993726260212e+02,5.285016202854958465e+02,-6.141199513369926990e+02,-5.101462113518383603e+02,-1.113591774252708319e+03,-7.576055657847663269e+02,1.118008538978105889e+03,-6.574660760235655061e+02,-8.678460443046857336e+02,1.278443316503104825e+03,6.991421083091184983e+02,1.391404667750394310e+03,1.129201322030985466e+03,-1.734045727198536724e+03,1.097186279621207859e+03,8.408736651528799939e+02,-1.608598055522036702e+03,-5.812712552966905832e+02,-1.225722796047251677e+03,-1.041579886114043802e+03,1.688874326705119984e+03,-1.122740184862515434e+03,-5.026139464747275269e+02,1.326299034003108318e+03,2.954136234754460020e+02,7.286429269181004429e+02,5.566036102275662643e+02,-9.865054019692031488e+02,6.744936259265925855e+02,1.760437591875736416e+02,-6.961152305279034636e+02,-7.278632194093194130e+01,-2.250368560839167174e+02,-1.301259973859662864e+02,2.724020830792860579e+02,-1.857861450603395781e+02,-2.707409089815870828e+01,1.862256068087489211e+02,1.513439801734771439e+00
-2.353080085598305171e+00,5.038892331318291923e-02,1.450468930751579819e+02,-6.462143291564103720e+01,-6.484139956926263437e+01,1.467356355128564758e+02,-2.163819818009454536e+02,4.611781257650012833e+01,3.349067093410081384e+02,-5.320185917135345335e+02,2.099886472121193322e+02,2.717437916660014707e+02,-6.345145471248885087e+02,9.237362764273899529e+02,-3.153935097622471062e+02,-1.181894138388305237e+03,9.690469546596514192e+02,-3.571386716161061372e+02,-5.386328579789411606e+02,1.300035957365590320e+03,-1.899347753025274642e+03,8.039576594574116370e+02,2.088935348730742589e+03,-1.122434113165433246e+03,4.001380552955018288e+02,6.496901195713279549e+02,-1.641290377338794315e+03,2.414505769893156867e+03,-1.149204834917065909e+03,-2.390588771133670889e+03,8.626656978112812340e+02,-3.002802750194342707e+02,-5.117247126241651927e+02,1.361931262852566078e+03,-2.013447442782705366e+03,1.024897957652393870e+03,1.875954202711235439e+03,-4.107994353520033428e+02,1.350204378992931709e+02,2.545046952111486291e+02,-7.117565462728798593e+02,1.050019139474336043e+03,-5.544351226136445803e+02,-9.576203103848146156e+02,9.390747591230474711e+01,-2.553720575539547966e+01,-6.267978596653428980e+01,1.848820400280108913e+02,-2.676061483005077548e+02,1.448737441836064761e+02,2.495968890336207267e+02
-2.241274179886109108e-01,1.487727171237356594e-01,1.253944051919534246e+02,-1.383240225691221781e+01,-7.646547577941574048e+01,1.146235093565012875e+02,-1.045014922673237550e+02,1.525802827394812544e+00,1.495888918450598055e+02,-4.626436780307062691e+02,1.514785943239557042e+01,3.404103827084538239e+02,-4.960531823330077827e+02,4.593642493758484306e+02,-5.626160027114282514e+01,-5.526198628779003457e+02,8.606407122951883366e+02,2.059853089797825021e+01,-7.116812311509788742e+02,1.022322512819255280e+03,-9.568948128042937924e+02,1.726401765989302817e+02,1.030255185554424088e+03,-1.036930404399349527e+03,-5.257255578393141349e+01,8.995634958748714780e+02,-1.288734866914882332e+03,1.212758534822931779e+03,-2.437815610895914347e+02,-1.251760950589852655e+03,8.536671150694945709e+02,3.859563909784195346e+01,-7.280049570600027664e+02,1.050952859330195679e+03,-9.893518213385025319e+02,1.875366866530962398e+02,1.047988782391958239e+03,-4.529388211725388942e+02,-6.318521900750720732e+00,3.593315965672289849e+02,-5.277021493888514669e+02,4.942343752653257525e+02,-7.295307079556204144e+01,-5.702378572830377834e+02,1.203441864414710381e+02,-3.854738190067398040e+00,-8.470607310191911665e+01,1.279629524789939268e+02,-1.183513267129596471e+02,8.591463755255054124e+00,1.568980129036646929e+02
1.056804176310907728e+00,-3.992227229527973292e-02,-2.130124243778251625e+01,-1.308938624865343137e+01,1.121115568341461888e+01,1.638869295128679582e+01,-1.904497809550075527e+00,-9.179915514499606743e+00,4.147269241375804327e+00,6.277235577217673779e+01,7.032527415436226192e+01,-3.639437931627304579e+01,-7.359957695923409915e+01,2.910145720877113718e+01,3.605799296265833220e+01,-3.179086406895468286e+01,-8.744888260620881226e+01,-1.622613036942485962e+02,5.396798870542394155e+01,1.708335015765406411e+02,-1.039536140947019618e+02,-5.060523134555260327e+01,7.598601126431906039e+01,7.281566707780704917e+01,2.263474281606532088e+02,-4.622442387047559720e+01,-2.458206764352200366e+02,1.883692037750557233e+02,2.749127625689605026e+01,-9.608431700063987080e+01,-3.519544430318286032e+01,-2.092732625722269120e+02,2.587320705772489760e+01,2.258408665108253786e+02,-2.004096867493697971e+02,6.139348054027229828e+00,7.570061264638971466e+01,6.693656675694791502e+00,1.235107454752252352e+02,-1.076569818510297338e+01,-1.245685223147245324e+02,1.237780440248448173e+02,-1.459497029621118180e+01,-3.758111009354026777e+01,1.103523569924930614e+00,-3.649268436881825295e+01,2.744256347879989733e+00,3.188448847148727694e+01,-3.581286046691975855e+01,4.949164054902430721e+00,9.239260299156621059e+00
3.600491532998872035e+00,-5.013365447150646033e-03,1.015808465203416660e+02,-1.459535688388011465e+01,-2.744074127839294519e+01,8.161504905366550133e+01,2.454594598620415624e+01,-8.854304267627578895e+01,8.023511133160687336e+01,-4.005818648912494950e+02,2.302875685482981893e+01,2.196464559871056395e+02,-4.144777550990681334e+02,1.871177514325891167e+01,3.097176105577483440e+02,-3.178579109263692999e+02,7.973382961921821561e+02,4.264078877572411130e+01,-6.444872064052026417e+02,1.018956761006851934e+03,-2.726034730921041387e+02,-4.796327774644560691e+02,6.006294353889793456e+02,-1.026623968870855151e+03,-1.520419612013527626e+02,1.052104922496174822e+03,-1.521075229444378692e+03,6.323497699362836784e+02,4.142496280760843774e+02,-6.940574551471561335e+02,9.156212227651079729e+02,1.747623081264156326e+02,-1.051427424709233264e+03,1.448768793287560811e+03,-7.495852803306598844e+02,-2.010063253496866480e+02,5.304170950144942935e+02,-5.403986630813301417e+02,-8.748906026670194080e+01,6.212452185224472032e+02,-8.341092284386393203e+02,4.926695560548729418e+02,4.809739358588009850e+01,-2.622394402671270086e+02,1.630655351177074976e+02,1.119726707253817821e+01,-1.718824423432118635e+02,2.258166888479280203e+02,-1.478506999473111421e+02,-5.589004347635446734e+00,6.613114965360445296e+01
4.406437738061714349e+00,5.962495641789667539e-02,1.784064057864168831e+02,7.217101757248327942e+01,-8.126245019691114635e+01,2.289607934321777449e+01,1.880709776822989738e+02,-1.620259016945210817e+02,-1.598237955928961753e+02,-6.515270691605114735e+02,-3.817021045574305731e+02,4.776012119302968131e+02,-1.750513030688549350e+02,-6.787062051812906702e+02,7.024586593867829833e+02,5.121896731014919624e+02,1.214997609067351505e+03,9.482367756451387777e+02,-1.235729132298632749e+03,5.491132357590614674e+02,1.176679397229412416e+03,-1.420560641358137445e+03,-8.124785242120233306e+02,-1.492437138309413967e+03,-1.398595510456020293e+03,1.889975002141112100e+03,-9.503019272729197837e+02,-1.243932935880915693e+03,1.754586861632056070e+03,8.386000619453279796e+02,1.298871342344041295e+03,1.287151554685524388e+03,-1.825529319119469847e+03,9.930083590212508398e+02,8.495146318254884363e+02,-1.421075895148949030e+03,-5.984573934479961963e+02,-7.669453079615512934e+02,-6.951873066957189167e+02,1.062303158191032026e+03,-6.049382140455614945e+02,-3.600306838727890977e+02,7.286690681951621400e+02,2.791630360677643239e+02,2.368819388377175699e+02,1.681671240990848162e+02,-2.923076500462024683e+02,1.685875675067750876e+02,7.438634160377424109e+01,-1.885293036366049648e+02,-6.795817703083227457e+01
-1.302115345391247736e+00,-1.066541197261381725e-02,-2.740127820745530585e+02,9.520980308190711128e+01,8.150445902690979949e+01,-2.305527885269689250e+02,2.126096536135869144e+02,4.008729041016241013e+01,-4.873778709436202234e+02,1.035803536037697540e+03,-2.795040597613717068e+02,-4.722059862398202768e+02,1.086596999244577773e+03,-1.058084493327478185e+03,4.897023494114756659e+01,1.753841120160675473e+03,-1.959314900340718395e+03,3.683896378451865417e+02,1.197971480009108518e+03,-2.455856337377260388e+03,2.467864330905977567e+03,-4.764871188906781185e+02,-3.129931184769881384e+03,2.380307087472313924e+03,-2.655258720572958282e+02,-1.792110172898628889e+03,3.417392565460862897e+03,-3.503897577407919471e+03,1.006028469303521319e+03,3.567856889087061063e+03,-1.969230409141499194e+03,9.989718303812203715e+01,1.700352736066321086e+03,-3.095526270939572896e+03,3.216816745042216098e+03,-1.112680364135527952e+03,-2.763596485444042173e+03,1.057031551886977013e+03,-1.707425491372009319e+01,-9.790070526601583651e+02,1.732507245517780348e+03,-1.817595099484770799e+03,6.875588712404490934e+02,1.392255419594738896e+03,-2.880737865520829928e+02,4.877710922207912247e+00,2.683998034720899568e+02,-4.667528487683267144e+02,4.951219062387826853e+02,-1.917556040828000903e+02,-3.589671478188216724e+02
-4.905978314917247118e+00,-4.955495268569190537e-02,-1.774455063098920959e+02,-5.119010260920371280e+01,7.356332958774800090e+01,-4.888442251757665247e+01,-1.560194673820139997e+02,1.464183100145733931e+02,1.760956966190022683e+02,6.526542773522024845e+02,2.900445685753382463e+02,-4.503078730866877208e+02,2.821389563235545097e+02,5.465041000216192515e+02,-6.649615658053240850e+02,-5.167491372373841614e+02,-1.217837328799519355e+03,-7.613834457672655844e+02,1.191865201762806237e+03,-7.735229309191328184e+02,-9.028604770375310409e+02,1.380883406074889081e+03,7.213063596737747503e+02,1.484738878499597604e+03,1.164901934829619222e+03,-1.849466199341334232e+03,1.248078669655363228e+03,8.847466982745921769e+02,-1.739611918444817547e+03,-6.162330642425456517e+02,-1.273222883345740456e+03,-1.095546205004397279e+03,1.802833471632700139e+03,-1.252699537860738701e+03,-5.392302723481807334e+02,1.437149759490758470e+03,3.297165216285351335e+02,7.373145990955129037e+02,5.971496721717260243e+02,-1.055318504817166513e+03,7.448245267512425016e+02,1.942452326083475498e+02,-7.547962651087610766e+02,-9.417507642854258165e+01,-2.225409109822203106e+02,-1.437849328571996637e+02,2.926413748014062435e+02,-2.045145659452360576e+02,-3.087154457534469287e+01,2.014527227012690958e+02,8.389383549846995081e+00
-2.287457672307268819e+00,3.256848973594259761e-02,1.515584102951509351e+02,-7.305583481594092632e+01,-5.550111320287848571e+01,1.416485961728953953e+02,-2.265141778991580850e+02,5.417952651533734354e+01,3.570436112432308278e+02,-5.538335414735227005e+02,2.374374998915482138e+02,2.425216692103804235e+02,-6.228662847573091312e+02,9.735383884279583526e+02,-3.554132779851335044e+02,-1.262052880997116063e+03,1.002695016916519648e+03,-3.970720115650757975e+02,-4.983603058754540598e+02,1.295723443825890854e+03,-2.016313913923526343e+03,8.982287691075024441e+02,2.232893635978684870e+03,-1.151598085124474665e+03,4.304540090225908671e+02,6.227296550829759099e+02,-1.660513591144547718e+03,2.583937233198752892e+03,-1.284813366586547772e+03,-2.555380307165250088e+03,8.757326974784930371e+02,-3.083677401445751229e+02,-5.096182824951262660e+02,1.399027655027400215e+03,-2.173798795927446008e+03,1.151037855310338728e+03,2.003383614892217565e+03,-4.118608552589771534e+02,1.302698568448557808e+02,2.641426539817721277e+02,-7.421805119103574953e+02,1.143962699308181072e+03,-6.270381629077766092e+02,-1.021648184800710737e+03,9.274967628174103140e+01,-2.212215120414705538e+01,-6.788334130937516875e+01,1.954084259907573085e+02,-2.942302013083910879e+02,1.651997268694077547e+02,2.662594125316300619e+02
-1.238688696175813675e-01,1.090748777933185920e-01,1.200058193206787109e+02,-1.438319396972656250e+01,-6.775460290908813477e+01,1.062301054000854492e+02,-1.042391562461853027e+02,1.185989570617675781e+01,1.400965995788574219e+02,-4.405116958618164062e+02,1.781680679321289062e+01,3.042874526977539062e+02,-4.579896697998046875e+02,4.520696716308593750e+02,-8.730090904235839844e+01,-5.225550537109375000e+02,8.151909408569335938e+02,1.736360359191894531e+01,-6.410636596679687500e+02,9.423029975891113281e+02,-9.327266311645507812e+02,2.158115921020507812e+02,9.880522308349609375e+02,-9.769335098266601562e+02,-5.520732212066650391e+01,8.177006683349609375e+02,-1.188820053100585938e+03,1.175824607849121094e+03,-2.795490646362304688e+02,-1.219163375854492188e+03,8.005495605468750000e+02,4.931299209594726562e+01,-6.696308288574218750e+02,9.729264373779296875e+02,-9.580987701416015625e+02,2.067488861083984375e+02,1.034888572692871094e+03,-4.238874988555908203e+02,-1.711597824096679688e+01,3.354605598449707031e+02,-4.914485092163085938e+02,4.798379898071289062e+02,-7.961072540283203125e+01,-5.698567276000976562e+02,1.128725996017456055e+02,1.044893264770507812e-01,-8.048373985290527344e+01,1.200406570434570312e+02,-1.155371533145706309e+02,9.738674078495238362e+00,1.586186036289694812e+02
