-8.375380864283066273e-02,9.383001153712215714e-02,-3.548467774706679734e+01,1.763617860445625496e+01,-1.571054545613878872e+01,1.131124910114158411e+01,-1.642841506085596848e+01,-9.716022469606286904e-01,2.521394180212337233e+01,1.263621102294964658e+02,-5.879273052730206928e+01,4.002290655641718331e+01,-3.297453022276749834e+01,4.486470895751790522e+01,7.713453881877285312e+00,-9.897564993842752301e+01,-2.252262649413514737e+02,8.752057269767283287e+01,-3.620264598301946535e+01,3.368385522625430895e+01,-4.784255418732755061e+01,-3.395576357214304153e+01,1.966784977555143996e+02,2.553921519296327460e+02,-7.290458235942423926e+01,-7.580163364537838788e+00,1.259548298548907042e-06,7.580160617078945506e+00,7.290458575404773001e+01,-2.553921556849818444e+02,-1.966784945930285176e+02,3.395576074076961959e+01,4.784255646013843943e+01,-3.368385729455076216e+01,3.620264822226454271e+01,-8.752057544261333533e+01,2.252262679502164247e+02,9.897564823497668840e+01,-7.713452372099709464e+00,-4.486471015919141792e+01,3.297453130807753041e+01,-4.002290772308151645e+01,5.879273194693814730e+01,-1.263621117726579541e+02,-2.521394134400816256e+01,9.716018450785668392e-01,1.642841537799404250e+01,-1.131124938545099212e+01,1.571054575969128564e+01,-1.763617897132826329e+01,3.548467814286414068e+01
-2.058013195042413912e+01,8.851788638885329519e-01,-7.659369095643264700e+02,3.974706710364775972e+02,-3.046464119606512213e+02,2.201133123602330670e+02,-3.217461296126848538e+02,-4.797816974451097849e+01,5.307763877430284083e+02,2.725234758489710657e+03,-1.333219744178864858e+03,7.717832831480209279e+02,-6.378407915928873990e+02,8.773540923388700321e+02,2.830387333090693573e+02,-2.106583351112996752e+03,-4.851219498697890231e+03,2.036873592627729522e+03,-6.908971514393815596e+02,6.496901379238061054e+02,-9.383155198874792404e+02,-9.454851526740094414e+02,4.217142911207727593e+03,5.493873548140520143e+03,-1.796304640040070808e+03,-1.600912588985138427e+02,2.436519571347162127e-05,1.600912057504428958e+02,1.796304705704886146e+03,-5.493873620776132157e+03,-4.217142850034902949e+03,9.454850979046095745e+02,9.383155638528842246e+02,-6.496901779334384628e+02,6.908971947554437065e+02,-2.036873645725703682e+03,4.851219556899217423e+03,2.106583318163317927e+03,-2.830387041050234984e+02,-8.773541155838383929e+02,6.378408125876703707e+02,-7.717833057161360557e+02,1.333219771639905957e+03,-2.725234788338237195e+03,-5.307763788816218948e+02,4.797816197066345012e+01,3.217461357474298893e+02,-2.201133178601708096e+02,3.046464178326934871e+02,-3.974706781332911305e+02,7.659369172198789784e+02
6.117787088923590799e-01,-1.207471216545036169e-01,3.159090097089519986e+02,-2.493123673793925832e+02,1.278329520980657463e+02,-7.253430530563969114e+01,5.783183622258115975e+01,-4.720193053790121951e+01,3.420430708600199665e+01,-1.149514102638947406e+03,9.019501296758128319e+02,-4.489195006513496651e+02,2.495403075149380641e+02,-1.880448964339815916e+02,1.522612532487391945e+02,-1.024294023972671255e+02,2.092214528223668822e+03,-1.627293729157742064e+03,7.890415235918777626e+02,-4.282786766603567230e+02,3.063933514707275663e+02,-2.458969223997308688e+02,1.596355580876314093e+02,-2.433870529156546581e+03,1.877663214746101403e+03,-8.892756035597147957e+02,4.726586450871576517e+02,-3.206449505673044769e+02,2.574471108305647817e+02,-1.659106017611279640e+02,1.911594371044790250e+03,-1.465162014180838923e+03,6.804929121564351817e+02,-3.571673481304216011e+02,2.301388942591433420e+02,-1.879129219551577421e+02,1.238402332114931141e+02,-9.619366484609863619e+02,7.345198752840562975e+02,-3.361872061312167830e+02,1.766436067586384127e+02,-1.086147675635367307e+02,9.230588690943315555e+01,-6.334525254234563363e+01,2.418589089133731704e+02,-1.851160435930084702e+02,8.359496707763719314e+01,-4.497293784248141435e+01,2.631441864955758803e+01,-2.408036227075683655e+01,1.700484346949608039e+01
3.863335650703991764e+00,-8.138977348376918997e-02,4.072356761228014648e+02,-1.631934186833794911e+02,-2.311511784919071033e+01,4.718887393674005182e+01,-9.563834382297173420e+00,2.642307059136898317e+01,-4.540573225015310754e+01,-1.489208529001450643e+03,5.864203474678608927e+02,1.433148901282145289e+02,-2.009616008203767024e+02,9.615089598162916218e+01,-1.190222197929859931e+02,1.957445129730562030e+02,2.740918865229347830e+03,-1.037819531266483864e+03,-3.620790187430482092e+02,4.370475851131436684e+02,-2.905203306730414852e+02,2.831333566373260737e+02,-4.065619183188819079e+02,-3.237022484900821837e+03,1.175000771739436459e+03,5.383990663866545674e+02,-5.994066391843912243e+02,4.839409296593646559e+02,-4.236084727006823414e+02,5.396753658522115984e+02,2.593744900122479976e+03,-9.109303887267133177e+02,-5.060566368812731071e+02,5.357961301936365999e+02,-4.956062052109099909e+02,4.066281605674159891e+02,-4.768363352179289905e+02,-1.339937280037219125e+03,4.665663993419857434e+02,2.872835441454316197e+02,-2.916623427835677376e+02,3.029999412982172089e+02,-2.336548710841213961e+02,2.632544615410326969e+02,3.469665883235331307e+02,-1.253673911302981878e+02,-7.872869707366940872e+01,7.393045889400485748e+01,-8.894750684084802117e+01,6.165940953275537595e+01,-7.223927296309096846e+01
7.717518557227817766e+00,-1.015537491841365936e-02,-2.450704111415241186e+02,3.581686832304162635e+02,-1.654518940621556169e+02,-3.492601633507709380e+01,1.702245824730254355e+02,-1.312458944996544119e+02,2.197487578301149824e+00,9.518214032789478551e+02,-1.372239393806049293e+03,7.355554365857287848e+02,8.439982698769335911e+01,-5.377432001459767434e+02,5.103553592760612219e+02,-7.025311146752846980e+01,-1.830283022974358573e+03,2.685196058356938920e+03,-1.616184037014970272e+03,1.854552266497057644e+01,7.593396376913149197e+02,-8.668042199104613701e+02,1.756296824714163449e+02,2.243061420379773153e+03,-3.378011458376357496e+03,2.252829329119832892e+03,-2.923853863976780758e+02,-5.478210296388183451e+02,8.378072944603475207e+02,-1.762364915444736653e+02,-1.826127291774005243e+03,2.840878036709704702e+03,-2.074784364858203844e+03,4.656170891704604742e+02,1.265742706096446000e+02,-4.816693291067761038e+02,7.191795193597363323e+01,9.248468888995344059e+02,-1.495008086511943930e+03,1.188701694141810549e+03,-3.453111310367627311e+02,9.504665924134360466e+01,1.532946984301499924e+02,7.409808344646762635e+00,-2.283443134726392714e+02,3.793222595468156442e+02,-3.327804463157373220e+02,1.067248594431556938e+02,-6.459329336609715710e+01,-2.244551277463295946e+01,-1.605078104175572662e+01
2.327349564096587109e+00,-1.319214524424502932e-03,8.824145006724802442e+01,-2.728419355825466823e+02,4.721920510358364140e+02,-4.653288613223579091e+02,3.656859283848761493e+02,-2.283772735172527462e+02,4.776984674232548400e+01,-3.491099053364803240e+02,1.002383698217517349e+03,-1.701836923121289374e+03,1.701727153782466758e+03,-1.317871467591554847e+03,8.500510571588060884e+02,-2.009545258967912105e+02,6.602870622002628807e+02,-1.779075117236374581e+03,3.008484257081127907e+03,-3.037129675351921378e+03,2.322157167800896787e+03,-1.520625488037804644e+03,3.827082405731830477e+02,-7.712962190661946806e+02,1.967367182350985559e+03,-3.339384076394011572e+03,3.406932251917876329e+03,-2.562370982721746259e+03,1.689093534764164588e+03,-4.288255600271428420e+02,5.976088840990969402e+02,-1.439449114454490882e+03,2.460005862457720468e+03,-2.542318198971333459e+03,1.871906537785053843e+03,-1.237563918198834472e+03,3.032151838812261531e+02,-2.964970824637946407e+02,6.666216077642239952e+02,-1.143256306882060926e+03,1.201686234908853521e+03,-8.607191935904904767e+02,5.719745632785173939e+02,-1.294812060598728749e+02,7.374018465376084919e+01,-1.547190440481658698e+02,2.617807356020058478e+02,-2.829112697805483663e+02,1.943354604047993917e+02,-1.319735923944627984e+02,2.514070304204449258e+01
-6.814031203108322998e+00,-7.733524484163818713e-03,-4.058742615350789151e+01,-7.722102286843724528e+01,-9.772719278366142959e+00,1.725038087006236935e+02,-3.055648948710494324e+02,2.626468103863272177e+02,-7.703544641314579167e+01,1.192885267132165836e+02,3.159374911396844823e+02,-6.003116567207115395e+01,-6.063598219697236118e+02,1.060543193164152399e+03,-1.003451388750442675e+03,3.591358019145862954e+02,-1.734490227083715581e+02,-6.936682040493113846e+02,3.182711644210414192e+02,9.795919181980887060e+02,-1.761125739024001859e+03,1.795114808187774543e+03,-7.254986315491673849e+02,1.506959880513850294e+02,9.772835435473319876e+02,-6.568970864608602369e+02,-9.308592306273354779e+02,1.774662911620707519e+03,-1.955869279066342870e+03,8.420611468588560911e+02,-9.526682249038276495e+01,-8.954487797666630513e+02,7.549438367695568104e+02,5.427401352896674780e+02,-1.136620343451795861e+03,1.386476356664576087e+03,-6.115932344487691807e+02,5.479278166688300189e+01,4.937676353811305603e+02,-4.950614453122234977e+02,-1.821365605614024332e+02,4.332957578370596252e+02,-6.174623397611239852e+02,2.692104467539176085e+02,-1.916280192639142399e+01,-1.246916218908252318e+02,1.520382066251224842e+02,2.924322271527309525e+01,-7.249235143821114491e+01,1.396487123106862498e+02,-5.411104751732804630e+01
-5.945344572576020781e+00,6.552157251861726039e-02,-4.274730310464298100e+02,3.441443674444599878e+02,-3.446111696663349448e+02,3.230825961386078120e+02,-2.760847521733680878e+02,1.485958904296621768e+02,6.008837273770254228e+00,1.587001936748771868e+03,-1.251161041976687557e+03,1.180622766722209690e+03,-1.151046908176326269e+03,9.303278400559635202e+02,-5.234338102435949622e+02,-4.384873467641261868e+01,-2.942631746710263542e+03,2.212044261859306516e+03,-1.972425923978790706e+03,1.974132261142044399e+03,-1.510479265522617425e+03,8.535893946951659927e+02,1.399638941542284556e+02,3.480759109752020322e+03,-2.458256898600288878e+03,2.042454537898775470e+03,-2.100816459807375395e+03,1.491596174717392387e+03,-8.223634699596013888e+02,-2.687601326967424029e+02,-2.784778936289063040e+03,1.832423122105391712e+03,-1.383283580849386908e+03,1.472981203698173204e+03,-9.350690405448026468e+02,4.902711646197026312e+02,3.112568511725273765e+02,1.436322396786454419e+03,-8.829805721598464743e+02,5.828753960474218729e+02,-6.534722362197718439e+02,3.466792583269367469e+02,-1.714517655560598541e+02,-2.086312834994820378e+02,-3.714746829548814162e+02,2.195148732865832244e+02,-1.180041101385589712e+02,1.473094012392487286e+02,-5.511770367781969071e+01,2.931932579368879033e+01,6.712043737331899251e+01
-1.689834509270241147e+00,5.400807674231610650e-02,-1.546633044407422517e+02,1.163814012335669474e+02,-9.474513951945064605e+01,6.413126052255131526e+01,-3.882966811935568785e+01,2.313456166694840022e+01,-4.128352865488579937e+01,5.745696279996429894e+02,-4.225700007842574450e+02,3.211466197082403369e+02,-2.210840491803261330e+02,1.108571666805164568e+02,-6.432683270720895052e+01,1.221613638067185548e+02,-1.070258265282322554e+03,7.541975663449304648e+02,-5.349697805837465694e+02,3.664239764444016600e+02,-1.442670642278060313e+02,7.485032091610401039e+01,-1.746537732747128757e+02,1.276908133530686882e+03,-8.536155870467418936e+02,5.567525323039951672e+02,-3.761706178029187413e+02,9.619330399437376400e+01,-3.551951027261020499e+01,1.510048579241388325e+02,-1.032761861792435866e+03,6.524244054303817393e+02,-3.826057752900198921e+02,2.544085750015585745e+02,-1.831533438769201894e+01,-9.998595486992144288e+00,-8.187201998667160296e+01,5.389296219751001900e+02,-3.234707363132644105e+02,1.658526065171802202e+02,-1.098541969295799845e+02,-1.802550372409177726e+01,1.963647263797224696e+01,2.597900019069675182e+01,-1.412095079562603246e+02,8.257310410400546630e+01,-3.528797292533295149e+01,2.491511455376934236e+01,1.106601334300290773e+01,-6.455909522539911904e+00,-3.101607658974671722e+00
6.968293183132482360e-01,-1.603565176520443947e-01,2.766464141914111678e+02,-2.180495960534594246e+02,1.108156294937970472e+02,-6.001167549456326356e+01,4.765595151722376244e+01,-3.556386441199309445e+01,2.039806296621419790e+01,-1.000309380478229059e+03,7.835607035337557136e+02,-3.838063187388287361e+02,2.019905686153505258e+02,-1.493552816685598543e+02,1.115873498494299838e+02,-5.785695363332308716e+01,1.807487094412766055e+03,-1.404237415549159550e+03,6.653099296210732518e+02,-3.378826506622325496e+02,2.327140885694772976e+02,-1.735363043546763038e+02,8.805670163687955210e+01,-2.087417875659715264e+03,1.611312410302883563e+03,-7.407218010004403368e+02,3.639265394264920133e+02,-2.316076100137430558e+02,1.749309468810515682e+02,-9.291143320625042179e+01,1.629195595476334802e+03,-1.252939570993654797e+03,5.620279647914176167e+02,-2.705284448915012376e+02,1.588115054479238779e+02,-1.252074306007102678e+02,7.468305345851172206e+01,-8.152719188333148850e+02,6.273973410225144107e+02,-2.765788370302284989e+02,1.333114685110703590e+02,-7.272139688337799157e+01,6.242114885739079000e+01,-4.286094395095983600e+01,2.037857829518176516e+02,-1.583158469895249709e+02,6.871261391927708928e+01,-3.434307499670315167e+01,1.740578412608726921e+01,-1.713271668225266353e+01,1.293982810634395264e+01
3.936430572673436323e+00,-9.818896759705239563e-02,3.696917884822994438e+02,-1.523172834918639182e+02,-1.312090905996490164e+01,3.978937283812052783e+01,-2.451451482999146947e+00,2.207062258879756200e+01,-4.778503781583094678e+01,-1.350857113541441322e+03,5.450358296836561749e+02,1.076149481739976181e+02,-1.756910752811322709e+02,7.173298968218881555e+01,-1.026934063296441764e+02,2.031638836364941199e+02,2.482807357453018994e+03,-9.578407594521268038e+02,-3.022392982968408432e+02,3.980956122971831519e+02,-2.521705198116697488e+02,2.563564094492244294e+02,-4.203856977212699348e+02,-2.926969430962339175e+03,1.074369035244517363e+03,4.787019633558743408e+02,-5.660378667883487651e+02,4.499397613751714289e+02,-3.995044612250076170e+02,5.590436275948504772e+02,2.342115860216767942e+03,-8.240668540213264350e+02,-4.693106090137043793e+02,5.211349629373494281e+02,-4.793640361329902362e+02,3.953667426049314599e+02,-4.963549121048818051e+02,-1.209256982179231727e+03,4.184028579050154804e+02,2.748728691799825583e+02,-2.908808607657175571e+02,3.009054333477231467e+02,-2.325917706994052878e+02,2.758849122908904974e+02,3.130644330910779445e+02,-1.121040173466863052e+02,-7.732378839269355808e+01,7.547575215623263034e+01,-9.009039081928088422e+01,6.263058273102819840e+01,-7.623795191984174835e+01
7.428665773411664119e+00,2.850104728108543428e-02,-2.503288443109497621e+02,3.351849517774535343e+02,-1.427534915432206617e+02,-4.485175152467422777e+01,1.823828197103324555e+02,-1.594559408221157355e+02,5.665021931194735316e+01,9.690141398437463067e+02,-1.285516092125964406e+03,6.458219457076588697e+02,1.224979239416452401e+02,-5.896008432118079554e+02,6.202047115398820551e+02,-2.789245917310236109e+02,-1.859823147780762156e+03,2.521747871188102181e+03,-1.443984338930013109e+03,-5.559760658365030395e+01,8.685070504799126638e+02,-1.082265102441646832e+03,5.726923434567725053e+02,2.275795053787633151e+03,-3.182072931382369461e+03,2.044368421409182247e+03,-1.993571063249103190e+02,-6.944819423367084710e+02,1.109659035359023619e+03,-6.593335145464106972e+02,-1.849772822949382316e+03,2.683720331798656389e+03,-1.905247289655932491e+03,3.869189628258229732e+02,2.587058126061567691e+02,-7.134303427673985425e+02,4.685237051452259038e+02,9.347561141078654146e+02,-1.415010098488261065e+03,1.100870417980583852e+03,-3.029916266563307090e+02,1.944483757992111350e+01,2.794830195166714475e+02,-2.010405107245942418e+02,-2.296103804609135750e+02,3.590419006531744799e+02,-3.099101498471792979e+02,9.546372758678099046e+01,-4.300663840249552550e+01,-5.664339292644081070e+01,3.887461890977806434e+01
1.817317814334751036e+00,3.938367736343095782e-03,5.149554388598130572e+01,-2.249030502856277280e+02,4.094614807551652689e+02,-4.037637812663741101e+02,3.043910357961559043e+02,-1.693282899874122052e+02,5.843343132050002886e+00,-2.053164081107511265e+02,8.221948712178541427e+02,-1.476840525892118649e+03,1.476778482303781402e+03,-1.101080733966847447e+03,6.328269457681928998e+02,-4.547093173315164449e+01,3.806453138737952031e+02,-1.448993982560250060e+03,2.612543844916108810e+03,-2.640638698342634598e+03,1.949297508594981309e+03,-1.133783861954569602e+03,1.012246094005065515e+02,-4.261173626152231009e+02,1.587824606050217881e+03,-2.903555902009608872e+03,2.973425214934187352e+03,-2.165021852646105344e+03,1.260390901697804111e+03,-1.109832047882828192e+02,3.108044289602212302e+02,-1.148280546511682132e+03,2.143228543408165933e+03,-2.230210333687035927e+03,1.595679541355633091e+03,-9.242416988540408056e+02,6.593844043940271149e+01,-1.435957559796015630e+02,5.239474758290275531e+02,-9.987435104281494205e+02,1.060825054454795918e+03,-7.422768738458248663e+02,4.278424866070431563e+02,-1.774933007680647279e+01,3.296794336524743585e+01,-1.193563109958488155e+02,2.294888438278227341e+02,-2.514449205455422316e+02,1.701068762918876587e+02,-9.895218295347677895e+01,-7.929290548443077569e-01
-6.890039913436512897e+00,-4.400646565272879618e-02,-3.458080105707273333e+01,-5.671912739142112514e+01,-3.922094561760365394e+01,1.938233982803399726e+02,-3.318776030965211135e+02,3.026179716301527947e+02,-1.385062640112733447e+02,9.815970313671823533e+01,2.386134728877640327e+02,4.860758140665950577e+01,-6.861544657397828360e+02,1.158643910445954816e+03,-1.159515699480677767e+03,5.974683732335557806e+02,-1.343028315912756625e+02,-5.525621298630123874e+02,1.219438871509481146e+02,1.124950617091930781e+03,-1.944478809810787425e+03,2.096689156753946463e+03,-1.183438449802786636e+03,1.031426691559936444e+02,8.158952480311095314e+02,-4.332868290370702766e+02,-1.097901464310927622e+03,1.995152107797832741e+03,-2.327271510532810225e+03,1.402734735254163525e+03,-5.737048883756756368e+01,-7.718393127948800156e+02,5.844225743370495820e+02,6.719002009689735360e+02,-1.316108885071168515e+03,1.695354938083576144e+03,-1.074059546187796059e+03,3.711554923623862123e+01,4.327133278777546934e+02,-4.118509888575594005e+02,-2.465294176595496367e+02,5.275686679315554102e+02,-7.825654490338783944e+02,5.135466554248962439e+02,-1.590276611292892994e+01,-1.091366825692002891e+02,1.315067261920201815e+02,4.564368084380252810e+01,-9.754787612238766314e+01,1.841119942440678869e+02,-1.187703582558363564e+02
-5.840905886945772174e+00,7.968387362730280921e-02,-3.941293002688253182e+02,3.161130190167124852e+02,-3.179583329950701795e+02,2.935568652665093055e+02,-2.465350465853568949e+02,1.158353584202717457e+02,2.848379415853173668e+01,1.461452424342419590e+03,-1.147578646893427731e+03,1.084689305445331229e+03,-1.044373691845925350e+03,8.247864084196605745e+02,-4.058436041308009408e+02,-1.292225827698080138e+02,-2.706482384818025366e+03,2.022607437405476048e+03,-1.802043348242356842e+03,1.785208397153877740e+03,-1.326487326251221930e+03,6.449529204898126409e+02,2.989871636127286365e+02,3.196994032888705078e+03,-2.238025303110979166e+03,1.851241999249270521e+03,-1.890223520114450366e+03,1.290941092450797441e+03,-5.875381231815035790e+02,-4.551936465819908335e+02,-2.554705152707987054e+03,1.660066959210552795e+03,-1.239732920264952554e+03,1.316443717773252502e+03,-7.900182307565382871e+02,3.133878133855405395e+02,4.576930444137933591e+02,1.316939512589354763e+03,-7.966005519256229945e+02,5.143259507147029126e+02,-5.796301077606542549e+02,2.806215730944900315e+02,-8.651839963719794468e+01,-2.821443834856845569e+02,-3.405473445414833691e+02,1.977864093348119638e+02,-1.017226756354218082e+02,1.299429584525628911e+02,-4.030809337991428265e+01,8.869592067262829005e+00,8.558504100554569050e+01
-1.680588441046213077e+00,8.983833373324501270e-02,-1.326269016566922687e+02,9.801626743356382576e+01,-7.900566616809237530e+01,4.887464039263107907e+01,-2.268110409691303175e+01,3.101722321359829948e+00,-2.552351540409563313e+01,4.942064920313958396e+02,-3.565388669285943024e+02,2.655513905814627833e+02,-1.673652473755723804e+02,5.362799969291836533e+01,8.871024297435724293e+00,5.803131830831489424e+01,-9.241877908314803562e+02,6.362083486586743675e+02,-4.375470151186445946e+02,2.730051997415926053e+02,-4.420158371638717654e+01,-5.797659895790184237e+01,-4.838399297133946675e+01,1.107267221816433221e+03,-7.185354755384992131e+02,4.475038802046892670e+02,-2.725234650093066193e+02,-1.535380109165816975e+01,1.187309401656557384e+02,-5.058903252373056603e+00,-8.995354925246681432e+02,5.472165355840907068e+02,-2.990768427444263580e+02,1.761122991943780107e+02,6.632242771125947911e+01,-1.319907903156235989e+02,4.815499326076405850e+01,4.718394736653631298e+02,-2.704805259941133500e+02,1.243408975055892824e+02,-7.135403741396044097e+01,-5.986717422068704764e+01,8.234389958596602810e+01,-4.377672557208870785e+01,-1.242628475812430793e+02,6.910142564564313261e+01,-2.479064305018056302e+01,1.524697428374167885e+01,2.163528821952900216e+01,-2.287537264773800416e+01,1.572457924947298125e+01
8.464782248437501266e-01,-1.782599126403217604e-01,1.984778812179805527e+02,-1.571109176286815909e+02,8.071500547920749113e+01,-3.859783212013164189e+01,2.977291225305106082e+01,-1.441770487036598070e+01,-4.856754783507085449e+00,-7.119259017666022373e+02,5.624463966365360648e+02,-2.751493342434727083e+02,1.254056237752751031e+02,-8.480753907489159360e+01,3.857850712998344989e+01,2.717683669195662333e+01,1.275129224045512274e+03,-1.003475460819348427e+03,4.691128320622428873e+02,-1.992931223981662470e+02,1.143854408320594871e+02,-4.398725092995937302e+01,-5.773431106622138032e+01,-1.459351527338815686e+03,1.147351803877995280e+03,-5.139266517494882009e+02,2.024443408143032457e+02,-9.097840708023068146e+01,2.472931764693612422e+01,7.040521749020035713e+01,1.128993279392739169e+03,-8.907137258703655789e+02,3.848297974527376937e+02,-1.430523953853710282e+02,4.498371780030788614e+01,-5.944404596030608445e+00,-5.106288819062638140e+01,-5.591746349927977917e+02,4.461843259447562104e+02,-1.875474020363533896e+02,6.865121420153518272e+01,-1.327764101255797868e+01,1.215459474272392981e+00,2.011511708769830875e+01,1.377478157215347778e+02,-1.128505614476092660e+02,4.609945766275506429e+01,-1.789844539853800143e+01,1.716911184132186463e+00,-1.350806150631001401e+00,-3.103859006172797308e+00
3.923732795164218246e+00,-1.048386551167385522e-01,2.818871661811253944e+02,-1.157268660464383174e+02,-5.741132968237707246e+00,4.009371240939344716e+01,-7.075880520976852495e+00,3.587135153029208823e+01,-7.753848394545605061e+01,-1.026728983020158921e+03,4.089673206678444330e+02,8.343154913594980826e+01,-1.829970383618306187e+02,9.325822412824419416e+01,-1.560205601894465417e+02,3.126691271217569010e+02,1.880011594464445807e+03,-7.005525013435162691e+02,-2.702558179220277452e+02,4.290460826041630753e+02,-3.057564317735539703e+02,3.647487202987026649e+02,-6.265180973820497456e+02,-2.206391858722941834e+03,7.571854109743417212e+02,4.627110675095609622e+02,-6.291186678710303113e+02,5.350880093463861158e+02,-5.448309539517749727e+02,8.118471156518771750e+02,1.758767795782887333e+03,-5.560589333205771254e+02,-4.784762548383851026e+02,5.963692849736474955e+02,-5.681839814157754063e+02,5.285932354949354703e+02,-7.082669950752333534e+02,-9.060342030864985645e+02,2.722991044361988315e+02,2.927776089736712493e+02,-3.435679365562814382e+02,3.583092458266989979e+02,-3.108431196605538389e+02,3.904324802429355259e+02,2.341763134314802528e+02,-7.216316199938978571e+01,-8.561330715086808141e+01,9.280327169973148216e+01,-1.080137145354980248e+02,8.542894565199435419e+01,-1.072533379170888566e+02
6.601732913581201956e+00,6.925511806894671385e-02,-2.355469901975961875e+02,2.858696723421221577e+02,-1.173002212645005784e+02,-3.054555597202613626e+01,1.636856559730817366e+02,-1.554072252177604696e+02,8.160980801640585014e+01,9.157097254801192321e+02,-1.106100981228155433e+03,5.466670339241245529e+02,6.810300703042094028e+01,-5.311323697949776488e+02,6.052581755101887211e+02,-3.654108040358723883e+02,-1.766181388795332168e+03,2.191936955370167198e+03,-1.252145683233932687e+03,3.811461104098953001e+01,7.882420979837522736e+02,-1.069839187148244491e+03,7.303123841155920672e+02,2.170350172378774005e+03,-2.793630378873702284e+03,1.804984848313885777e+03,-2.949914020228811751e+02,-6.417009272003228944e+02,1.125496681516453464e+03,-8.540007940484101709e+02,-1.769299487040896565e+03,2.376969221511848446e+03,-1.703301419246155092e+03,4.486641313983808459e+02,2.548085935152921593e+02,-7.561036671318852314e+02,6.364775548561319738e+02,8.950360284050348127e+02,-1.262018631848550285e+03,9.929330742167837798e+02,-3.273395090802657705e+02,8.394051289201343025e-01,3.173581957678907202e+02,-2.950795397089477774e+02,-2.188952661980813446e+02,3.215673740109948540e+02,-2.810068014854767853e+02,1.003316670002760702e+02,-3.267395256317820440e+01,-7.003414013185329168e+01,6.554076726754328774e+01
9.731134740954157092e-01,4.468955571101801416e-03,6.101752577433217084e+00,-1.463990095403153191e+02,2.939173386423764214e+02,-2.994869237757480960e+02,2.190366856431442386e+02,-9.755939516451314830e+01,-3.363991965299203457e+01,-2.604825348064696300e+01,5.336507871389330830e+02,-1.069408645639683982e+03,1.108636280375804745e+03,-8.111519103832735027e+02,3.746951925019366172e+02,1.039406066983387973e+02,3.345248566208101693e+01,-9.371862927358188244e+02,1.912641608724539310e+03,-2.016858757232300832e+03,1.478116916135534893e+03,-6.915499317459034501e+02,-1.697638731591905525e+02,-2.665381161594268633e+00,1.022851244697994844e+03,-2.156440840994460359e+03,2.321760199808932157e+03,-1.701701199090913406e+03,7.964165646167884915e+02,1.908809457326733536e+02,-3.627607319242815720e+01,-7.354803091192370630e+02,1.620658367980967341e+03,-1.787090561652096994e+03,1.309770573087809680e+03,-6.089198020171079406e+02,-1.542073144042606145e+02,3.967479563628558026e+01,3.323524687539172646e+02,-7.715543425716909951e+02,8.752259412445332600e+02,-6.408458923507744203e+02,2.954268652541873053e+02,8.332950811305636307e+01,-1.578410551764090997e+01,-7.429672695795798631e+01,1.816970618689232424e+02,-2.137490417122814677e+02,1.555660494194407875e+02,-7.152681478504268853e+01,-2.373909601795276103e+01
-6.385750018833871167e+00,-7.834551647293222509e-02,1.211126606579227882e+00,-5.053808122622609744e+01,-4.832109685784655539e+01,1.741947915718252489e+02,-3.118568806623978844e+02,3.073117549351798061e+02,-1.831031922330483894e+02,-3.727918073489991002e+01,2.186771033452428128e+02,8.448895749003349920e+01,-6.132337776494130139e+02,1.093660284196710109e+03,-1.184242612898589869e+03,7.644876997668852709e+02,1.241345086600422292e+02,-5.206379865267231253e+02,5.190746101906239574e+01,9.951862122227837517e+02,-1.850334626603541892e+03,2.168255302954178660e+03,-1.505076824803524687e+03,-2.117973763802488065e+02,7.839329381474599359e+02,-3.450310526266250122e+02,-9.557261440774207131e+02,1.923176046414703706e+03,-2.453629591696638272e+03,1.809069396178222632e+03,1.997688491535664070e+02,-7.512531026592016588e+02,5.089969884834271170e+02,5.704761637037852324e+02,-1.294439742754841063e+03,1.835916415876115025e+03,-1.425589345274171137e+03,-9.530466816726925572e+01,4.248944654924669067e+02,-3.704676121102609159e+02,-2.017429443497510420e+02,5.367098610821474267e+02,-8.766221793602094294e+02,7.096002914903174315e+02,1.692586800016266579e+01,-1.077354563875186386e+02,1.197889079748446477e+02,3.606190287692069774e+01,-1.056240982090947682e+02,2.139900471089483744e+02,-1.737529602637414428e+02
-5.067268665643272385e+00,9.198526770304006617e-02,-2.954138036666184917e+02,2.355723955068365569e+02,-2.422617362472587956e+02,2.196234938515385124e+02,-1.823573954465991847e+02,5.598450992294328898e+01,7.402311985356323021e+01,1.092439186194912509e+03,-8.534213099145026717e+02,8.204954905049173703e+02,-7.820486469894276524e+02,6.062797385905528245e+02,-1.911406501052060776e+02,-2.991349845021595684e+02,-2.017410878280160205e+03,1.494703383437494040e+03,-1.349252482341165887e+03,1.332753949375437969e+03,-9.657791283445885711e+02,2.693992812675769528e+02,6.115207662671164144e+02,2.374880310899330198e+03,-1.637875472936771530e+03,1.364268398558173885e+03,-1.401901313613031562e+03,9.231162836461598999e+02,-1.755145552677713567e+02,-8.182706284651794704e+02,-1.891440478209586217e+03,1.200511863151565194e+03,-8.917152513514229213e+02,9.664582425535750190e+02,-5.457561274323597900e+02,1.211682735226168006e+01,7.416710183962950396e+02,9.728385419096796340e+02,-5.697373957428134190e+02,3.567387695313582299e+02,-4.202851136296385448e+02,1.806097076999262754e+02,5.480181969117711560e+01,-4.251766161904233741e+02,-2.510559360474935602e+02,1.407434365322282019e+02,-6.638310372556105676e+01,9.331501679817927197e+01,-2.083957536813318256e+01,-2.508827919386908434e+01,1.217781419117707173e+02
-1.437223414835882007e+00,1.318104451800916344e-01,-8.613273487059237254e+01,6.247400901959287012e+01,-5.035341653915298821e+01,2.528215612263466028e+01,-3.571198766472889474e-01,-2.760388244132514046e+01,1.221566156190556285e+01,3.246810132270055647e+02,-2.294752032532830981e+02,1.674158373980435499e+02,-8.590806800223754180e+01,-2.163788816850774310e+01,1.200975398466316619e+02,-8.345696795452931838e+01,-6.145223943266464630e+02,4.107510840903828466e+02,-2.705540179783934036e+02,1.343735932609324664e+02,8.202666553857216059e+01,-2.598959507343697624e+02,2.166944984556812415e+02,7.442689577770179312e+02,-4.619785834185909152e+02,2.658274083335982141e+02,-1.215981212134975067e+02,-1.513588031379813401e+02,3.559208838880767871e+02,-3.249656065981325810e+02,-6.102176747026812791e+02,3.477792865884548519e+02,-1.641652214605187510e+02,6.334607296660942666e+01,1.674266092565112558e+02,-3.240276758410127513e+02,3.126200831217483938e+02,3.227817720338264280e+02,-1.692478483953202613e+02,5.879103570289998970e+01,-1.562814797212513440e+01,-1.098470261315987955e+02,1.845849456518135412e+02,-1.858279248264179841e+02,-8.548239001519698377e+01,4.272336533955279947e+01,-8.448842722622543988e+00,8.064804624748376227e-01,3.449678099339598702e+01,-5.090543007287578803e+01,5.424322940390379699e+01
1.109769684767900833e+00,-1.665049995240855119e-01,1.166745481311124877e+02,-9.580459847463430378e+01,5.318518272289736615e+01,-1.711930235881504814e+01,1.020717511571258029e+01,1.276534243540362468e+01,-4.147229039757280589e+01,-4.135194144401816629e+02,3.441231165391523064e+02,-1.775962802444100817e+02,4.964144680086076278e+01,-1.313426923470477448e+01,-5.806741527006829529e+01,1.581116914680342234e+02,7.300848522285114086e+02,-6.125955961098470652e+02,2.943435526161745202e+02,-6.162862016709573254e+01,-2.075365707423577533e+01,1.341214305435128153e+02,-2.970801699308885873e+02,-8.201119959535008093e+02,6.965359161769429193e+02,-3.099759044917145729e+02,3.802702400135530070e+01,7.698839832665703398e+01,-1.918102445952840753e+02,3.568974755904237099e+02,6.190817191881897088e+02,-5.366606933534794734e+02,2.207548585529309548e+02,-7.289311562908970643e+00,-9.931652996325215099e+01,1.758681456772069396e+02,-2.869794686473424008e+02,-2.958101104127404142e+02,2.663907128921887306e+02,-1.011563437138740937e+02,-4.426728428413014171e+00,6.734085482394016253e+01,-9.782563721902192810e+01,1.461607382501642860e+02,6.888092316509923307e+01,-6.671700516978803819e+01,2.278881584839381347e+01,1.939279292548633293e+00,-2.108055772523164251e+01,2.571485952054763402e+01,-3.719006350300378472e+01
4.273417446480539894e+00,-1.015202031399682070e-01,1.886146754038913969e+02,-6.898130261364485705e+01,-7.584705072396673131e+00,5.827409500165947520e+01,-2.976771782960864243e+01,7.794158294943849796e+01,-1.493743549134785553e+02,-6.794690615487397736e+02,2.303128800050490099e+02,1.045830915135811665e+02,-2.659828218271661626e+02,1.933228895602178170e+02,-3.211199364024137139e+02,5.841302790902036577e+02,1.228973647837894532e+03,-3.499153686322824797e+02,-3.452392653258293649e+02,6.219120482373691630e+02,-5.286728848666896283e+02,6.974412833171072634e+02,-1.144582317585656710e+03,-1.420655516475435434e+03,3.083589465548757289e+02,6.037126924854401295e+02,-9.130626273251004932e+02,8.522359952233496188e+02,-9.799483828718894074e+02,1.450500107914016553e+03,1.115855112166320396e+03,-1.653100185988478188e+02,-6.389505627528424156e+02,8.726186298416930640e+02,-8.690703094738923937e+02,9.140799025628166419e+02,-1.242705102752617677e+03,-5.685796990604276289e+02,5.515969892117118434e+01,4.013859796915501192e+02,-5.112311183260230791e+02,5.378261852288901537e+02,-5.283469731483664873e+02,6.771620230888474907e+02,1.456295858632615818e+02,-1.236124263184927941e+01,-1.204094999762464084e+02,1.421960731567464791e+02,-1.605770114971676321e+02,1.460403699104967927e+02,-1.841786374068246914e+02
6.129464358083910547e+00,8.971435880478600966e-02,-2.107869133867088749e+02,2.427132637444869943e+02,-1.063877799350821078e+02,3.564755319086430063e+00,1.337607774035738259e+02,-1.291385654799488520e+02,6.147587350691856045e+01,8.334402014584466087e+02,-9.609026348723909905e+02,5.159280625751298430e+02,-6.735211201708216322e+01,-4.249556402576317851e+02,5.051817030872207397e+02,-2.759851264758781326e+02,-1.631953309826207260e+03,1.948602955894144543e+03,-1.212333800802043697e+03,2.974554161952701179e+02,6.093927024327983872e+02,-8.947249741842442745e+02,5.509723641568853054e+02,2.030320992810717144e+03,-2.535200767133192130e+03,1.774883472798956063e+03,-6.058256527389171424e+02,-4.596597250150061882e+02,9.424141677579427778e+02,-6.386972247853409499e+02,-1.669287607369609759e+03,2.194295143324181481e+03,-1.691627198708389642e+03,6.968890742343212423e+02,1.377289110564834118e+02,-6.351064350191954873e+02,4.693915407574168057e+02,8.471664558968586789e+02,-1.180642201015109094e+03,9.932780440945937244e+02,-4.532721980190647173e+02,4.476939746927200758e+01,2.697039724827791360e+02,-2.144648504327251430e+02,-2.058890223973862703e+02,3.035660002890235774e+02,-2.822157730242537923e+02,1.322074403173872952e+02,-3.946680296372801422e+01,-6.137171317326738063e+01,4.662666709202721904e+01
-4.456346403003408341e-11,-6.354972104105627295e-12,-2.363793101579904032e+01,-8.487418731295088037e+01,1.942554286196589146e+02,-2.233103638840196936e+02,1.695283366313196325e+02,-5.974297834581739153e+01,-4.371382845084713153e+01,8.955767518769243907e+01,3.190042105680322493e+02,-7.361253562539841369e+02,8.623053850823077937e+02,-6.714091891877101261e+02,2.524640979467585566e+02,1.437113676925137042e+02,-1.836726990976876550e+02,-5.858052128138715489e+02,1.381208934627252347e+03,-1.652598898031259750e+03,1.318513645077172896e+03,-5.209170421512790199e+02,-2.369543404229152657e+02,2.515733455093213706e+02,6.772895764708464412e+02,-1.647301622140862037e+03,2.017267902901597381e+03,-1.647301622704481815e+03,6.772895779534192116e+02,2.515733427977356769e+02,-2.369543425067204225e+02,-5.209170410612150590e+02,1.318513644717694888e+03,-1.652598898124569814e+03,1.381208935193603793e+03,-5.858052141588032100e+02,-1.836726967296235671e+02,1.437113687074315749e+02,2.524640974438425474e+02,-6.714091890548704669e+02,8.623053851817555824e+02,-7.361253566074337868e+02,3.190042113430454265e+02,8.955767386821207765e+01,-4.371382869401139715e+01,-5.974297823356899784e+01,1.695283366121303459e+02,-2.233103639240849816e+02,1.942554287279347136e+02,-8.487418753524298154e+01,-2.363793064862875326e+01
-6.129464358067523655e+00,-8.971435879813779990e-02,4.662666917270382783e+01,-6.137171506904405760e+01,-3.946680141383984619e+01,1.322074388788733756e+02,-2.822157714310526444e+02,3.035659982837566986e+02,-2.058890201260896902e+02,-2.144648585175691551e+02,2.697039798027890356e+02,4.476939152217926221e+01,-4.532721925358426915e+02,9.932780380674157641e+02,-1.180642193494863022e+03,8.471664474666413298e+02,4.693915564698545495e+02,-6.351064491436200115e+02,1.377289224531331797e+02,6.968890638001439584e+02,-1.691627187326874264e+03,2.194295129245283533e+03,-1.669287591746935504e+03,-6.386972443305471643e+02,9.424141851891013175e+02,-4.596597389759585326e+02,-6.058256400500254131e+02,1.774883459063911687e+03,-2.535200750285217509e+03,2.030320974296922941e+03,5.509723805638989234e+02,-8.947249886921990765e+02,6.093927139618906494e+02,2.974554057946747889e+02,-1.212333789629191415e+03,1.948602942298803100e+03,-1.631953295023373357e+03,-2.759851352834455156e+02,5.051817108056474126e+02,-4.249556463416211045e+02,-6.735210656972481047e+01,5.159280567664213777e+02,-9.609026278575975084e+02,8.334401938849641738e+02,6.147587586720828767e+01,-1.291385675294076236e+02,1.337607790057992929e+02,3.564753895142416695e+00,-1.063877784273961424e+02,2.427132619364226684e+02,-2.107869114495988470e+02
-4.273417446446004853e+00,1.015202031462351523e-01,-1.841786355851503458e+02,1.460403682595492114e+02,-1.605770101530355305e+02,1.421960719137130127e+02,-1.204094986046868598e+02,-1.236124434961243423e+01,1.456295877941192884e+02,6.771620160323002438e+02,-5.283469667951782185e+02,5.378261800888428752e+02,-5.112311136030598391e+02,4.013859745192394257e+02,5.515970534118696378e+01,-5.685797061950379430e+02,-1.242705089076303238e+03,9.140798903411222227e+02,-8.690702996541258472e+02,8.726186208804829221e+02,-6.389505530141159397e+02,-1.653100305790503626e+02,1.115855125330483133e+03,1.450500090943217174e+03,-9.799483678300204019e+02,8.522359832275183180e+02,-9.130626164563727798e+02,6.037126807649656257e+02,3.083589608462862088e+02,-1.420655532008593582e+03,-1.144582303371019634e+03,6.974412708284612563e+02,-5.286728749854437410e+02,6.219120393506791515e+02,-3.452392558162900968e+02,-3.499153801293359720e+02,1.228973660203493637e+03,5.841302714747956770e+02,-3.211199297731891420e+02,1.933228843579220211e+02,-2.659828171835142712e+02,1.045830865820253166e+02,2.303128859190519506e+02,-6.794690678468850820e+02,-1.493743528764558732e+02,7.794158119283571295e+01,-2.976771646258362125e+01,5.827409379050061489e+01,-7.584703795580480801e+00,-6.898130413320859589e+01,1.886146770073719381e+02
-1.109769684769854603e+00,1.665049995229733737e-01,-3.719006322765449113e+01,2.571485924944704493e+01,-2.108055748897368176e+01,1.939279060574563118e+00,2.278881611869201151e+01,-6.671700552676725238e+01,6.888092358811627491e+01,1.461607371742211399e+02,-9.782563616914467275e+01,6.734085391557573530e+01,-4.426727542520893621e+00,-1.011563447388180066e+02,2.663907142348080015e+02,-2.958101119881393970e+02,-2.869794665444068187e+02,1.758681436455308358e+02,-9.931652821920943097e+01,-7.289313251690145989e+00,2.207548604926014377e+02,-5.366606958737247624e+02,6.190817221164797957e+02,3.568974729590484003e+02,-1.918102420801214976e+02,7.698839618568672449e+01,3.802702605904960365e+01,-3.099759068378098164e+02,6.965359192007908860e+02,-8.201119994336368109e+02,-2.970801677078934517e+02,1.341214284428306200e+02,-2.075365530185081298e+01,-6.162862185751419020e+01,2.943435545296051714e+02,-6.125955985569453333e+02,7.300848550191367394e+02,1.581116902661760832e+02,-5.806741414779253319e+01,-1.313427017283174791e+01,4.964144768869346080e+01,-1.775962812422922070e+02,3.441231178059033482e+02,-4.135194158724834779e+02,-4.147229007285551461e+01,1.276534213588320199e+01,1.020717536373945222e+01,-1.711930259171379021e+01,5.318518298288040569e+01,-9.580459880240277926e+01,1.166745484987898180e+02
1.437223414834884139e+00,-1.318104451784345432e-01,5.424322897657339126e+01,-5.090542968376485078e+01,3.449678067777585966e+01,8.064807521222689957e-01,-8.448843039294104074e+00,4.272336573331591580e+01,-8.548239045587854434e+01,-1.858279231550768600e+02,1.845849441432296771e+02,-1.098470249169893123e+02,-1.562814907899257832e+01,5.879103690398085291e+01,-1.692478498760553975e+02,3.227817736738397798e+02,3.126200798529889653e+02,-3.240276729183083262e+02,1.674266069217853783e+02,6.334607507871385224e+01,-1.641652237352930115e+02,3.477792893692881080e+02,-6.102176777515787762e+02,-3.249656025066133225e+02,3.559208802662101334e+02,-1.513588002685453375e+02,-1.215981237900481631e+02,2.658274110880327044e+02,-4.619785867586215318e+02,7.442689614037335559e+02,2.166944949997673575e+02,-2.598959477069747663e+02,8.202666316048089357e+01,1.343735953802614631e+02,-2.705540202277538810e+02,4.107510867970913750e+02,-6.145223972392877840e+02,-8.345696608773209846e+01,1.200975382286445665e+02,-2.163788690850307006e+01,-8.590806911673655577e+01,1.674158385727776022e+02,-2.294752046567637080e+02,3.246810147248497742e+02,1.221566105843026939e+01,-2.760388200958898608e+01,-3.571202099511197048e-01,2.528215641531892288e+01,-5.035341684564019715e+01,6.247400938338444121e+01,-8.613273525600357061e+01
5.067268665679772077e+00,-9.198526769051007523e-02,1.217781400038775246e+02,-2.508827740367360093e+01,-2.083957685862696962e+01,9.331501819978086587e+01,-6.638310529432851581e+01,1.407434385315641521e+02,-2.510559383460040408e+02,-4.251766086913430627e+02,5.480181272146910487e+01,1.806097134577003089e+02,-4.202851190038584264e+02,3.567387755019165070e+02,-5.697374032893794720e+02,9.728385505055721296e+02,7.416710036634540302e+02,1.211684090657035995e+01,-5.457561385371582219e+02,9.664582528397916121e+02,-8.917152626939259790e+02,1.200511877372629897e+03,-1.891440494262878929e+03,-8.182706099476599775e+02,-1.755145721223543660e+02,9.231162973358523232e+02,-1.401901326195708862e+03,1.364268412331662148e+03,-1.637875490072568937e+03,2.374880330078769475e+03,6.115207505653852422e+02,2.693992954010263929e+02,-9.657791397224307275e+02,1.332753959752615629e+03,-1.349252493620082532e+03,1.494703397368122751e+03,-2.017410893749769457e+03,-2.991349759884324158e+02,-1.911406576819167640e+02,6.062797446352333282e+02,-7.820486524603952603e+02,8.204954964113494498e+02,-8.534213171608880657e+02,1.092439194184938970e+03,7.402311754867108107e+01,5.598451195087926635e+01,-1.823573970500255541e+02,2.196234952920154910e+02,-2.422617377926451354e+02,2.355723973913745795e+02,-2.954138057317154562e+02
6.385750018842444753e+00,7.834551648245741129e-02,-1.737529623799800902e+02,2.139900490369382169e+02,-1.056240997775398682e+02,3.606190432058428996e+01,1.197889063939926473e+02,-1.077354544233651268e+02,1.692586580827764919e+01,7.096002997641498951e+02,-8.766221868386310234e+02,5.367098671228250168e+02,-2.017429498702479123e+02,-3.704676061103873508e+02,4.248944580998550009e+02,-9.530465999502848717e+01,-1.425589361444341193e+03,1.835916430365994529e+03,-1.294439754370006085e+03,5.704761742405116820e+02,5.089969771177256916e+02,-7.512530887687917129e+02,1.997688339366613945e+02,1.809069416395592270e+03,-2.453629609646368408e+03,1.923176060687919744e+03,-9.557261569277940225e+02,-3.450310388676589355e+02,7.839329214620556741e+02,-2.117973582554404857e+02,-1.505076841854010127e+03,2.168255317945542629e+03,-1.850334638425053072e+03,9.951862227852216165e+02,5.190744979084593069e+01,-5.206379730086664495e+02,1.241344940884264361e+02,7.644877089591564072e+02,-1.184242620899980466e+03,1.093660290452663048e+03,-6.132337831970417028e+02,8.448896334702385502e+01,2.186770963404069335e+02,-3.727917323543442762e+01,-1.831031947063233929e+02,3.073117570663397373e+02,-3.118568823145333226e+02,1.741947930261906095e+02,-4.832109838349060738e+01,-5.053807941239801949e+01,1.211124675961400499e+00
-9.731134741934903687e-01,-4.468955586437367566e-03,-2.373909599454714225e+01,-7.152681492591887036e+01,1.555660496117354796e+02,-2.137490419546975318e+02,1.816970622060716778e+02,-7.429672748010420946e+01,-1.578410479643389408e+01,8.332950789914411871e+01,2.954268658908968064e+02,-6.408458931563154692e+02,8.752259422260731299e+02,-7.715543439121443043e+02,3.323524708006270885e+02,3.967479283755892538e+01,-1.542073137613406288e+02,-6.089198034154669585e+02,1.309770574754345944e+03,-1.787090563625288496e+03,1.620658370631717844e+03,-7.354803131143999053e+02,-3.627606778228437179e+01,1.908809446595532791e+02,7.964165665448699656e+02,-1.701701201279111046e+03,2.321760202335801750e+03,-2.156440844338969328e+03,1.022851249678740714e+03,-2.665387843968346715e+00,-1.697638720317127081e+02,-6.915499335174426960e+02,1.478116918064137280e+03,-2.016858759410310995e+03,1.912641611568806184e+03,-9.371862969246503781e+02,3.345249123216490261e+01,1.039406059697207070e+02,3.746951935350099916e+02,-8.111519114674854336e+02,1.108636281575534895e+03,-1.069408647187214228e+03,5.336507893944290117e+02,-2.604825645449818694e+01,-3.363991942319569262e+01,-9.755939546421598152e+01,2.190366859474365810e+02,-2.994869241060612239e+02,2.939173390636128715e+02,-1.463990101481454076e+02,6.101753372549865162e+00
-6.601732913555675708e+00,-6.925511806468928611e-02,6.554076954931497312e+01,-7.003414216020360072e+01,-3.267395094616748707e+01,1.003316655382112117e+02,-2.810067999100358520e+02,3.215673720855079409e+02,-2.188952640857723964e+02,-2.950795485771275253e+02,3.173582035988072221e+02,8.393989265615715567e-01,-3.273395035104406361e+02,9.929330682615350270e+02,-1.262018624635144079e+03,8.950360205766191939e+02,6.364775720926450049e+02,-7.561036822398475579e+02,2.548086053971542810e+02,4.486641208043251936e+02,-1.703301408007256214e+03,2.376969208017897472e+03,-1.769299472548394988e+03,-8.540008154877868947e+02,1.125496700157049418e+03,-6.417009417507098306e+02,-2.949913891449855328e+02,1.804984834757951830e+03,-2.793630362735188100e+03,2.170350155216234270e+03,7.303124021069980927e+02,-1.069839202656943144e+03,7.882421099944506295e+02,3.811460049030347363e+01,-1.252145672212052887e+03,2.191936942353597260e+03,-1.766181375079053396e+03,-3.654108136878896858e+02,6.052581837561644988e+02,-5.311323761295254826e+02,6.810301255331978609e+01,5.466670281969309144e+02,-1.106100974514951304e+03,9.157097184646372625e+02,8.160981060030837853e+01,-1.554072274053714864e+02,1.636856576399725327e+02,-3.054555741470687735e+01,-1.173002197789207912e+02,2.858696706126420395e+02,-2.355469884036147050e+02
-3.923732795124676542e+00,1.048386551183014409e-01,-1.072533361183195666e+02,8.542894403544437409e+01,-1.080137132305774230e+02,9.280327050423966284e+01,-8.561330584563506818e+01,-7.216316361431154291e+01,2.341763152209978216e+02,3.904324732687764481e+02,-3.108431134361717341e+02,3.583092408348784375e+02,-3.435679320129202097e+02,2.927776040507060316e+02,2.722991104727443599e+02,-9.060342096997865156e+02,-7.082669815483018283e+02,5.285932235158261392e+02,-5.681839718768237617e+02,5.963692763519720756e+02,-4.784762455680993298e+02,-5.560589445867444738e+02,1.758767807987427659e+03,8.118470988564861273e+02,-5.448309392036146619e+02,5.350879976918922694e+02,-6.291186574134335387e+02,4.627110563520891446e+02,7.571854244160495000e+02,-2.206391873127126019e+03,-6.265180833081990386e+02,3.647487080514663376e+02,-3.057564221729544442e+02,4.290460740537464517e+02,-2.702558088693986065e+02,-7.005525121581085841e+02,1.880011605934731051e+03,3.126691195798114222e+02,-1.560205536878765997e+02,9.325821907394879418e+01,-1.829970338943035131e+02,8.343154444162519212e+01,4.089673262312189763e+02,-1.026728988864166240e+03,-7.753848192796590411e+01,3.587134980766018089e+01,-7.075879193067521555e+00,4.009371124438473544e+01,-5.741131752995897841e+00,-1.157268674759748137e+02,2.818871676695152928e+02
-8.464782248469777670e-01,1.782599126363411390e-01,-3.103858699285780176e+00,-1.350806461000956915e+00,1.716911460339588302e+00,-1.789844567429383915e+01,4.609945798840067255e+01,-1.128505618825845431e+02,1.377478162417944532e+02,2.011511588119698146e+01,1.215460681307604318e+00,-1.327764207802056262e+01,6.865121525765835031e+01,-1.875474032746924422e+02,4.461843275858827838e+02,-5.591746369378579402e+02,-5.106288581924485470e+01,-5.944406940943736117e+00,4.498371985200083145e+01,-1.430523974037050721e+02,3.848297998021826061e+02,-8.907137289597267227e+02,1.128993283021023672e+03,7.040521450698201988e+01,2.472932056024728809e+01,-9.097840960566645663e+01,2.024443432791858868e+02,-5.139266545980226510e+02,1.147351807594734055e+03,-1.459351531665652146e+03,-5.773430853278819086e+01,-4.398725337181849682e+01,1.143854429282773708e+02,-1.992931244277106089e+02,4.691128343908931129e+02,-1.003475463835251503e+03,1.275129227527158946e+03,2.717683531508691885e+01,3.857850843917640304e+01,-8.480754018747575174e+01,1.254056248437927934e+02,-2.751493354608046502e+02,5.624463982020561161e+02,-7.119259035598643095e+02,-4.856754409447205489e+00,-1.441770522112176423e+01,2.977291254806959842e+01,-3.859783240114927594e+01,8.071500579719327106e+01,-1.571109180349390044e+02,1.984778816800690038e+02
1.680588441046685810e+00,-8.983833372926033900e-02,1.572457868546371174e+01,-2.287537212972029010e+01,2.163528779533157831e+01,1.524697467716461574e+01,-2.479064348538136642e+01,6.910142619402688524e+01,-1.242628482040058771e+02,-4.377672336236537376e+01,8.234389757498342988e+01,-5.986717258646922346e+01,-7.135403891875388638e+01,1.243408991578677387e+02,-2.704805280588573169e+02,4.718394759874845477e+02,4.815498893187532303e+01,-1.319907864146230168e+02,6.632242456684366516e+01,1.761123020682263132e+02,-2.990768458765069227e+02,5.472165394661578830e+02,-8.995354968494684726e+02,-5.058897824927043985e+00,1.187309353255686801e+02,-1.535379722333595964e+01,-2.725234685180190581e+02,4.475038840005190650e+02,-7.185354802063629904e+02,1.107267226969977855e+03,-4.838399756291551057e+01,-5.797659490698674745e+01,-4.420158692568082870e+01,2.730052026302857939e+02,-4.375470182213780390e+02,6.362083524458594184e+02,-9.241877949777472168e+02,5.803132079283241040e+01,8.871022129518191690e+00,5.362800139519720233e+01,-1.673652488961956806e+02,2.655513922035497671e+02,-3.565388688948278286e+02,4.942064941676162562e+02,-2.552351607545148227e+01,3.101722900737314603e+00,-2.268110454781589169e+01,4.887464079243954984e+01,-7.900566659181936302e+01,9.801626794396145215e+01,-1.326269022074684472e+02
5.840905886987720841e+00,-7.968387360920164975e-02,8.558503879440650053e+01,8.869594130370160201e+00,-4.030809508831373478e+01,1.299429600505314397e+02,-1.017226774145755144e+02,1.977864115904874325e+02,-3.405473471205859823e+02,-2.821443747893226828e+02,-8.651840767252178921e+01,2.806215796956857957e+02,-5.796301138889832600e+02,5.143259574872458870e+02,-7.966005604419478914e+02,1.316939522238300924e+03,4.576930273191555898e+02,3.133878290178636234e+02,-7.900182434913049292e+02,1.316443729505336478e+03,-1.239732933134224368e+03,1.660066975264449866e+03,-2.554705170737190201e+03,-4.551936250850176293e+02,-5.875381426270123484e+02,1.290941108154127960e+03,-1.890223534469389961e+03,1.851242014881419891e+03,-2.238025322463341581e+03,3.196994054442282504e+03,2.989871453763707905e+02,6.449529368013700150e+02,-1.326487339306341710e+03,1.785208408995905302e+03,-1.802043361047893995e+03,2.022607453145908948e+03,-2.706482402215340699e+03,-1.292225728778457778e+02,-4.058436128779301839e+02,8.247864153574771535e+02,-1.044373698091207189e+03,1.084689312154053368e+03,-1.147578655085964783e+03,1.461452433335711248e+03,2.848379147962486968e+01,1.158353607622011623e+02,-2.465350484262743294e+02,2.935568669114356908e+02,-3.179583347511959346e+02,3.161130211487015913e+02,-3.941293025954578297e+02
6.890039913436844188e+00,4.400646566313085040e-02,-1.187703604563293993e+02,1.841119962180787297e+02,-9.754787770126404212e+01,4.564368226940445084e+01,1.315067246651940422e+02,-1.091366807211961714e+02,-1.590276811192188688e+01,5.135466640247323085e+02,-7.825654566876819445e+02,5.275686740099472445e+02,-2.465294231088157062e+02,-4.118509830654697907e+02,4.327133209265193727e+02,3.711555668209985015e+01,-1.074059562986643868e+03,1.695354952906063772e+03,-1.316108896753575209e+03,6.719002113654132700e+02,5.844225633695996294e+02,-7.718392997399969317e+02,-5.737050269264000235e+01,1.402734756244142773e+03,-2.327271528883602514e+03,1.995152122145751036e+03,-1.097901476983986413e+03,-4.332868157662796875e+02,8.158952323561679805e+02,1.031426856508114724e+02,-1.183438467489861068e+03,2.096689172068474363e+03,-1.944478821685967432e+03,1.124950627502142197e+03,1.219438763270845811e+02,-5.525621171694510849e+02,-1.343028448476688936e+02,5.974683827585495237e+02,-1.159515707646474084e+03,1.158643916724676728e+03,-6.861544712031336530e+02,4.860758704877844139e+01,2.386134663137490861e+02,9.815970995710813440e+01,-1.385062665702869253e+02,3.026179738022767651e+02,-3.318776047527392166e+02,1.938233997111287863e+02,-3.922094708594386248e+01,-5.671912569032383544e+01,-3.458080281225738872e+01
-1.817317814451095970e+00,-3.938367757393368418e-03,-7.929287564463720628e-01,-9.895218335604272397e+01,1.701068767032751907e+02,-2.514449209951758348e+02,2.294888443990946598e+02,-1.193563118216616203e+02,3.296794444387342082e+01,-1.774933138705500824e+01,4.278424882727972545e+02,-7.422768755043273359e+02,1.060825056235922830e+03,-9.987435126651203063e+02,5.239474790293570550e+02,-1.435957601260015508e+02,6.593844326500766329e+01,-9.242417022730783174e+02,1.595679544680138633e+03,-2.230210337200905087e+03,2.143228547773411265e+03,-1.148280552696509403e+03,3.108044369099952746e+02,-1.109832086399442233e+02,1.260390906162641841e+03,-2.165021856894516077e+03,2.973425219359177390e+03,-2.903555907451496751e+03,1.587824613690783735e+03,-4.261173723616884672e+02,1.012246129131108319e+02,-1.133783865873862851e+03,1.949297512250304408e+03,-2.640638702098460271e+03,2.612543849492178197e+03,-1.448993988931109925e+03,3.806453219422182883e+02,-4.547093377075452736e+01,6.328269479640725876e+02,-1.101080735976646793e+03,1.476778484342609772e+03,-1.476840528355019160e+03,8.221948746199323068e+02,-2.053164123904389271e+02,5.843343720646771544e+00,-1.693282906016088418e+02,3.043910363483964829e+02,-4.037637818197684965e+02,4.094614814184269562e+02,-2.249030511950595610e+02,5.149554502306273207e+01
-7.428665773375898063e+00,-2.850104727705179974e-02,3.887462137739498758e+01,-5.664339508608850338e+01,-4.300663670994822496e+01,9.546372608550416317e+01,-3.099101482645983197e+02,3.590418987682583065e+02,-2.296103784558308689e+02,-2.010405203119398720e+02,2.794830278510153221e+02,1.944483109109114594e+01,-3.029916209404998426e+02,1.100870412003024285e+03,-1.415010091434596688e+03,9.347561066898488207e+02,4.685237237721472638e+02,-7.134303588392713209e+02,2.587058250306590708e+02,3.869189519601118263e+02,-1.905247278382708828e+03,2.683720318615520227e+03,-1.849772809235772002e+03,-6.593335377030389282e+02,1.109659055178324252e+03,-6.944819575431079102e+02,-1.993570931245376414e+02,2.044368407821055371e+03,-3.182072915628734336e+03,2.275795037566647807e+03,5.726923628757594997e+02,-1.082265118919942779e+03,8.685070630238406011e+02,-5.559761739119494450e+01,-1.443984327890178974e+03,2.521747858492613886e+03,-1.859823134830410709e+03,-2.789246021392600596e+02,6.202047202938983901e+02,-5.896008498221190166e+02,1.224979295944076512e+02,6.458219399760355373e+02,-1.285516085584291432e+03,9.690141332268685801e+02,5.665022209484368432e+01,-1.594559431419118027e+02,1.823828214479486860e+02,-4.485175299976367569e+01,-1.427534900580533304e+02,3.351849500939310929e+02,-2.503288426207218436e+02
-3.936430572624877833e+00,9.818896759626979942e-02,-7.623794998891008845e+01,6.263058100722244603e+01,-9.009038943703697555e+01,7.547575089916301749e+01,-7.732378703167410094e+01,-1.121040190139151491e+02,3.130644349163567313e+02,2.758849048028150719e+02,-2.325917640616817152e+02,3.009054280603672851e+02,-2.908808559887479532e+02,2.748728640473545966e+02,4.184028641359182075e+02,-1.209256988922250457e+03,-4.963548975794078615e+02,3.953667298302087261e+02,-4.793640260301531271e+02,5.211349538734930320e+02,-4.693105993502358615e+02,-8.240668656479429046e+02,2.342115872657133878e+03,5.590436095588903527e+02,-3.995044454984850972e+02,4.499397490335213661e+02,-5.660378557966332664e+02,4.787019517277622072e+02,1.074369049113134679e+03,-2.926969445640606864e+03,-4.203856826087067020e+02,2.563563963914557462e+02,-2.521705096472487639e+02,3.980956033122820372e+02,-3.022392888648810185e+02,-9.578407706072175642e+02,2.482807369138092326e+03,2.031638755393337306e+02,-1.026933993994950924e+02,7.173298433266654683e+01,-1.756910705881705326e+02,1.076149432846759737e+02,5.450358354202853661e+02,-1.350857119493048231e+03,-4.778503565052756130e+01,2.207062075326120976e+01,-2.451450078091170326e+00,3.978937161483622731e+01,-1.312090779479308367e+01,-1.523172849653487901e+02,3.696917899975796900e+02
-6.968293183183913442e-01,1.603565176454944674e-01,1.293982854335757793e+01,-1.713271712066907071e+01,1.740578451380537217e+01,-3.434307538177165497e+01,6.871261437196267252e+01,-1.583158475919410648e+02,2.037857836700709413e+02,-4.286094567199785388e+01,6.242115056469117462e+01,-7.272139838060547845e+01,1.333114699871343873e+02,-2.765788387531401895e+02,6.273973432973562012e+02,-8.152719215214046926e+02,7.468305684632443331e+01,-1.252074339214982501e+02,1.588115083339607736e+02,-2.705284477147906728e+02,5.620279680628900678e+02,-1.252939575279568089e+03,1.629195600496082989e+03,-9.291143747382074025e+01,1.749309510116127058e+02,-2.316076135694784170e+02,3.639265428773242093e+02,-7.407218049700604752e+02,1.611312415463778962e+03,-2.087417881652690994e+03,8.805670526531298492e+01,-1.735363078204272824e+02,2.327140915235877401e+02,-3.378826535059479284e+02,6.653099328688422247e+02,-1.404237419740738915e+03,1.807487099240857788e+03,-5.785695560745239163e+01,1.115873517094619274e+02,-1.493552832378804851e+02,2.019905701137076903e+02,-3.838063204380705429e+02,7.835607057116767464e+02,-1.000309382968125647e+03,2.039806350302183091e+01,-3.556386491078728795e+01,4.765595193371575533e+01,-6.001167588896157667e+01,1.108156299380648306e+02,-2.180495966192224842e+02,2.766464148338627638e+02
1.689834509272623686e+00,-5.400807673701534667e-02,-3.101608300587940903e+00,-6.455908932466343231e+00,1.106601285897133380e+01,2.491511500368213206e+01,-3.528797342442439344e+01,8.257310473520720961e+01,-1.412095086762802794e+02,2.597900270635091147e+01,1.963647034593782337e+01,-1.802550185850606113e+01,-1.098541986510825836e+02,1.658526084127142894e+02,-3.234707386908576154e+02,5.389296246617227553e+02,-8.187202491838820606e+01,-9.998591038339782244e+00,-1.831533797889585458e+01,2.544085782904985535e+02,-3.826057788845362211e+02,6.524244099026554977e+02,-1.032761866799603013e+03,1.510048641112791756e+02,-3.551951579533192671e+01,9.619330841434594959e+01,-3.761706218199462910e+02,5.567525366620320710e+02,-8.536155924268678064e+02,1.276908139501703772e+03,-1.746537785127240170e+02,7.485032554089688972e+01,-1.442670678965041589e+02,3.664239797530256055e+02,-5.349697841476386202e+02,7.541975707123392567e+02,-1.070258270089992038e+03,1.221613666429689147e+02,-6.432683518370038200e+01,1.108571686274816557e+02,-2.210840509228207793e+02,3.211466215723451114e+02,-4.225700030530756521e+02,5.745696304787184090e+02,-4.128352942181072649e+01,2.313456232918957767e+01,-3.882966863536694291e+01,6.413126098094062399e+01,-9.474514000668193603e+01,1.163814018229079466e+02,-1.546633050805030507e+02
5.945344572620279600e+00,-6.552157249821369267e-02,6.712043512401760381e+01,2.931932788535391410e+01,-5.511770540403745144e+01,1.473094028484803459e+02,-1.180041119242151808e+02,2.195148755429686389e+02,-3.714746855259049880e+02,-2.086312746490011705e+02,-1.714517737051351105e+02,3.466792649985379740e+02,-6.534722423924633858e+02,5.828754028460457448e+02,-8.829805806807962654e+02,1.436322406408266033e+03,3.112568337679367687e+02,4.902711804779846716e+02,-9.350690534184807348e+02,1.472981215517620058e+03,-1.383283593771176129e+03,1.832423138172616746e+03,-2.784778954274770513e+03,-2.687601108020871834e+02,-8.223634896915214085e+02,1.491596190595682629e+03,-2.100816474272454343e+03,2.042454553598812709e+03,-2.458256917975228134e+03,3.480759131263868767e+03,1.399638755746660763e+02,8.535894112513408345e+02,-1.510479278726283610e+03,1.974132273077753780e+03,-1.972425936843746967e+03,2.212044277624234383e+03,-2.942631764083555026e+03,-4.384872459556845570e+01,-5.234338191239555726e+02,9.303278470743566686e+02,-1.151046914472662593e+03,1.180622773464236161e+03,-1.251161050185570275e+03,1.587001945735186382e+03,6.008834543097464120e+00,1.485958928077736800e+02,-2.760847540361047550e+02,3.230825977974309353e+02,-3.446111714318230952e+02,3.441443695817424668e+02,-4.274730333729016820e+02
6.814031203100151757e+00,7.733524492520432725e-03,-5.411104956516714992e+01,1.396487141285608686e+02,-7.249235287525470994e+01,2.924322399481201273e+01,1.520382052780553295e+02,-1.246916202957929727e+02,-1.916280360353766810e+01,2.692104547495446241e+02,-6.174623468040222178e+02,4.332957633656370717e+02,-1.821365654493602051e+02,-4.950614402055211940e+02,4.937676293866943524e+02,5.479278790514945285e+01,-6.115932500518183588e+02,1.386476370292820320e+03,-1.136620354069982341e+03,5.427401446091762409e+02,7.549438271064609580e+02,-8.954487685178028187e+02,-9.526683408434473677e+01,8.420611663336753736e+02,-1.955869295923238951e+03,1.774662924651110416e+03,-9.308592419793130830e+02,-6.568970747772164032e+02,9.772835300523402111e+02,1.506960018390091136e+02,-7.254986479398849042e+02,1.795114822240936974e+03,-1.761125749798533434e+03,9.795919275148380621e+02,3.182711549003215623e+02,-6.936681931314051326e+02,-1.734490337766183075e+02,3.591358107290498083e+02,-1.003451396234431286e+03,1.060543198854466027e+03,-6.063598268538689808e+02,-6.003116071470140014e+01,3.159374854916204640e+02,1.192885324011185730e+02,-7.703544877729746077e+01,2.626468123741376530e+02,-3.055648963699516116e+02,1.725038099780003904e+02,-9.772720566737916670e+00,-7.722102140890501687e+01,-4.058742761531811993e+01
-2.327349564222602751e+00,1.319214499250070949e-03,2.514070347638971725e+01,-1.319735929210580707e+02,1.943354609159072197e+02,-2.829112703207626964e+02,2.617807362714970623e+02,-1.547190449963600258e+02,7.374018587088721688e+01,-1.294812079137673209e+02,5.719745654332486993e+02,-8.607191956380784177e+02,1.201686237040176366e+03,-1.143256309495981895e+03,6.666216114310045668e+02,-2.964970871350924426e+02,3.032151877918288392e+02,-1.237563922580084409e+03,1.871906541867354008e+03,-2.542318203161285055e+03,2.460005867545730325e+03,-1.439449121527912212e+03,5.976088930439145770e+02,-4.288255652622365233e+02,1.689093540439211210e+03,-2.562370987913644058e+03,3.406932257177620158e+03,-3.339384082722592211e+03,1.967367191075529263e+03,-7.712962300213039271e+02,3.827082452747881689e+02,-1.520625492983012009e+03,2.322157172248207644e+03,-3.037129679802963437e+03,3.008484262391544689e+03,-1.779075124500690436e+03,6.602870712615840603e+02,-2.009545285872936802e+02,8.500510599106628433e+02,-1.317871470026561383e+03,1.701727156191864651e+03,-1.701836925973662801e+03,1.002383702091618034e+03,-3.491099101394211175e+02,4.776984750985229766e+01,-2.283772742819064661e+02,3.656859290511631571e+02,-4.653288619744782864e+02,4.721920518024512603e+02,-2.728419366168486704e+02,8.824145134255923040e+01
-7.717518557184500416e+00,1.015537492383755680e-02,-1.605077858176407801e+01,-2.244551490857278964e+01,-6.459329171033894568e+01,1.067248579917883262e+02,-3.327804448076119570e+02,3.793222577831147646e+02,-2.283443116402777378e+02,7.409798794083599205e+00,1.532947066596880177e+02,9.504665289774197845e+01,-3.453111255146523035e+02,1.188701688450149959e+03,-1.495008079919371085e+03,9.248468821332062362e+02,7.191797047721274794e+01,-4.816693449655786026e+02,1.265742827481030872e+02,4.656170786798720655e+02,-2.074784354132478256e+03,2.840878024401223229e+03,-1.826127279286236444e+03,-1.762365145757230493e+02,8.378073140024011991e+02,-5.478210444847918552e+02,-2.923853736619530537e+02,2.252829316202034533e+03,-3.378011443683197285e+03,2.243061405632150127e+03,1.756297017676688483e+02,-8.668042361449643067e+02,7.593396499282443983e+02,1.854551224609167548e+01,-1.616184026529221228e+03,2.685196046529214073e+03,-1.830283011219064065e+03,-7.025312179909087718e+01,5.103553678923358348e+02,-5.377432065886141572e+02,8.439983243211327135e+01,7.355554311474697897e+02,-1.372239387719073420e+03,9.518213972826051759e+02,2.197490337231101876e+00,-1.312458967803415817e+02,1.702245841646877125e+02,-3.492601775419916521e+01,-1.654518926547639239e+02,3.581686816661681405e+02,-2.450704096126137301e+02
-3.863335650649514896e+00,8.138977348254834709e-02,-7.223927099280149378e+01,6.165940778182525150e+01,-8.894750544321473740e+01,7.393045762928511522e+01,-7.872869571228102359e+01,-1.253673927861705124e+02,3.469665901202797613e+02,2.632544539024758024e+02,-2.336548643438168256e+02,3.029999359535208896e+02,-2.916623379788929924e+02,2.872835390131076565e+02,4.665664055278502929e+02,-1.339937286670448884e+03,-4.768363204049292108e+02,4.066281475990804211e+02,-4.956061950016380706e+02,5.357961210800240224e+02,-5.060566272217092774e+02,-9.109304002643293643e+02,2.593744912352165557e+03,5.396753474653072544e+02,-4.236084567409620831e+02,4.839409171917277490e+02,-5.994066281360346693e+02,5.383990547676385177e+02,1.175000785495572927e+03,-3.237022499321014038e+03,-4.065619029180329562e+02,2.831333433907354902e+02,-2.905203204086446931e+02,4.370475760854214968e+02,-3.620790093224859447e+02,-1.037819542325552902e+03,2.740918876700976398e+03,1.957445047250839707e+02,-1.190222127655538316e+02,9.615089058182411463e+01,-2.009615961071444872e+02,1.433148852472386352e+02,5.864203531518269301e+02,-1.489208534839941422e+03,-4.540573004568750548e+01,2.642306873100062603e+01,-9.563832964912080570e+00,4.718887270882385110e+01,-2.311511658693234494e+01,-1.631934201423628110e+02,4.072356776080050622e+02
-6.117787088990116473e-01,1.207471216464525154e-01,1.700484400789639494e+01,-2.408036280456752820e+01,2.631441911712590809e+01,-4.497293830302868400e+01,8.359496761513696583e+01,-1.851160443037217647e+02,2.418589097558999583e+02,-6.334525466290551776e+01,9.230588898872133541e+01,-1.086147693695156704e+02,1.766436085243669822e+02,-3.361872081771971352e+02,7.345198779681750239e+02,-9.619366516146137656e+02,1.238402373860398029e+02,-1.879129260003317086e+02,2.301388977411029373e+02,-3.571673515084521568e+02,6.804929160421588676e+02,-1.465162019238670837e+03,1.911594376935179753e+03,-1.659106070197855445e+02,2.574471158630278751e+02,-3.206449548582140778e+02,4.726586492169299163e+02,-8.892756082755995521e+02,1.877663220837943300e+03,-2.433870536190985149e+03,1.596355625582597213e+02,-2.458969266227391017e+02,3.063933550362389724e+02,-4.282786800642070375e+02,7.890415274510387462e+02,-1.627293734106673583e+03,2.092214533892783948e+03,-1.024294048290131514e+02,1.522612555152461482e+02,-1.880448983283758935e+02,2.495403093087288653e+02,-4.489195026709166996e+02,9.019501322479354712e+02,-1.149514105563694102e+03,3.420430774697854304e+01,-4.720193114564534653e+01,5.783183672537069242e+01,-7.253430577787537459e+01,1.278329526261904903e+02,-2.493123680477458493e+02,3.159090104639399215e+02
