7.798577654981210250e-01,7.013974642574943852e-02,-3.408302699457108065e-02,-6.625306769715773314e-02,-1.119842555664904704e-01,-1.325345571610062334e-01,-1.047794191424072235e-01,-5.173969277234247849e-02,-1.602449735070226450e-02,-2.525104326405041427e-02,-1.637653936951221148e-02,6.796648036254565942e-03,2.957163557446471081e-02,1.412602979053167486e-02,-1.025938168276584878e-02,-8.155451860489453322e-03,-1.433829306644684998e-02,1.195691114110077231e-02,5.047634693614391765e-02,8.179140051272436318e-02,5.517290784263691877e-02,6.568966081174304125e-03,-4.741090013550908005e-04,-6.056756102761220485e-03,5.415486120248095073e-03,-1.521892390702483770e-03,4.728554017100394814e-14,1.521892390688320837e-03,-5.415486120178509243e-03,6.056756102796503026e-03,4.741090013528337084e-04,-6.568966081224278906e-03,-5.517290784272654847e-02,-8.179140051259185806e-02,-5.047634693632264274e-02,-1.195691114113336083e-02,1.433829306648907835e-02,8.155451860460734975e-03,1.025938168284976776e-02,-1.412602979042626612e-02,-2.957163557468456966e-02,-6.796648036009478137e-03,1.637653936938675975e-02,2.525104326405661417e-02,1.602449735065110403e-02,5.173969277229276825e-02,1.047794191424774451e-01,1.325345571609287953e-01,1.119842555665513106e-01,6.625306769716995947e-02,3.408302699457958079e-02
-3.165621068178185449e-01,6.045274109590675904e-01,-8.717109463713448858e-02,-9.759639915836486324e-02,-7.195801961017274373e-02,9.734340959913684310e-03,1.752940328008669238e-02,3.101691122607945668e-03,4.337504494207305994e-02,-9.077477063641767319e-02,-6.231922744786511786e-02,-8.435642340941508499e-02,-2.318421950440602980e-02,1.331040367450982490e-02,-5.054575594059189381e-03,6.185655144985756360e-02,-8.376861375198929593e-02,-9.046166622718799285e-04,-4.578403640492097193e-02,-1.452610254922668924e-02,1.245599769117822567e-02,-2.499210501334971427e-02,7.228364478846260877e-02,-7.713596644334647090e-02,3.292730697572963244e-02,-1.607880188124986842e-02,8.113928807878999848e-14,1.607880188113871775e-02,-3.292730697556815744e-02,7.713596644325107499e-02,-7.228364478843472829e-02,2.499210501330922929e-02,-1.245599769111385008e-02,1.452610254912417055e-02,4.578403640497296506e-02,9.046166622537386241e-04,8.376861375200318760e-02,-6.185655144982050990e-02,5.054575593967696595e-03,-1.331040367456213028e-02,2.318421950448052923e-02,8.435642340932666960e-02,6.231922744794311797e-02,9.077477063637912069e-02,-4.337504494207874983e-02,-3.101691122569232711e-03,-1.752940328006695817e-02,-9.734340959908840962e-03,7.195801961018886972e-02,9.759639915830996271e-02,8.717109463712796602e-02
-4.038256743898578638e-03,-8.111465872014431144e-02,1.338017817965368450e-01,3.803229430838192537e-02,-4.675141378522888053e-02,-1.255828080844772522e-02,2.129769564361665146e-02,1.145545423019283908e-02,2.260205628993016552e-02,1.558040369664782654e-01,4.529137494979659784e-02,-1.603548636333086697e-02,6.725484021483756937e-03,1.525694396859579582e-02,2.086123282439178873e-03,2.999852355281249980e-02,1.342946988919948292e-01,1.906292876369432981e-02,-1.449414796946500760e-03,1.016031358955691265e-02,3.193596584637658532e-03,-8.185377689065416462e-03,3.395057857717195121e-02,7.768475118521167566e-02,-2.290274760368185558e-02,-2.639374583024418588e-05,1.733121832721985995e-03,-4.045314086185540850e-03,-1.125997259202988175e-02,3.305466615786277484e-02,1.741199677679719157e-02,-4.885171031014532567e-02,2.441988233504299201e-03,-6.489452096371668179e-03,3.886078481587966829e-04,-3.371676329344707422e-03,2.838237282695107652e-02,-1.893096808870710357e-02,-4.540702324508551213e-02,9.850469027608842881e-03,-9.196264420452009147e-03,1.228118814166967963e-02,1.089940762517833256e-02,2.236638085878960361e-02,-2.677568640525588781e-02,-2.535377511692448946e-02,1.445984207537992852e-02,-9.176480276594052229e-03,2.168006116366487032e-02,2.244615175422562392e-02,1.673170624238650220e-02
1.581097236841521106e-02,-6.320093456179060043e-02,1.567277127270453319e-01,2.304038056017612690e-01,3.655569935641643509e-02,-6.865691983791386011e-02,3.285629374718780638e-02,2.494811829980703166e-02,1.952062205303588607e-02,1.472797298642367081e-01,2.265291407337207408e-01,8.226772248940128485e-02,-1.423614031655396663e-02,3.314761357747894599e-02,4.045651120288449275e-03,2.220773970159488353e-02,8.838627889872867349e-02,1.267452072607409275e-01,4.005531867135131430e-02,-8.020763910226835075e-03,1.409596573972148395e-02,-1.756736980009072913e-02,2.416776370635839027e-02,1.371305836948048112e-02,4.180315480670777906e-03,-2.431622942087622100e-02,-1.495427279052130055e-02,4.087282090348861446e-03,-2.223952729558432984e-02,2.612939670772518666e-02,-3.480147449914979679e-02,-5.755966433850790570e-02,-3.658436113953644070e-02,-3.950119443972668724e-03,1.110423591532376866e-02,-9.000803295830906575e-03,2.699438195770058335e-02,-4.287253681223059804e-02,-4.493114183911434828e-02,-1.278829178394083567e-03,7.504807480620515232e-03,1.338867303674978922e-02,6.395730993675764579e-03,2.480106406721837090e-02,-2.692240559875309913e-02,-5.633471931394878895e-03,2.697135281421537620e-02,-7.475867921932033075e-03,-4.581964215327176231e-03,1.070540439687286093e-02,1.922378919727113500e-02
1.174302364555593683e-02,-5.307706910379206972e-02,3.251485170064263158e-02,2.064266696804640255e-01,3.180362683607670382e-01,3.487595461614720338e-02,-3.767634672045289124e-02,3.948915113739213945e-02,2.159578643328252320e-02,1.160379600695246767e-02,1.462726686290063971e-01,2.882116862286159820e-01,7.411173533179327144e-02,-3.342379630824036593e-03,3.550061227235305761e-02,1.848894953070646593e-02,-1.343340321226496603e-02,2.904004431493898558e-02,1.232115596720251699e-01,1.058625824822479779e-02,-1.072922937394767129e-02,1.322260435796859292e-02,1.214254437107751237e-02,-2.355940315428075790e-02,-5.651875786568832244e-02,-2.632670803343332283e-02,-4.749101970105401582e-02,-1.318768590265471941e-02,-3.233989662583490292e-03,8.953878875701874046e-03,-1.359521383385167183e-02,-5.988559078397389518e-02,-5.429439406459848905e-02,-2.864877089025715667e-02,1.100589265056113250e-02,-2.438944209988614352e-03,1.085843614968806485e-02,3.596338098046435693e-03,-1.413944510828257263e-02,-5.047328944289725637e-03,1.519765982779367787e-02,2.664132686443320894e-02,2.907272685369512687e-03,1.353697237617537512e-02,1.303641968472246150e-02,1.922175391713231915e-02,2.133135530948965589e-02,7.494265523256218690e-03,2.291884807492835727e-03,-1.444966791162823625e-03,1.248984253555873204e-02
-1.227575367407119783e-01,-1.718636260295270876e-02,-1.352218056500186470e-02,-3.674145071762593886e-03,2.337277011686567929e-01,3.675875382216882703e-01,6.410666949721517682e-02,-3.851720625030879280e-02,-6.115727576388767066e-03,-1.189170497597791601e-02,-4.344718587443427427e-02,1.003401350071014969e-01,2.634161553782879972e-01,4.791908956739718978e-02,-1.826218967125535497e-02,2.851285734116267186e-03,-1.706876235010317596e-03,-4.387158481127927806e-02,-2.471790809303096512e-02,9.222320362910155223e-02,-1.056436608749527876e-02,-4.947210847152341828e-03,1.010799497304747281e-02,8.819196383602241618e-03,-7.400694857995085765e-03,-6.892141513129923514e-02,-3.167955252846359898e-02,-5.668021355620668500e-02,3.564972982079061756e-03,1.271776364521628143e-02,1.098578271909893614e-02,3.079794921985326214e-02,-3.594428504727929796e-02,-4.626732435304133778e-02,-4.604843922811455853e-02,1.442868984367780619e-02,1.116212493255380571e-02,4.534773116746701471e-03,4.151961799035736728e-02,1.554516942769893287e-02,1.302302297084034950e-02,9.984241765085069553e-03,2.816850300781775090e-02,8.092678801317509593e-03,-3.663823119900108151e-03,2.680034391143347461e-02,4.020324308724947809e-02,7.164534131908484316e-02,6.466177060654354491e-02,3.808292757899190556e-02,5.696048718935043005e-03
-2.290024499558115101e-01,4.469105124122776246e-02,-1.596723154992458343e-02,-3.780794480003528413e-02,-2.938932310799458741e-02,2.396891485753497864e-01,3.525456033537560097e-01,1.172535087717149066e-01,-6.069514192327219934e-03,-8.457504180645239455e-03,-2.517422886825405881e-02,-8.567029783877098958e-02,7.252057621517890573e-02,1.916400216340388152e-01,4.441817816676980890e-02,-2.339037120596423880e-02,5.783928798023201152e-03,1.615123266391290530e-02,-5.076980516064868998e-02,-1.444142857851260855e-02,4.275648703421319752e-02,-2.312115663519847056e-02,-3.113466030345601876e-02,1.607471675304562517e-02,4.105812020592834732e-02,2.182253377530381623e-04,-3.724352063276255981e-02,-4.320327140886073836e-02,-5.044447725737448429e-02,-2.172036105572102554e-02,1.749299284144790328e-02,3.134214649767656097e-02,1.170615245539911864e-02,-3.387291419171113011e-02,-5.338364007397377459e-02,-2.949907537783777109e-02,7.384503545300872326e-04,1.521157128864665357e-02,1.715276173690047715e-02,1.966342051578120337e-02,8.946928328832051691e-03,3.975940288307664057e-03,2.080347243858685774e-02,2.371089037204098665e-02,1.534373730484492673e-02,2.842473976523166024e-02,7.150467838984894686e-02,1.028117549981901468e-01,9.462915610723590665e-02,6.921936638902030647e-02,3.618666118236611717e-02
-1.442367260593225287e-01,6.650882343888958603e-02,-4.861148378874026801e-03,-1.912750688750333716e-02,-3.837085538447871508e-02,-1.596811753580543863e-02,2.245844800358925419e-01,2.464785088243969247e-01,7.574548615271080310e-02,5.585538752034508586e-03,-6.077914623454144447e-03,-1.036747074492541838e-02,-7.003923743904416632e-02,8.441375232330181055e-02,1.489140104361812711e-01,4.432592580944941241e-02,1.872291149934703081e-02,2.392895342750728759e-03,3.745777426813028804e-02,-4.411235309575536889e-02,-1.367779575835684040e-02,3.682672642652537465e-02,1.609675672096465369e-03,2.872303339846958223e-02,-8.331942373691067841e-03,4.085027110211923718e-02,-4.978846558169144898e-03,-4.477085482738005912e-02,-3.344773950051489753e-02,-2.890191509228456912e-02,3.441014744461289715e-02,-2.067620023998492304e-02,3.119636690348911567e-03,-2.686178302441811507e-04,-2.898784612442248734e-02,-4.004680930444776826e-02,-3.291311637490244163e-02,3.836695913417184634e-02,-3.421667164007704751e-03,-3.750995885349100480e-03,4.431221848462242249e-03,1.152236880124986491e-02,-2.791613990853806203e-03,-1.570815892936054670e-02,4.086177559970247120e-02,4.366750971960722816e-02,5.621476618186703467e-02,5.162601892014749561e-02,6.059591543473367287e-02,4.019462063443709349e-02,5.432319238322011121e-03
-4.139871454891130842e-02,5.567577969742451560e-02,9.633445467396070661e-03,-4.460501189671254034e-04,-2.535609505418966961e-03,-2.555183271785904306e-02,2.581336101807702246e-02,8.921088058094775453e-02,8.551389685921600980e-02,1.538883362652950643e-02,-8.509057143965018067e-04,1.211177622944260845e-02,-2.070256657621975110e-02,-7.342556646561196158e-03,5.711792518740962943e-02,8.536548404859317651e-02,2.026955279458158080e-02,-6.180782094459442988e-03,2.019801669738287633e-02,-5.358234391183398304e-04,-2.193498599594179838e-02,1.285421332860996364e-02,6.018414959070617770e-02,2.311248013692436890e-02,-1.329310780403633249e-02,9.761619094019785906e-03,9.305584492853027911e-03,-1.667347248868929557e-02,-2.174030785983768754e-02,1.945084956573314705e-02,2.434577018783990604e-02,-1.137322257671857621e-02,-5.455096605072220182e-03,7.565899394212141074e-04,-2.311964111565519963e-03,-3.142697533286043649e-02,-1.613561725040337999e-02,2.468835056423289431e-02,5.948300085304661887e-03,-1.605246143734382150e-04,-6.487332638677228459e-03,1.274637793282601406e-02,-1.799335078714690492e-02,-3.104950262231341920e-02,2.363197020304104445e-02,3.018566835034222282e-02,2.853772829243090767e-02,4.379364776237090404e-03,2.484654401333797127e-02,3.142809145946581523e-03,-2.617897284439184638e-02
4.865254787524253555e-03,-1.046737107183355331e-01,1.087218338165183845e-01,-8.954144581366473010e-03,-5.088740602036369992e-02,-3.725411667171329554e-03,3.095570904191280448e-02,1.779408658934086840e-02,2.821835128929135739e-02,1.550882479532511571e-01,2.062052231283154416e-02,-1.165592900186016717e-02,4.360753670950394401e-03,1.684149305493729681e-02,5.527723710998646255e-03,3.711877883667923095e-02,1.673521441645401397e-01,2.411975392063343132e-02,1.083014236589935515e-02,1.941960535450954796e-03,1.272136232875741577e-03,-7.012664750527909836e-03,4.222987266994546185e-02,1.355621706004916383e-01,-1.745010726808026054e-03,1.045417742170167558e-02,-4.439523675238244566e-03,-3.698689145059995496e-03,-1.089020330988938433e-02,4.188239380726171274e-02,7.803454383453781174e-02,-3.496147835677641119e-02,4.430357756126960742e-04,-6.530344911439166754e-03,3.971019475402477045e-03,-3.346717178258350710e-03,3.688723193949808993e-02,2.526794923635506188e-02,-5.172989231219651124e-02,-5.734223204148896670e-03,-3.921671670116657314e-03,1.547825257942220603e-02,9.829111165100781755e-03,2.959838760581706349e-02,-4.366287991576648861e-03,-4.695292549650426778e-02,-5.855588725431796343e-03,-1.226219108999323853e-03,2.140098128471695088e-02,1.975175277689654799e-02,2.202221532515274624e-02
5.159613225140759901e-02,-5.251978825743740947e-02,1.137091132058920262e-01,1.225591403063979457e-01,-2.435254285442896294e-02,-4.776011434072297002e-02,5.614195806931045196e-02,2.901474963635784082e-02,1.638600963730573942e-02,1.453920188688549997e-01,2.030494847635144484e-01,8.536831297872438107e-02,-9.852390732172049484e-03,2.931005155764380976e-02,3.489456781089155749e-03,1.792972993422780811e-02,1.321169863445210979e-01,1.907131975734866480e-01,9.870456429427464096e-02,-1.572882512290325538e-02,3.252998311329506880e-04,-1.411346045904060195e-02,2.063088837886753457e-02,7.930265158219880484e-02,9.916420365385404667e-02,3.673386881504549922e-02,-2.918866335503082429e-02,-7.924828427655136590e-05,-1.166299693742301608e-02,2.361895745014431711e-02,1.923866467873235064e-02,9.742448739486453098e-04,-2.124487023214996148e-02,-1.862448105587583003e-02,1.836136303588074489e-02,-6.276025017939559957e-04,2.309889215398966064e-02,-1.808737100941996273e-02,-4.659897869172106855e-02,-3.122281071984975981e-02,1.527568616794021871e-03,1.859796390049670359e-02,-9.781465974350420263e-04,1.669717076444964671e-02,-2.656975421945826851e-02,-4.310863285315887083e-02,-1.110754763660047606e-02,3.315261678763478919e-03,-1.158306650184967070e-02,-1.583893236438799548e-02,6.923636922557215891e-03
1.121788295354977372e-01,-2.766489984970306459e-02,2.266641124371180857e-02,9.639828586861061421e-02,1.679338009633905004e-01,-8.576836814581717192e-03,-4.405971786320173750e-03,7.267430261261854929e-02,2.483759009376585586e-02,3.050883632519281810e-02,1.352475055944825089e-01,3.001641699310887978e-01,9.643485933016063272e-02,-4.955068066060434005e-03,4.877988240834711664e-02,1.478829679906123844e-02,2.433915063135969753e-02,9.661080954943983279e-02,2.589454523966613908e-01,7.427668973927044338e-02,-3.516785990517607569e-02,1.838116166798454618e-02,3.105409080523219983e-03,9.712797371523302151e-03,1.571657307748186572e-02,1.104325808476342707e-01,-6.567183116732120155e-04,-3.889017439005357235e-02,7.578249007792702691e-03,-3.542226206517040763e-03,-1.849146011602590929e-03,-4.200393321003383779e-02,-8.990667838988749064e-03,-3.263259327677497240e-02,-4.819842436978203151e-03,1.145705898444306092e-02,-6.137249652173457602e-03,-4.690453701327677166e-03,-4.897543794932530947e-02,-4.174236331613097317e-02,-2.025060417608519694e-02,1.611306367325076802e-02,3.476994264021275507e-03,-1.004461642729548645e-02,-2.042721411631974546e-03,-2.746637700386357975e-02,-2.801937744520902746e-02,-1.778001319660043808e-02,-1.147455024827315900e-02,-2.435024643722120269e-02,-1.620501079844170744e-02
3.781619276302331661e-02,-1.183160743822878058e-02,1.503071479565043674e-02,3.963727283176928309e-03,1.227247248649914468e-01,2.316329545921036737e-01,1.857042879600295793e-02,-1.664750231749472301e-02,1.176373881795117655e-02,1.395691137592267386e-02,-1.493291448040478045e-02,1.093380849448825493e-01,3.107185620960774552e-01,7.996110140464039728e-02,7.517087249364781849e-03,1.793912350688554175e-02,1.125795444137516962e-02,-2.030547411662507462e-02,5.148544679066831969e-02,2.480995119193077081e-01,5.016966641517396630e-02,8.516052498518170838e-03,1.658312088937409154e-02,6.243968514656732943e-03,-9.051257093728721018e-03,-1.204457077336353564e-02,1.004717829717442362e-01,-2.853323458080169600e-02,-2.257508973061319105e-03,8.844920573450983786e-03,-2.938831678335421401e-04,8.418052800979666794e-03,-3.921224003436415279e-02,-1.051126239774966345e-02,-6.775572324593105711e-02,-2.139646403364784538e-03,1.557777976349787195e-04,-5.984831125845469814e-03,1.778732391244769104e-02,-2.789012972742508853e-02,-2.799848536805302213e-02,-3.530060288173936939e-02,1.376971820728514762e-02,-4.995950357679675678e-03,-8.874986962897688306e-03,1.356690959785464452e-02,-8.541763720885959393e-03,6.341780145846393976e-03,2.396477874686778892e-02,3.036460237885098626e-02,-5.934947802500068446e-03
-9.663291534903326041e-02,3.143389397592808582e-02,-2.306899076500894871e-03,1.162884784071257539e-02,-1.038278511888661264e-02,1.385936801040288380e-01,2.300191988138065580e-01,6.609046129290799265e-02,4.467516755664236090e-04,-5.128334725599356658e-03,-3.038871587381641436e-03,-7.218228725491711295e-02,9.667656361609959503e-02,2.539989702121567827e-01,7.830124887186139249e-02,3.145481161333292964e-03,-1.102646010417533684e-03,1.326417776823271555e-02,-5.864841855539482812e-02,6.387372955438108679e-02,1.981240578979992784e-01,4.641016824477908753e-02,1.002852590961033431e-05,4.479801757470599534e-03,3.415841808714967232e-02,-1.808839395656527266e-02,1.106602817630956970e-02,6.914969978837019748e-02,-1.454135239424977910e-02,-4.989482812927662631e-03,5.811981066531987303e-03,3.433402178960164031e-02,2.518849534277133040e-03,-3.944391835687013903e-02,-4.007438623471649281e-02,-5.072606488775428801e-02,-2.488407590444100502e-03,3.192398559189993292e-03,1.969872377121239040e-02,1.348247272967023104e-02,-2.623782591767064021e-02,-3.971346470611615553e-02,-2.587223884386676345e-02,1.072162223662334428e-02,7.696405940881748510e-04,1.073713005875661861e-02,4.041309765084241667e-02,5.752128848508127057e-02,5.437927400282856899e-02,3.735203767237889327e-02,2.637354825187851123e-02
-9.316848354005952126e-02,6.469773917644398853e-02,-4.525313970154025357e-04,-6.325255489436278945e-03,-2.071535942105890045e-03,-3.225903366249003451e-02,1.335718524941075791e-01,1.972099365241831437e-01,9.102561701112911463e-02,7.983162808819126502e-03,-8.345480254811882270e-03,-6.020111949035516921e-04,-5.947230908861561582e-02,1.035613000423379199e-01,1.845071932573074946e-01,9.046050767138398563e-02,2.026301742359390423e-02,-5.279674165608204926e-03,2.621086725363691583e-02,-3.720649361087112472e-02,6.364406586190241022e-02,1.206130774116077886e-01,6.078600025673650681e-02,3.026668323055297510e-02,-8.194684707655519942e-03,3.330883031108052006e-02,-1.855225063051923681e-02,1.102857648276313503e-02,3.131191482930567593e-02,1.419576382152434001e-02,3.423733032761435563e-02,-1.319222816368997679e-02,1.341103678723797911e-02,-2.204082873311424481e-02,-2.679835970882419108e-02,-3.164062784535352779e-02,-2.296356157875648757e-02,3.330262433387312648e-02,-4.349747555637785076e-03,8.565179805060158316e-03,-8.026194671392757746e-03,-1.282490692367275510e-02,-3.507476583762881434e-02,-3.264185844916554780e-02,2.997200519706705660e-02,2.103585272185691871e-02,4.356605488394391795e-02,4.713853961247813779e-02,4.638004902039935540e-02,4.614126347687774049e-03,-1.950829933751857537e-02
-3.452473254213793419e-02,8.064050186006423149e-02,1.736221648880686627e-02,4.757977071542963433e-03,9.363583385166575693e-03,-2.120909813097655860e-02,-8.064489176746863011e-03,6.508297513366395615e-02,1.141992744673964028e-01,2.429449371226323831e-02,-1.204077191954358453e-03,1.533101054590948163e-02,-1.360653230530495597e-02,-1.276965946491858891e-02,6.017888286200945291e-02,1.355592918315974282e-01,3.005123673627379394e-02,-9.525168307213385463e-03,1.713733846753534226e-02,1.451165466374518351e-03,-9.775427300506019102e-03,3.214647111871220958e-02,1.188667907570194887e-01,3.325946911633384517e-02,-1.485061717254464696e-02,8.185661001646428112e-03,3.581684345757660693e-03,-6.096686464295092422e-03,-9.005871764580059349e-03,6.536045209617453999e-02,3.363259886499973816e-02,-9.321141630904562769e-03,-8.838156493376990962e-04,-7.389047583586461423e-03,-1.554979253942356246e-03,-3.883815022738737466e-02,2.792335580565442465e-03,3.154744801596658793e-02,8.773132620407679549e-03,7.070950454322775906e-03,-1.080688035590170876e-02,9.956303331361293987e-03,-4.005876940991380530e-02,-3.686446988277229664e-02,2.726811747421145973e-02,2.999382339265249664e-02,3.146338237783469910e-02,4.441319317124587870e-03,2.678515900175090780e-02,-1.903996430882629390e-02,-4.330998104087321887e-02
1.268337488826349474e-02,-1.186111537366523333e-01,5.007541780388440750e-02,-5.274562861099580530e-02,-3.643356420144411995e-02,4.170758852544064962e-03,3.679897764609912914e-02,2.247503349788303878e-02,3.083015288688321920e-02,1.086786919425112713e-01,-1.732622601843814697e-02,-5.467319309607659820e-03,-2.607871217245045625e-03,1.801509895407085726e-02,9.138857913914614356e-03,4.058926925516045947e-02,1.592137642810182996e-01,1.379350998495872636e-02,1.784066324351700830e-02,-9.192966611978353741e-03,1.454601775618385735e-03,-4.861658880250268981e-03,4.664109195780868911e-02,1.740273527346559990e-01,1.872270084538927085e-02,1.991049255769567969e-02,-9.365233775154755205e-03,-1.909040300720341509e-03,-1.054671658484948593e-02,4.715593064599344492e-02,1.453912209187964710e-01,-4.233727728982879766e-03,2.156144028862228175e-03,-3.895968008871296146e-03,6.477464025296636799e-03,-5.086435738804361700e-03,4.259652257909044698e-02,9.173243505833462985e-02,-3.582514195779171878e-02,-2.117414437210535585e-02,1.875949685953250384e-03,1.689613629570219447e-02,6.373037726889602128e-03,3.498894356616784329e-02,4.090893899564721631e-02,-5.412245688172038355e-02,-3.474893353061554030e-02,5.180515542105121329e-03,2.201912444470185276e-02,1.577054650771504002e-02,2.634214126329682479e-02
6.027612476205897185e-02,-4.188695849587940889e-02,3.938216828767069494e-02,1.024968214178501123e-03,-5.881714691766561087e-02,-1.579748573932127781e-02,6.291149157829971361e-02,1.992960226760360012e-02,1.007079283142992172e-02,9.455174424203502404e-02,1.170672308595581135e-01,5.443389769136489781e-02,-1.466204497659718935e-02,2.522564067859845577e-02,1.461478206043603182e-03,1.317128079561191364e-02,1.322515764378142111e-01,1.911589051436489439e-01,1.174764676637017891e-01,-2.998526688442925206e-02,-2.979629485017675893e-03,-6.612810537957646527e-03,1.809576371651449786e-02,1.295147762988989870e-01,1.782959876852364400e-01,1.012363137253516066e-01,-3.819534029012319060e-02,-1.512683451280681624e-05,-1.610670991428298426e-03,2.156192587531608612e-02,8.928272578578912155e-02,9.450595296257340017e-02,3.405896665200781187e-02,-2.821485531272040562e-02,1.732013100707863532e-02,1.664184638181532552e-03,1.885867346063075517e-02,3.712823075432920839e-02,-1.131084199172079519e-03,-3.036338939126141667e-02,-1.005717273462707582e-02,1.918820960887780702e-02,-9.204000217855742502e-03,9.416382770960681631e-03,-1.015167575602360026e-03,-5.789190018349196082e-02,-5.657796398682096023e-02,5.132771027995034624e-03,1.968602303040916431e-03,-2.770284529638823018e-02,-1.617510597113824920e-03
1.259541877010303124e-01,-4.038851545739220728e-03,8.112648481364200317e-03,-1.254244336034241597e-02,1.899771151260110785e-02,-4.510713619943894359e-02,1.690846101641241273e-02,7.535967500158180510e-02,1.620247748290150683e-02,2.983854983167801705e-02,6.625296724367096823e-02,2.091171635070476209e-01,6.206516566695075704e-02,-8.257219083653778019e-03,5.055424562813784495e-02,5.066158812633764393e-03,4.302729885038268642e-02,1.052667316433507777e-01,2.998050923449330774e-01,9.650574313234391854e-02,-4.394215166837959347e-02,2.531046206254792402e-02,-6.568469476479377178e-03,3.945952329914165918e-02,8.148302378432838167e-02,2.503741312539903840e-01,6.269180629273857219e-02,-5.209650001455722740e-02,1.692564088290538296e-02,-1.418113144194018717e-02,2.212253542235539591e-02,1.708033595973606697e-02,1.162577869537754494e-01,7.136977046950892904e-03,-2.993010358663053538e-02,1.698801449124850982e-02,-1.913795798033865805e-02,2.137083308562832962e-03,-4.406237366321041210e-02,-1.168204956414878315e-02,-3.218637696400507286e-02,-7.470497414589120401e-03,7.146406388524628381e-03,-2.422540333206843824e-02,-1.061194419148712986e-02,-7.225278743441591878e-02,-7.732554987228239252e-02,-4.334731256576843800e-02,-2.942917669084535361e-03,-1.313327504613134335e-02,-2.799053835886861769e-02
8.586713077358168467e-02,-5.606615297961800755e-03,2.896003104120674701e-02,1.518752326921614035e-02,1.361913947449426565e-02,5.907865494667405293e-02,-4.088994362537350102e-02,-2.802634854098924860e-03,1.902349270619330818e-02,2.337595739025577143e-02,-1.500719085200179779e-03,5.750962268185857984e-02,2.385897142986474484e-01,5.883948164189836683e-02,1.672411768779717700e-02,2.126619522923021630e-02,1.387710145569828399e-02,-1.014505628378925377e-02,7.667150968748148721e-02,3.188966472025018817e-01,8.591506694317158077e-02,1.301606441736287249e-02,1.554514743062609082e-02,4.235988485980279016e-03,-8.325291894538486975e-03,5.285534288909379819e-02,2.519934581653027750e-01,3.123804048148052376e-02,-5.596228601875108746e-03,5.267638519364548598e-03,-2.063613714904466521e-03,-1.200410072125839434e-03,3.249319905980621332e-03,1.061377154208491963e-01,-3.800832595637142902e-02,-1.411541438640373514e-02,-2.559315618800484752e-03,-3.954614717379345556e-03,3.975102098326131414e-03,-3.936109499436038495e-02,-1.212758142217891348e-02,-5.593323862183118694e-02,5.580845852824435280e-04,-3.687143902047348206e-03,-3.089191089372869160e-03,3.343054500948385455e-03,-5.790142601992807198e-02,-5.590433024783671850e-02,-2.155744690940804981e-02,2.663666553949433843e-02,2.311673372823455305e-04
-2.644692996908016430e-02,1.098887075217335786e-02,-2.823175338209402575e-03,3.758650212116805556e-02,1.027727812507192411e-02,2.623465958724705005e-02,5.743718657152036694e-02,-1.521784290509152655e-02,-7.514414674430029695e-04,-1.073018041385718005e-02,1.109010201685755453e-02,-5.449221045623197507e-02,6.584861011956191779e-02,2.156628350973849306e-01,6.369271511337261382e-02,2.061912059364293809e-02,-1.197442340389905276e-02,1.159310237547948701e-02,-6.094537556238115855e-02,1.013408806841679527e-01,2.920234503498675416e-01,9.374044766559032349e-02,3.073883718599717055e-02,-8.621870967539333602e-03,2.705556993549002726e-02,-3.594385939301511512e-02,7.055973594012614203e-02,2.147229595907754751e-01,4.810603099111476766e-02,2.347166560197639848e-02,-5.811579647422336105e-03,3.457578760571495408e-02,-1.423616748673363006e-02,-3.821997594215404033e-03,6.096425551849261187e-02,-2.316776212631020335e-02,9.914315753769864167e-03,-5.579965135999905013e-03,2.769545045288486496e-02,1.837438754106394999e-03,-3.873500460891067532e-02,-2.949729389080162426e-02,-4.993357883306610845e-02,5.023461771146967361e-03,-6.130291000650643120e-03,1.604430600948219751e-02,2.130843728980194585e-02,-2.709642757405272134e-03,-1.039728724935070833e-02,-1.919786792121961141e-02,1.085683361121697957e-02
-5.329652158229179065e-02,5.306019265944415114e-02,1.052696729439524454e-04,-6.443477434768358873e-03,2.486181622048741838e-02,-2.824372884540751055e-02,1.458602244580937957e-02,9.027106312439672764e-02,7.967379595994918129e-02,7.902230331562769966e-03,-1.200149991605453659e-02,8.668224707177110688e-03,-4.244501161991133531e-02,7.486810496077780930e-02,1.605938607767439519e-01,1.145270142584700057e-01,1.917951231506546256e-02,-7.532167615280851644e-03,1.514100689108409392e-02,-3.152834844646636159e-02,1.127663354508022936e-01,1.806334307436104347e-01,1.175737556281100521e-01,2.743042388082198718e-02,-3.407179436874788279e-03,1.997236105086316535e-02,-3.128093330493445651e-02,8.293480820181255153e-02,1.232470259269071305e-01,7.903307399608043571e-02,2.812279904396888450e-02,-4.467761160749645147e-03,1.472095783817725830e-02,-3.977508544664083018e-02,1.524819405498714642e-02,2.780217043487285752e-02,2.017214132086803807e-02,2.266832496517016959e-02,-3.783230086947701916e-03,1.838472651179475642e-02,-2.007571651935983331e-02,-1.906043865596768541e-02,-3.791790247875934106e-02,-2.460296772133295160e-02,1.568092102336149721e-02,4.313804070091169923e-03,4.116959002332923334e-02,3.519784707832734200e-02,4.403170922415836942e-03,-4.568063879832631735e-02,-3.814645106484981785e-02
-2.549424507711689838e-02,1.038146148350688053e-01,2.429363975892136207e-02,9.263846509274446459e-03,1.909779446996867636e-02,-8.991180055621130623e-03,-4.150824434108028177e-02,1.624423887313825726e-02,1.189129338258837487e-01,3.224037986594886773e-02,-3.929427176009374595e-04,1.680311492062998291e-02,-3.598470252979608063e-03,-2.164308688106713827e-02,3.915309334301684402e-02,1.643030311955338274e-01,3.873196310027213901e-02,-1.032625128181698278e-02,1.227970913553301686e-02,1.981015331620234778e-03,1.264799613046608097e-03,4.064159221066711986e-02,1.705310305074606292e-01,4.218004295398378178e-02,-1.380458168003877162e-02,4.917138777660972661e-03,-4.103378648825744407e-03,9.433820570868150374e-03,1.079540354116895022e-02,1.244742272454097964e-01,4.155990184428492301e-02,-5.993710074618228446e-03,2.610665035763337898e-03,-1.514463533907985625e-02,5.404185556571234998e-03,-3.117286917415328096e-02,4.876030941987879314e-02,3.693406783827297979e-02,1.093474247381785378e-02,1.400399267512712244e-02,-1.301699214431082177e-02,5.438205962532107612e-03,-5.488893871524191254e-02,-1.558076029160731200e-02,2.944265105536128177e-02,2.765909362817984066e-02,3.453914173064996651e-02,6.040279055510824197e-03,1.536859160334443954e-02,-4.938099026941336622e-02,-4.356789067368369017e-02
1.858841791152761672e-02,-1.182137589635422065e-01,-1.068969646454735398e-02,-6.715419170435776852e-02,-9.396354411331454132e-03,7.154710958126359391e-03,3.730178490278149989e-02,2.527090702508187625e-02,3.079756430704566270e-02,3.958944692704699508e-02,-4.783340556933793342e-02,3.391097493657141025e-04,-1.001813001501274461e-02,1.768928326450343314e-02,1.122613992227312896e-02,4.023665234112366873e-02,1.107928487256806399e-01,-9.317006700877022290e-03,1.466730826418439874e-02,-1.640327226587146373e-02,2.911835495713881606e-03,-4.082708703314381557e-03,4.631023492191894270e-02,1.694816492519193862e-01,2.383092947146762952e-02,2.032921635728147935e-02,-9.447195755437632833e-03,1.178991925680646828e-03,-1.167386573453723167e-02,4.731193168695717322e-02,1.833081865513374875e-01,2.704181290854395028e-02,4.629890190643818661e-03,-1.760201257338579891e-04,8.631880380504729916e-03,-8.185959501457692675e-03,4.342334709135273890e-02,1.484207779687768680e-01,4.152194393428793886e-04,-2.689517361167838294e-02,2.767493697611004763e-03,1.715236703867874940e-02,2.328423471323160226e-03,3.623801532123902686e-02,9.052858224608725801e-02,-3.170189392021703634e-02,-5.206982679976097234e-02,2.610712040631148027e-03,2.266256934872152434e-02,1.247580182852723804e-02,2.757945139140064242e-02
4.892786503544669513e-02,-4.207158325081679362e-02,-2.126421423349444950e-02,-6.096119325763054569e-02,-4.327326488494791928e-02,1.426969776877939737e-02,5.254948929241907984e-02,6.079722739047134332e-03,7.981306444958983365e-03,2.372579748680113745e-02,1.788636163718719183e-02,8.389869458082505407e-03,-2.189289219681593915e-02,2.280590680523755798e-02,-1.469149477835375540e-03,1.418478243254506395e-02,8.439891189204194732e-02,1.210564966036247192e-01,7.926118144614530125e-02,-4.193607237812752714e-02,5.645507230465030002e-03,-1.655372575754681134e-03,2.091274897642801667e-02,1.292318513173130734e-01,1.880650948721416804e-01,1.228266600484723969e-01,-3.874423172081493949e-02,7.123330881282998600e-03,9.831395777551734088e-04,2.319151427726988055e-02,1.316051728815044730e-01,1.711676306134135017e-01,9.660703572137778472e-02,-3.041380937462343642e-02,1.294477860537078702e-02,-3.010914455278783375e-03,1.770039595613412398e-02,9.349207426446577707e-02,8.325081427139234547e-02,1.477841765034652172e-02,-2.517398577593405254e-02,1.548658827503711886e-02,-1.334861370074180882e-02,7.007346330687342327e-03,4.232371465522995202e-02,-1.261185067637918093e-02,-5.885398809804535253e-02,-9.195483521691230969e-03,2.304018848390494700e-02,-1.944441450202276725e-02,-2.417377722241437297e-03
6.231361423560073665e-02,2.119813817153714391e-03,2.203669076347840924e-03,-5.265270032072919687e-02,-4.232817764071753613e-02,-4.486896134433330380e-02,1.970062567915570328e-02,4.678285921036150902e-02,1.407362644560108522e-03,1.487866852254368481e-02,-1.480604748899542848e-02,6.829666778730562882e-02,-1.633556155619476490e-03,-7.084160037859638971e-03,4.067608755240065266e-02,-4.370663516500612571e-03,3.264570862819138330e-02,4.764992318393385107e-02,2.098483344222811797e-01,5.848090275753139999e-02,-3.364158130704412303e-02,3.145339415542322548e-02,-1.067589594309841655e-02,4.451973406646129311e-02,9.380724116745547958e-02,2.966105084017968685e-01,9.531162383543186067e-02,-4.924947570785381812e-02,2.238022826235079241e-02,-1.631737984966846050e-02,3.912744402608726163e-02,7.968207748974563687e-02,2.524033769639535962e-01,7.076943687377770797e-02,-5.170485763006345964e-02,1.439559695443231972e-02,-2.055765567181355377e-02,1.710984339470453600e-02,6.905269513687583259e-03,9.713733464496206171e-02,4.682398761801690248e-03,-3.330346933386875430e-02,1.231614995991125831e-02,-2.159758403009841288e-02,-7.843532415942903666e-03,-7.301492727162783858e-02,-6.115556433252870849e-02,-3.832695358438938799e-02,1.227379775310566239e-02,2.110505165765437854e-02,-1.773134178669150129e-02
-1.103569920113259172e-13,3.991723544427945149e-14,1.915787516348309988e-02,2.337537606332514353e-02,-3.625042182079021846e-02,-5.049222047788508999e-02,-7.363105511446396689e-02,4.892784224178171968e-04,1.074912247349075686e-02,1.189128763876272712e-02,-1.915114034776196992e-03,-1.805710778682611053e-02,9.543249537385625758e-02,7.706361630756451090e-04,8.712022005324867105e-03,9.893569975816024833e-03,5.449157376235768714e-03,-1.350558347989422141e-02,3.084724242042945208e-02,2.518329424523622073e-01,6.318018968387643930e-02,5.262322982804756681e-03,6.411502090216718124e-03,3.717808947634054957e-03,-7.020165833522889684e-03,7.228928145513609238e-02,3.200120016524547473e-01,7.228928145586899223e-02,-7.020165833492236253e-03,3.717808947593734346e-03,6.411502090294585524e-03,5.262322982536224956e-03,6.318018968415355097e-02,2.518329424518656046e-01,3.084724241987083296e-02,-1.350558348003875163e-02,5.449157376183502363e-03,9.893569975891658777e-03,8.712022005474735070e-03,7.706361633105312213e-04,9.543249537411563344e-02,-1.805710778690559903e-02,-1.915114034626553240e-03,1.189128763876317468e-02,1.074912247352919833e-02,4.892784226140114946e-04,-7.363105511472567422e-02,-5.049222047761281473e-02,-3.625042182065304347e-02,2.337537606335138296e-02,1.915787516353418055e-02
-6.231361423569167779e-02,-2.119813817031633227e-03,-1.773134178659889135e-02,2.110505165764717944e-02,1.227379775331014639e-02,-3.832695358479951131e-02,-6.115556433284866089e-02,-7.301492727152714135e-02,-7.843532415906776314e-03,-2.159758402998064250e-02,1.231614995977521783e-02,-3.330346933405401583e-02,4.682398762467103286e-03,9.713733464530714679e-02,6.905269513492688811e-03,1.710984339481099598e-02,-2.055765567171472658e-02,1.439559695410547180e-02,-5.170485762993676238e-02,7.076943687311629261e-02,2.524033769641226832e-01,7.968207748913226640e-02,3.912744402604450417e-02,-1.631737984961396243e-02,2.238022826233656420e-02,-4.924947570709467537e-02,9.531162383531074922e-02,2.966105084022834792e-01,9.380724116765565279e-02,4.451973406638638775e-02,-1.067589594310655240e-02,3.145339415563236374e-02,-3.364158130741138480e-02,5.848090275701627039e-02,2.098483344219020663e-01,4.764992318404779464e-02,3.264570862812155028e-02,-4.370663516442934750e-03,4.067608755236671453e-02,-7.084160038112600685e-03,-1.633556154759561053e-03,6.829666778716082798e-02,-1.480604748871545452e-02,1.487866852244836523e-02,1.407362644607515478e-03,4.678285921055147512e-02,1.970062567898131847e-02,-4.486896134406504616e-02,-4.232817764110105574e-02,-5.265270032068047890e-02,2.203669076296032973e-03
-4.892786503541978610e-02,4.207158325087546891e-02,-2.417377722243133423e-03,-1.944441450207498590e-02,2.304018848395886568e-02,-9.195483521754461639e-03,-5.885398809823441657e-02,-1.261185067633607305e-02,4.232371465520101683e-02,7.007346330693465034e-03,-1.334861370073378573e-02,1.548658827513431195e-02,-2.517398577569507703e-02,1.477841765073933770e-02,8.325081427135692935e-02,9.349207426445277358e-02,1.770039595613034228e-02,-3.010914455210067509e-03,1.294477860525152131e-02,-3.041380937499309212e-02,9.660703572098629233e-02,1.711676306132987879e-01,1.316051728814782440e-01,2.319151427728282852e-02,9.831395778015839838e-04,7.123330881349411621e-03,-3.874423172073370586e-02,1.228266600488021609e-01,1.880650948724210125e-01,1.292318513172148742e-01,2.091274897643646130e-02,-1.655372575729384529e-03,5.645507230233685544e-03,-4.193607237778186614e-02,7.926118144581045799e-02,1.210564966035734685e-01,8.439891189205310507e-02,1.418478243256319875e-02,-1.469149477870839793e-03,2.280590680530180173e-02,-2.189289219678334023e-02,8.389869457950584891e-03,1.788636163718584221e-02,2.372579748673376773e-02,7.981306444970127228e-03,6.079722739120485379e-03,5.254948929242372890e-02,1.426969776862076038e-02,-4.327326488482725192e-02,-6.096119325756911567e-02,-2.126421423354092621e-02
-1.858841791153168291e-02,1.182137589635446628e-01,2.757945139140705743e-02,1.247580182850747434e-02,2.266256934872764792e-02,2.610712040639424393e-03,-5.206982679975732942e-02,-3.170189392022082497e-02,9.052858224608138771e-02,3.623801532124070607e-02,2.328423471332320867e-03,1.715236703867588711e-02,2.767493697575612501e-03,-2.689517361168806964e-02,4.152194393677765736e-04,1.484207779687748141e-01,4.342334709134917925e-02,-8.185959501483160150e-03,8.631880380516670018e-03,-1.760201256844650720e-04,4.629890190635149380e-03,2.704181290852169031e-02,1.833081865513353226e-01,4.731193168696389700e-02,-1.167386573448399301e-02,1.178991925676725703e-03,-9.447195755493437153e-03,2.032921635731023413e-02,2.383092947146325108e-02,1.694816492519301554e-01,4.631023492192198887e-02,-4.082708703348099377e-03,2.911835495712254435e-03,-1.640327226583401105e-02,1.466730826418393904e-02,-9.317006700883730466e-03,1.107928487256774619e-01,4.023665234113039252e-02,1.122613992224151362e-02,1.768928326451372698e-02,-1.001813001504736796e-02,3.391097493686383042e-04,-4.783340556934356780e-02,3.958944692704605833e-02,3.079756430704250550e-02,2.527090702510211354e-02,3.730178490279324049e-02,7.154710958136994113e-03,-9.396354411337218618e-03,-6.715419170434433482e-02,-1.068969646454564354e-02
2.549424507709057916e-02,-1.038146148350676673e-01,-4.356789067369149643e-02,-4.938099026942618930e-02,1.536859160332178925e-02,6.040279055478314611e-03,3.453914173062024029e-02,2.765909362816521000e-02,2.944265105536702370e-02,-1.558076029160543156e-02,-5.488893871527590618e-02,5.438205962577137564e-03,-1.301699214429706021e-02,1.400399267514277485e-02,1.093474247382276651e-02,3.693406783826965606e-02,4.876030941987873069e-02,-3.117286917413311653e-02,5.404185556567200031e-03,-1.514463533907023721e-02,2.610665035775771962e-03,-5.993710074610214024e-03,4.155990184428657447e-02,1.244742272454178039e-01,1.079540354117980959e-02,9.433820570863133553e-03,-4.103378648843520986e-03,4.917138777692473504e-03,-1.380458168009322285e-02,4.218004295398652265e-02,1.705310305074626831e-01,4.064159221066405286e-02,1.264799613029766101e-03,1.981015331578557179e-03,1.227970913552187994e-02,-1.032625128180323336e-02,3.873196310028002159e-02,1.643030311955306078e-01,3.915309334301034228e-02,-2.164308688104831305e-02,-3.598470252942889604e-03,1.680311492062459139e-02,-3.929427175986425829e-04,3.224037986594965877e-02,1.189129338258942681e-01,1.624423887311821080e-02,-4.150824434105618299e-02,-8.991180055614866537e-03,1.909779446996485303e-02,9.263846509301202833e-03,2.429363975892139677e-02
5.329652158229541969e-02,-5.306019265949237645e-02,-3.814645106491599408e-02,-4.568063879845436770e-02,4.403170922428205521e-03,3.519784707834496679e-02,4.116959002337668150e-02,4.313804070104169941e-03,1.568092102338145694e-02,-2.460296772136546031e-02,-3.791790247865483438e-02,-1.906043865603100282e-02,-2.007571651935643325e-02,1.838472651170475897e-02,-3.783230086919865242e-03,2.266832496518865134e-02,2.017214132083447464e-02,2.780217043495384482e-02,1.524819405487876089e-02,-3.977508544643491850e-02,1.472095783815396963e-02,-4.467761160723184542e-03,2.812279904399065875e-02,7.903307399606510075e-02,1.232470259269368429e-01,8.293480820201974690e-02,-3.128093330531021149e-02,1.997236105088242772e-02,-3.407179436895044211e-03,2.743042388082465519e-02,1.175737556281183788e-01,1.806334307436278097e-01,1.127663354505476362e-01,-3.152834844605725828e-02,1.514100689107221974e-02,-7.532167615252900045e-03,1.917951231507625601e-02,1.145270142584182138e-01,1.605938607766729809e-01,7.486810496079360222e-02,-4.244501162008379458e-02,8.668224707227268483e-03,-1.200149991610327191e-02,7.902230331580641087e-03,7.967379595996154640e-02,9.027106312429419854e-02,1.458602244602489294e-02,-2.824372884551825183e-02,2.486181622053001278e-02,-6.443477434770201150e-03,1.052696729693651008e-04
2.644692996910034261e-02,-1.098887075210951136e-02,1.085683361127047671e-02,-1.919786792149168544e-02,-1.039728724922564865e-02,-2.709642757494365364e-03,2.130843729005569426e-02,1.604430600939040635e-02,-6.130291000659048722e-03,5.023461771160896323e-03,-4.993357883308449652e-02,-2.949729389020627757e-02,-3.873500460941373125e-02,1.837438754130834434e-03,2.769545045283887050e-02,-5.579965135988199099e-03,9.914315753920476329e-03,-2.316776212637171317e-02,6.096425551860720771e-02,-3.821997594410095518e-03,-1.423616748647437563e-02,3.457578760538265045e-02,-5.811579647390366886e-03,2.347166560212856148e-02,4.810603099099462765e-02,2.147229595900549126e-01,7.055973594030870433e-02,-3.594385939271858843e-02,2.705556993542962765e-02,-8.621870967491005941e-03,3.073883718603717327e-02,9.374044766549897989e-02,2.920234503508006285e-01,1.013408806844180443e-01,-6.094537556277303259e-02,1.159310237560342953e-02,-1.197442340388477598e-02,2.061912059362318306e-02,6.369271511329334390e-02,2.156628350967892682e-01,6.584861011929435404e-02,-5.449221045634253247e-02,1.109010201686206135e-02,-1.073018041389883423e-02,-7.514414674380200847e-04,-1.521784290484954651e-02,5.743718657167468100e-02,2.623465958731231382e-02,1.027727812520747193e-02,3.758650212120626111e-02,-2.823175338228487569e-03
-8.586713077413145323e-02,5.606615297981804719e-03,2.311673372607231510e-04,2.663666553923989613e-02,-2.155744691004332289e-02,-5.590433024854392363e-02,-5.790142602015356521e-02,3.343054500901652872e-03,-3.089191089370290494e-03,-3.687143902050499765e-03,5.580845850437981615e-04,-5.593323862160583249e-02,-1.212758142159643497e-02,-3.936109499412174251e-02,3.975102098104342681e-03,-3.954614717326660270e-03,-2.559315618800951826e-03,-1.411541438635359989e-02,-3.800832595498792460e-02,1.061377154202654827e-01,3.249319905870031843e-03,-1.200410072478642074e-03,-2.063613714906425024e-03,5.267638519417626800e-03,-5.596228602139268100e-03,3.123804048073243814e-02,2.519934581655405847e-01,5.285534288994767071e-02,-8.325291894458316730e-03,4.235988485958279252e-03,1.554514743071216953e-02,1.301606441759949051e-02,8.591506694284054002e-02,3.188966472018549547e-01,7.667150968700740810e-02,-1.014505628402186457e-02,1.387710145579883203e-02,2.126619522925781228e-02,1.672411768795124126e-02,5.883948164190107299e-02,2.385897142990471564e-01,5.750962268189359350e-02,-1.500719085072988769e-03,2.337595739036515616e-02,1.902349270622601812e-02,-2.802634854238566630e-03,-4.088994362484415362e-02,5.907865494698729542e-02,1.361913947450739751e-02,1.518752326948145069e-02,2.896003104129296971e-02
-1.259541877009176247e-01,4.038851545740820143e-03,-2.799053835882771638e-02,-1.313327504616903542e-02,-2.942917668823332843e-03,-4.334731256576872249e-02,-7.732554987218613618e-02,-7.225278743435038786e-02,-1.061194419152435876e-02,-2.422540333200010748e-02,7.146406388422052447e-03,-7.470497414854492327e-03,-3.218637696392284697e-02,-1.168204956352619957e-02,-4.406237366342837664e-02,2.137083308603157476e-03,-1.913795798031545786e-02,1.698801449134620598e-02,-2.993010358610333210e-02,7.136977046195239552e-03,1.162577869528673702e-01,1.708033595941903238e-02,2.212253542239565537e-02,-1.418113144193324481e-02,1.692564088274410225e-02,-5.209650001506081068e-02,6.269180629342623046e-02,2.503741312545950115e-01,8.148302378494690079e-02,3.945952329912100209e-02,-6.568469476450678780e-03,2.531046206257708472e-02,-4.394215166799744776e-02,9.650574313228971191e-02,2.998050923451475169e-01,1.052667316428602118e-01,4.302729885046084612e-02,5.066158812656010486e-03,5.055424562801640737e-02,-8.257219083556224110e-03,6.206516566643333760e-02,2.091171635066158829e-01,6.625296724382313818e-02,2.983854983166304292e-02,1.620247748292778789e-02,7.535967500151595500e-02,1.690846101627664286e-02,-4.510713619919710926e-02,1.899771151276703415e-02,-1.254244336041042580e-02,8.112648481310101231e-03
-6.027612476199867286e-02,4.188695849597222354e-02,-1.617510597095110940e-03,-2.770284529640248961e-02,1.968602303124719621e-03,5.132771028050334139e-03,-5.657796398670535132e-02,-5.789190018358272849e-02,-1.015167575624831850e-03,9.416382770990713164e-03,-9.204000217828462241e-03,1.918820960884193641e-02,-1.005717273463692905e-02,-3.036338939142608356e-02,-1.131084199207198562e-03,3.712823075431660041e-02,1.885867346065186329e-02,1.664184638147526768e-03,1.732013100712201381e-02,-2.821485531278901046e-02,3.405896665204140999e-02,9.450595296279169777e-02,8.928272578576589014e-02,2.156192587535599864e-02,-1.610670991323733198e-03,-1.512683445903941447e-05,-3.819534029014978738e-02,1.012363137254078532e-01,1.782959876851287762e-01,1.295147762988503037e-01,1.809576371655804289e-02,-6.612810537992234311e-03,-2.979629485219102876e-03,-2.998526688433130957e-02,1.174764676636494976e-01,1.911589051436132503e-01,1.322515764377500125e-01,1.317128079564003004e-02,1.461478205976109645e-03,2.522564067872850799e-02,-1.466204497649904390e-02,5.443389769134922979e-02,1.170672308595980121e-01,9.455174424198942162e-02,1.007079283144059721e-02,1.992960226765041337e-02,6.291149157828673788e-02,-1.579748573942194728e-02,-5.881714691778980320e-02,1.024968214246113054e-03,3.938216828761710586e-02
-1.268337488825589492e-02,1.186111537366514729e-01,2.634214126330177569e-02,1.577054650769828606e-02,2.201912444470859043e-02,5.180515542109861461e-03,-3.474893353060080209e-02,-5.412245688170901070e-02,4.090893899564407299e-02,3.498894356617479606e-02,6.373037726891778339e-03,1.689613629571238770e-02,1.875949685938645096e-03,-2.117414437213986644e-02,-3.582514195779409882e-02,9.173243505834004219e-02,4.259652257908756734e-02,-5.086435738824061220e-03,6.477464025294243748e-03,-3.895968008831410950e-03,2.156144028920720015e-03,-4.233727729025508861e-03,1.453912209188130411e-01,4.715593064599495066e-02,-1.054671658480413332e-02,-1.909040300713371174e-03,-9.365233775267453251e-03,1.991049255767017578e-02,1.872270084542079771e-02,1.740273527346389293e-01,4.664109195780885564e-02,-4.861658880276859690e-03,1.454601775623860739e-03,-9.192966611879136232e-03,1.784066324354681779e-02,1.379350998491987897e-02,1.592137642810435849e-01,4.058926925516762735e-02,9.138857913877834749e-03,1.801509895407739717e-02,-2.607871217297317180e-03,-5.467319309613570891e-03,-1.732622601841016935e-02,1.086786919424915648e-01,3.083015288688183836e-02,2.247503349789581675e-02,3.679897764610369493e-02,4.170758852548227431e-03,-3.643356420145395236e-02,-5.274562861100892674e-02,5.007541780389800079e-02
3.452473254212087145e-02,-8.064050186007398757e-02,-4.330998104088776279e-02,-1.903996430883206012e-02,2.678515900173661368e-02,4.441319317098057877e-03,3.146338237782767694e-02,2.999382339264526284e-02,2.726811747421363508e-02,-3.686446988276981251e-02,-4.005876940991040525e-02,9.956303331377763452e-03,-1.080688035589501099e-02,7.070950454325585291e-03,8.773132620418818209e-03,3.154744801596272991e-02,2.792335580565103760e-03,-3.883815022738311418e-02,-1.554979253968095422e-03,-7.389047583546440486e-03,-8.838156493545421769e-04,-9.321141630886325621e-03,3.363259886500163248e-02,6.536045209616618556e-02,-9.005871764584375341e-03,-6.096686464305414895e-03,3.581684345768186128e-03,8.185661001652475358e-03,-1.485061717257014913e-02,3.325946911633880648e-02,1.188667907570188642e-01,3.214647111872860619e-02,-9.775427300500086347e-03,1.451165466333993260e-03,1.713733846752900358e-02,-9.525168307202553850e-03,3.005123673628266184e-02,1.355592918315816631e-01,6.017888286200132053e-02,-1.276965946490083575e-02,-1.360653230531089393e-02,1.533101054592171143e-02,-1.204077191956014030e-03,2.429449371226753349e-02,1.141992744674049515e-01,6.508297513365469966e-02,-8.064489176743308563e-03,-2.120909813096377716e-02,9.363583385185017538e-03,4.757977071540062108e-03,1.736221648880837895e-02
9.316848354006571076e-02,-6.469773917646116923e-02,-1.950829933756783111e-02,4.614126347702500984e-03,4.638004902050225919e-02,4.713853961238913953e-02,4.356605488399349635e-02,2.103585272183865901e-02,2.997200519708204808e-02,-3.264185844919102047e-02,-3.507476583764011779e-02,-1.282490692372570233e-02,-8.026194671370369405e-03,8.565179805006142497e-03,-4.349747555636778937e-03,3.330262433388161969e-02,-2.296356157879247267e-02,-3.164062784531662675e-02,-2.679835970899428071e-02,-2.204082873294713890e-02,1.341103678725972213e-02,-1.319222816362797951e-02,3.423733032762543010e-02,1.419576382150403333e-02,3.131191482940435394e-02,1.102857648277754885e-02,-1.855225063046974515e-02,3.330883031097311986e-02,-8.194684707693510387e-03,3.026668323053699483e-02,6.078600025675019725e-02,1.206130774116755261e-01,6.364406586192536408e-02,-3.720649361108213649e-02,2.621086725366605572e-02,-5.279674165563881007e-03,2.026301742359890370e-02,9.046050767136597226e-02,1.845071932571684947e-01,1.035613000423538516e-01,-5.947230908845575065e-02,-6.020111948283302875e-04,-8.345480254839684683e-03,7.983162808817655456e-03,9.102561701114442183e-02,1.972099365241500590e-01,1.335718524941375551e-01,-3.225903366255350457e-02,-2.071535942165754051e-03,-6.325255489406726196e-03,-4.525313970220636571e-04
9.663291534905522895e-02,-3.143389397596880325e-02,2.637354825186985149e-02,3.735203767236892208e-02,5.437927400303572273e-02,5.752128848493399255e-02,4.041309765091653794e-02,1.073713005881727148e-02,7.696405941192677094e-04,1.072162223656424399e-02,-2.587223884383558006e-02,-3.971346470629343040e-02,-2.623782591764101807e-02,1.348247272970788495e-02,1.969872377124510035e-02,3.192398559226899100e-03,-2.488407590444342930e-03,-5.072606488775689704e-02,-4.007438623480115425e-02,-3.944391835664030899e-02,2.518849534065443433e-03,3.433402178957246226e-02,5.811981066578270592e-03,-4.989482812931419174e-03,-1.454135239427765090e-02,6.914969978852578136e-02,1.106602817616343833e-02,-1.808839395655499269e-02,3.415841808706358840e-02,4.479801757521461626e-03,1.002852591728416991e-05,4.641016824491953768e-02,1.981240578976002642e-01,6.387372955454291568e-02,-5.864841855503775264e-02,1.326417776814430363e-02,-1.102646010430417042e-03,3.145481161268154531e-03,7.830124887181587334e-02,2.539989702126272952e-01,9.667656361583806812e-02,-7.218228725524401812e-02,-3.038871587204315401e-03,-5.128334725633594895e-03,4.467516755056474094e-04,6.609046129287138305e-02,2.300191988135815990e-01,1.385936801041935396e-01,-1.038278511886495982e-02,1.162884784077100782e-02,-2.306899076536140548e-03
-3.781619276315462824e-02,1.183160743822026309e-02,-5.934947802455074924e-03,3.036460237882604440e-02,2.396477874718474371e-02,6.341780145111061175e-03,-8.541763720754203676e-03,1.356690959793945168e-02,-8.874986962897941575e-03,-4.995950357648474074e-03,1.376971820704138774e-02,-3.530060288185176559e-02,-2.799848536768155885e-02,-2.789012972712811428e-02,1.778732391241665683e-02,-5.984831125808117748e-03,1.557777976828558406e-04,-2.139646403484283567e-03,-6.775572324607845309e-02,-1.051126239718143222e-02,-3.921224003557480936e-02,8.418052800920592521e-03,-2.938831677865172561e-04,8.844920573425733151e-03,-2.257508972959129147e-03,-2.853323458064592477e-02,1.004717829716107735e-01,-1.204457077214395391e-02,-9.051257094073436593e-03,6.243968514638631971e-03,1.658312088940871315e-02,8.516052498710015642e-03,5.016966641508650154e-02,2.480995119181523823e-01,5.148544679082713710e-02,-2.030547411653509451e-02,1.125795444145706245e-02,1.793912350682949977e-02,7.517087249337348065e-03,7.996110140510247211e-02,3.107185620965643436e-01,1.093380849445683978e-01,-1.493291448034844010e-02,1.395691137598432940e-02,1.176373881801308363e-02,-1.664750231783504453e-02,1.857042879579113084e-02,2.316329545923983824e-01,1.227247248649540046e-01,3.963727283165685567e-03,1.503071479566473433e-02
-1.121788295354636394e-01,2.766489984978036040e-02,-1.620501079842268100e-02,-2.435024643724643598e-02,-1.147455024834961868e-02,-1.778001319672416897e-02,-2.801937744516500364e-02,-2.746637700393425238e-02,-2.042721411630299237e-03,-1.004461642727319699e-02,3.476994263965659405e-03,1.611306367363390946e-02,-2.025060417571383081e-02,-4.174236331602722977e-02,-4.897543794932782829e-02,-4.690453701367159473e-03,-6.137249652121876467e-03,1.145705898453132712e-02,-4.819842437163682387e-03,-3.263259327754972766e-02,-8.990667839156253963e-03,-4.200393321008197983e-02,-1.849146011604102524e-03,-3.542226206451954806e-03,7.578249007779384351e-03,-3.889017439037821544e-02,-6.567183107865400948e-04,1.104325808476435827e-01,1.571657307765876935e-02,9.712797371430553425e-03,3.105409080570094814e-03,1.838116166794413059e-02,-3.516785990471092693e-02,7.427668973877525616e-02,2.589454523967322785e-01,9.661080954932248221e-02,2.433915063134478585e-02,1.478829679909131681e-02,4.877988240822352106e-02,-4.955068066080947978e-03,9.643485933008981437e-02,3.001641699311233258e-01,1.352475055945583926e-01,3.050883632517466942e-02,2.483759009380422794e-02,7.267430261257991353e-02,-4.405971786337479351e-03,-8.576836814475704771e-03,1.679338009632946604e-01,9.639828586854706782e-02,2.266641124364979568e-02
-5.159613225135579323e-02,5.251978825748124247e-02,6.923636922579433362e-03,-1.583893236434371840e-02,-1.158306650186203927e-02,3.315261678740611794e-03,-1.110754763664194462e-02,-4.310863285323101451e-02,-2.656975421946987381e-02,1.669717076447488693e-02,-9.781465974603514250e-04,1.859796390053916962e-02,1.527568617071481567e-03,-3.122281071976689901e-02,-4.659897869172343471e-02,-1.808737100940148099e-02,2.309889215400193554e-02,-6.276025017911726319e-04,1.836136303583495166e-02,-1.862448105614533320e-02,-2.124487023216608400e-02,9.742448739844037069e-04,1.923866467872794445e-02,2.361895745017022347e-02,-1.166299693738716281e-02,-7.924828423555945714e-05,-2.918866335523945602e-02,3.673386881493338751e-02,9.916420365393237291e-02,7.930265158222025990e-02,2.063088837888741797e-02,-1.411346045911436586e-02,3.252998312027922815e-04,-1.572882512249652170e-02,9.870456429457692693e-02,1.907131975732882789e-01,1.321169863444679737e-01,1.792972993425385325e-02,3.489456781030365971e-03,2.931005155766236783e-02,-9.852390732425235845e-03,8.536831297851166234e-02,2.030494847635326006e-01,1.453920188688261617e-01,1.638600963732522037e-02,2.901474963639049873e-02,5.614195806926236543e-02,-4.776011434067969907e-02,-2.435254285444108865e-02,1.225591403064899970e-01,1.137091132058819370e-01
-4.865254787512525957e-03,1.046737107183298154e-01,2.202221532515503954e-02,1.975175277689411590e-02,2.140098128472834454e-02,-1.226219109009361831e-03,-5.855588725430156162e-03,-4.695292549652594488e-02,-4.366287991579779169e-03,2.959838760582108805e-02,9.829111165103708234e-03,1.547825257941035440e-02,-3.921671670128434352e-03,-5.734223204077799896e-03,-5.172989231219839168e-02,2.526794923636746515e-02,3.688723193949280943e-02,-3.346717178276065706e-03,3.971019475419904077e-03,-6.530344911387616844e-03,4.430357755610123192e-04,-3.496147835675599697e-02,7.803454383454508370e-02,4.188239380725684163e-02,-1.089020330986051853e-02,-3.698689145067214547e-03,-4.439523675327861248e-03,1.045417742165296454e-02,-1.745010726809465007e-03,1.355621706004807026e-01,4.222987266994331079e-02,-7.012664750541440679e-03,1.272136232881585210e-03,1.941960535521594471e-03,1.083014236596976064e-02,2.411975392061939741e-02,1.673521441645402230e-01,3.711877883668305428e-02,5.527723710975749639e-03,1.684149305492811666e-02,4.360753670939682483e-03,-1.165592900186561941e-02,2.062052231284890874e-02,1.550882479532525726e-01,2.821835128929036166e-02,1.779408658935768481e-02,3.095570904191176712e-02,-3.725411667186804589e-03,-5.088740602038420435e-02,-8.954144581382173992e-03,1.087218338165304166e-01
4.139871454888981173e-02,-5.567577969742956018e-02,-2.617897284439834812e-02,3.142809145962707947e-03,2.484654401333948048e-02,4.379364776217717012e-03,2.853772829241823725e-02,3.018566835034138668e-02,2.363197020304294571e-02,-3.104950262231869623e-02,-1.799335078714903516e-02,1.274637793277755629e-02,-6.487332638663198883e-03,-1.605246143840484343e-04,5.948300085302418889e-03,2.468835056422921670e-02,-1.613561725040818864e-02,-3.142697533287345385e-02,-2.311964111561499308e-03,7.565899394670961339e-04,-5.455096605073981794e-03,-1.137322257670653550e-02,2.434577018783922950e-02,1.945084956573248439e-02,-2.174030785981280814e-02,-1.667347248866988402e-02,9.305584492845192165e-03,9.761619094024559865e-03,-1.329310780404859178e-02,2.311248013692800141e-02,6.018414959071016063e-02,1.285421332859694628e-02,-2.193498599594020243e-02,-5.358234391686892036e-04,2.019801669739019340e-02,-6.180782094457406423e-03,2.026955279458807907e-02,8.536548404859396755e-02,5.711792518739335078e-02,-7.342556646549928262e-03,-2.070256657622971189e-02,1.211177622944407603e-02,-8.509057143942772407e-04,1.538883362653532469e-02,8.551389685921501060e-02,8.921088058094497897e-02,2.581336101809040065e-02,-2.555183271783661655e-02,-2.535609505392929629e-03,-4.460501189800791257e-04,9.633445467398993670e-03
1.442367260592664069e-01,-6.650882343890819615e-02,5.432319238308410021e-03,4.019462063445722322e-02,6.059591543478205777e-02,5.162601892002214449e-02,5.621476618186321134e-02,4.366750971959102584e-02,4.086177559969696865e-02,-1.570815892935755950e-02,-2.791613990869802088e-03,1.152236880113790586e-02,4.431221848482247080e-03,-3.750995885282219083e-03,-3.421667164027761190e-03,3.836695913416197923e-02,-3.291311637490511310e-02,-4.004680930452135523e-02,-2.898784612438373709e-02,-2.686178301325103327e-04,3.119636690300031830e-03,-2.067620023996365880e-02,3.441014744461368818e-02,-2.890191509229845732e-02,-3.344773950043416350e-02,-4.477085482737099692e-02,-4.978846558108500700e-03,4.085027110204778739e-02,-8.331942373660439563e-03,2.872303339848155182e-02,1.609675672105074801e-03,3.682672642650648004e-02,-1.367779575833909245e-02,-4.411235309586414993e-02,3.745777426805867172e-02,2.392895342754537778e-03,1.872291149936254270e-02,4.432592580941500937e-02,1.489140104362085826e-01,8.441375232317986643e-02,-7.003923743908180288e-02,-1.036747074471789688e-02,-6.077914623462840615e-03,5.585538752050393449e-03,7.574548615266996077e-02,2.464785088244337286e-01,2.245844800359959870e-01,-1.596811753574934462e-02,-3.837085538450955846e-02,-1.912750688754574768e-02,-4.861148378865700129e-03
2.290024499556831683e-01,-4.469105124125143796e-02,3.618666118237447160e-02,6.921936638903068706e-02,9.462915610726245486e-02,1.028117549982001250e-01,7.150467838985859192e-02,2.842473976523440110e-02,1.534373730486683282e-02,2.371089037206459277e-02,2.080347243862134404e-02,3.975940288267644854e-03,8.946928328485865070e-03,1.966342051591733753e-02,1.715276173681152053e-02,1.521157128866647799e-02,7.384503545543294510e-04,-2.949907537802660615e-02,-5.338364007422514990e-02,-3.387291419135888410e-02,1.170615245500039418e-02,3.134214649770056260e-02,1.749299284145948430e-02,-2.172036105569542103e-02,-5.044447725748113509e-02,-4.320327140835322072e-02,-3.724352063271852559e-02,2.182253381839447206e-04,4.105812020588629763e-02,1.607471675309720197e-02,-3.113466030343178467e-02,-2.312115663509144506e-02,4.275648703432338021e-02,-1.444142857883875392e-02,-5.076980516054876991e-02,1.615123266366468371e-02,5.783928798088222058e-03,-2.339037120595004182e-02,4.441817816665566410e-02,1.916400216336918427e-01,7.252057621473120830e-02,-8.567029783867087522e-02,-2.517422886825033262e-02,-8.457504180596424337e-03,-6.069514192346288015e-03,1.172535087717023194e-01,3.525456033540581013e-01,2.396891485758220752e-01,-2.938932310808243034e-02,-3.780794479992582308e-02,-1.596723154988415397e-02
1.227575367408058338e-01,1.718636260297571813e-02,5.696048718936865332e-03,3.808292757897900616e-02,6.466177060681355115e-02,7.164534131897232205e-02,4.020324308726323098e-02,2.680034391136665653e-02,-3.663823119912435530e-03,8.092678801339736605e-03,2.816850300789106726e-02,9.984241764938483685e-03,1.302302297092843876e-02,1.554516942803595321e-02,4.151961799035443212e-02,4.534773116734699787e-03,1.116212493260997606e-02,1.442868984372776275e-02,-4.604843922821045404e-02,-4.626732435334354743e-02,-3.594428504735463353e-02,3.079794921986469744e-02,1.098578271910320703e-02,1.271776364523323662e-02,3.564972981937684395e-03,-5.668021355616188750e-02,-3.167955252797504534e-02,-6.892141513174432355e-02,-7.400694858036404276e-03,8.819196383580352877e-03,1.010799497305883872e-02,-4.947210847324519205e-03,-1.056436608713577641e-02,9.222320362865538135e-02,-2.471790809265804120e-02,-4.387158481111390340e-02,-1.706876234962662574e-03,2.851285734142982795e-03,-1.826218967120707068e-02,4.791908956713741841e-02,2.634161553785525633e-01,1.003401350071003034e-01,-4.344718587457873510e-02,-1.189170497604935886e-02,-6.115727576369309540e-03,-3.851720625014009441e-02,6.410666949711109341e-02,3.675875382216199361e-01,2.337277011684922301e-01,-3.674145071710765553e-03,-1.352218056505101115e-02
-1.174302364548784373e-02,5.307706910380264459e-02,1.248984253561510709e-02,-1.444966791065378352e-03,2.291884807394293025e-03,7.494265523443820361e-03,2.133135530962899234e-02,1.922175391716947346e-02,1.303641968470271861e-02,1.353697237618202084e-02,2.907272685353492082e-03,2.664132686446612705e-02,1.519765982767233049e-02,-5.047328944377297948e-03,-1.413944510811772880e-02,3.596338098010197319e-03,1.085843614965716249e-02,-2.438944210057793823e-03,1.100589265055314930e-02,-2.864877089032586213e-02,-5.429439406502804821e-02,-5.988559078396582525e-02,-1.359521383387747410e-02,8.953878875674309290e-03,-3.233989662564166773e-03,-1.318768590255706835e-02,-4.749101970064145001e-02,-2.632670803316568969e-02,-5.651875786568453380e-02,-2.355940315437611912e-02,1.214254437103206609e-02,1.322260435812181931e-02,-1.072922937413909629e-02,1.058625824795642219e-02,1.232115596719359080e-01,2.904004431522154428e-02,-1.343340321228493790e-02,1.848894953067936608e-02,3.550061227241215617e-02,-3.342379631010059231e-03,7.411173533197548680e-02,2.882116862286095427e-01,1.462726686287462996e-01,1.160379600695394739e-02,2.159578643325585703e-02,3.948915113749899147e-02,-3.767634672046452082e-02,3.487595461620706522e-02,3.180362683606214325e-01,2.064266696805613643e-01,3.251485170061987895e-02
-1.581097236843054948e-02,6.320093456179790015e-02,1.922378919727196767e-02,1.070540439687712488e-02,-4.581964215329659487e-03,-7.475867921982693939e-03,2.697135281418956004e-02,-5.633471931433419247e-03,-2.692240559875866759e-02,2.480106406721801007e-02,6.395730993671698388e-03,1.338867303672874355e-02,7.504807480692306763e-03,-1.278829178310248284e-03,-4.493114183915195015e-02,-4.287253681222877311e-02,2.699438195768257692e-02,-9.000803295833493048e-03,1.110423591538628116e-02,-3.950119444095428166e-03,-3.658436113956968494e-02,-5.755966433840849217e-02,-3.480147449913342794e-02,2.612939670773502601e-02,-2.223952729557549315e-02,4.087282090304284257e-03,-1.495427279034177055e-02,-2.431622942093074335e-02,4.180315480605050968e-03,1.371305836946336114e-02,2.416776370636202625e-02,-1.756736980005971227e-02,1.409596573966571606e-02,-8.020763910340464667e-03,4.005531867135263963e-02,1.267452072607413438e-01,8.838627889869639376e-02,2.220773970160070526e-02,4.045651120261027633e-03,3.314761357751992016e-02,-1.423614031649243251e-02,8.226772248940358856e-02,2.265291407338290153e-01,1.472797298642511132e-01,1.952062205303338807e-02,2.494811829983252516e-02,3.285629374717850826e-02,-6.865691983790640773e-02,3.655569935639559759e-02,2.304038056017240765e-01,1.567277127270060022e-01
4.038256743906749185e-03,8.111465872015105605e-02,1.673170624239227536e-02,2.244615175423823883e-02,2.168006116365893410e-02,-9.176480276604158728e-03,1.445984207540294136e-02,-2.535377511692797625e-02,-2.677568640525296306e-02,2.236638085879558147e-02,1.089940762519171769e-02,1.228118814165447478e-02,-9.196264420441602541e-03,9.850469027598677402e-03,-4.540702324509332533e-02,-1.893096808870625355e-02,2.838237282694888383e-02,-3.371676329364246046e-03,3.886078481666646297e-04,-6.489452096307758364e-03,2.441988233489611731e-03,-4.885171031014529097e-02,1.741199677678122865e-02,3.305466615786251117e-02,-1.125997259201684704e-02,-4.045314086185574677e-03,1.733121832638408102e-03,-2.639374587909669930e-05,-2.290274760364209225e-02,7.768475118521417366e-02,3.395057857717606598e-02,-8.185377689076957577e-03,3.193596584658882440e-03,1.016031358958801624e-02,-1.449414796881191240e-03,1.906292876366920061e-02,1.342946988919840601e-01,2.999852355281957053e-02,2.086123282428179425e-03,1.525694396859056043e-02,6.725484021465626475e-03,-1.603548636331618080e-02,4.529137494980784578e-02,1.558040369664784319e-01,2.260205628993516846e-02,1.145545423019909970e-02,2.129769564361251935e-02,-1.255828080843872548e-02,-4.675141378526179170e-02,3.803229430835312896e-02,1.338017817965427847e-01
