0.467351513482092,1.43688526818874
-0.457354523590126,1.16581725537932
-0.0493622569104311,1.16591911709428
0.371446815022296,1.53503206955863
0.0782175556171837,1.36441682031617
0.219414131616968,1.4216255995403
0.0650652044407019,1.29551959783538
0.142775234545547,1.30985024428783
0.272130693483088,1.55982884555722
0.17832091599338,1.60415382304863
0.519238598246428,1.16672067336143
0.0110674607067507,1.333994167993
0.34914371918501,1.59342027539525
0.109308572077366,1.50640935367708
0.346844199355694,1.18925387220813
0.292627777312468,1.59830440358667
0.221566891288612,1.61907827562688
-0.252377631197563,1.67607936944615
0.111472991205934,1.55503253413147
-0.100595084166839,1.24825955264287
-0.13069362700473,1.46132828578354
-0.35740887745445,1.17279631087303
-0.0355806175702485,1.23585037048228
-0.00113540975630201,1.04668563560613
0.050090279996359,1.45113352535154
0.27023949798461,1.22117093056468
0.0048230900513825,1.56450774073235
0.0568728520760065,1.37703287638641
0.417629255661236,0.931454999536054
0.309991242287055,1.54657953588404
0.0229605421009118,1.19986023995561
0.288437309160775,1.49887641066451
-0.456665600723039,1.25050589475203
-0.345966201013703,1.246892017214
0.0699531149397749,0.8472440275282
0.0241774197805451,0.983409748282122
-0.100851711701309,1.67245891687526
0.23026964066647,1.17374840345395
0.0154612696070673,1.36356220595003
-0.13584143163491,1.5921911191255
-0.106905818061298,1.03515319415009
0.33495018060582,1.10469726767936
0.288710497958033,1.52471594669983
-0.0659039695820365,1.28763820040135
-0.0547950608346076,1.21020787517813
-0.037066304847417,1.66774394831068
0.343799462048922,1.62301900803583
0.450638988775522,1.37108098174714
0.518970145252376,1.29546407549629
0.0609182110380256,1.31817240672639
0.205479913047563,1.52429263064459
0.364213097385768,1.58235280947301
-0.0685279822855943,1.6499812187902
0.104405479670137,1.61889188606404
-0.240655897418459,1.61864259643653
0.460737339068365,1.5125817357055
0.0662182943593828,1.38002710413204
-0.248554736415166,1.46253075975053
0.485257528694951,1.37548425452929
-0.0569504103025356,1.56290965907757
-0.048941077721233,1.6769026154685
0.072625534860847,1.37928246731935
0.19875879266213,1.48863503972144
-0.00946081653750849,0.910061305025287
0.115192720978548,1.21789008313316
-0.392885335581751,1.29074668948867
-0.208850579430962,0.887694585897774
-0.0335808104923572,1.37473685755273
-0.0565579360296587,1.6195715817701
-0.0264451421279754,1.50666833157364
0.332317020163932,1.17272365339386
0.2628310974069,1.41036724535669
0.175846974115077,1.49634269116211
0.154277549057797,1.1689624212593
-0.0146062940685075,1.38471455299997
0.0069459841603474,1.25759040928675
0.20745255261935,1.34178199250867
-0.00608626934400218,1.2685186689011
0.0858676567793706,1.43855469367437
0.171071211466382,1.33490400870073
0.40595327335211,1.44345349934937
0.619880902589732,1.33049269751613
0.913500745133528,1.46056717779528
0.827654932056674,1.38708155561686
-0.0336728614938781,1.55856921957463
-0.0427476605456131,1.65555408920611
-0.340273554420089,1.69693247044703
0.250235552084959,1.53520758718545
-0.133482570918459,1.65462190205286
0.051279157354382,1.60514154545505
0.153380400109691,1.48560557301966
0.451453269050096,1.56553418790965
0.309492781107275,1.5607171968225
0.180619791314737,1.126751331412
0.321358627393223,1.44100290587564
-0.109813470602354,1.54105312156356
0.518226645918845,1.37570862018529
-0.161289633890674,1.30248935316013
0.267331803233533,1.21964105027472
0.28039766606509,1.55187993634357
-0.211991344427639,1.37685354534051
0.352253102490551,1.49352945530306
0.545028883488408,1.43519026603339
0.414255171878052,1.4546733863255
0.570040604842913,1.443312440826
-0.0541196150337815,1.16508341452551
-0.10896520661468,1.49593861210654
-0.150427322663176,1.6789146593749
0.107881938190567,1.04874443692445
0.116919414239918,1.40932178192835
0.242059802998786,1.60965818388835
0.0902289275237025,1.22835725746617
0.215679744143563,1.05897760027323
0.370420626851988,1.5393553895386
0.00142080684891587,1.39977106885519
0.672893486658741,1.51534539013618
-0.268334282476515,1.4264246995956
0.613303960829569,1.41114380391517
0.636606154517303,1.38542090087675
-0.0143885132575347,1.52665412908672
0.121877018804696,1.22336491691858
0.235410200728095,1.28666440826077
0.477831672427216,1.62420470391975
-0.174359160306974,1.66286238787612
0.215238917544383,1.4785768345202
0.349866819486608,1.59627721172937
0.230112850827112,1.64937596922242
-0.150293066153614,1.4015109255169
0.162610831908863,1.51748023781995
0.331456352558907,1.37734844189098
0.300585281951234,1.26710589237808
-0.0463730807498365,1.47880715955663
0.595754272052899,1.27930024038301
0.338229669955752,1.54450832201762
0.0575858489532752,1.43085518871211
-0.173659122598278,1.13731548310954
-0.0258571330920823,1.57045647571268
-0.117594057065551,1.60149820186851
0.169675934672294,1.60904148130952
0.198947658568458,1.55691743852375
0.0598765234557725,1.5656519726841
0.228788404367774,0.993625507940495
-0.331975152314935,1.0821169772232
0.719131296966201,1.47152930497515
0.653569440275912,1.54792785699166
0.276781665516662,1.20009664914542
0.192679770972211,1.27875633218812
0.494300631434284,1.56442252345183
0.535292361303887,1.13835708371183
-0.141196485645168,1.67045764412309
0.0574137885392861,1.09794299494696
0.0786267067576484,1.59909887493831
0.499343518906725,1.33008470730942
0.198607875898954,1.59948480342278
0.380736211089129,0.664785626419047
0.201723432243766,1.49663129391891
0.0184748246702931,1.53299165863333
-0.0403675216625804,1.34961444166137
0.517838992553877,1.12417159689373
-0.0519842416665923,1.59133066162115
-0.272030708744472,1.31230577404698
0.178588128867402,1.42799445309609
0.108825281226759,1.20401909284732
0.266500896768251,1.57499199370174
0.216828134866239,0.81243305296864
0.16928472481275,1.44802114956267
-0.25722854964793,1.55995759701448
-0.0736091193324303,1.46130936863079
0.163570365095862,1.62776099524188
0.302571968199319,1.06137124592966
-0.276056520691475,1.5164933042441
0.288684514810365,1.62558064850573
0.455370962119667,1.33423169019039
-0.201867979918254,1.65603535913451
0.39709462782863,1.40787263916148
-0.0515607623887581,0.911859162844702
0.468294263706652,1.57882536128544
-0.0187964272097746,1.25025849421068
0.0190351309778887,1.429358024682
-0.126820759089784,1.57700299230807
0.594060663119162,1.51281963374374
0.340437291959108,1.35387779354982
0.306923222004048,1.2572526061163
0.092127599866954,1.6253953544447
0.245695418341013,1.48129512738715
-0.262183088962568,1.61146244649138
-0.0179002548137888,1.58851855103626
0.0756075887751795,1.40581133385113
0.500897022143718,1.39596479639343
-0.205985928388803,1.26634440473567
0.444734399509012,1.6070610534637
0.316957411777329,1.30200446556691
0.198043000798838,1.45745221016918
0.692688518452359,1.37669313506552
-0.0139776788129575,0.942514827448583
-0.573002725298668,1.36476866154553
0.444399577759244,1.54225757801725
0.152841184984134,1.6389492249039
-0.0207275146819789,1.18528551105938
0.00898123812633904,1.22246706214797
0.340799017312819,1.47021839004749
0.591688088790051,1.61945681317106
0.379251171932483,1.44162334720003
0.0357872327141034,1.31985857932294
0.29862477423645,1.0878618282448
0.354769490678107,1.31208532140664
0.592952711266174,1.40484055970232
0.242350258483829,1.44381683192216
-0.351329342552879,1.62869284710501
0.327519109682928,1.19948039914506
0.175330850485564,1.15484125603425
-0.0341900622676406,1.26349840788907
0.43214121770637,1.19290061008578
0.335748371737953,1.40977825039775
-0.092938367703077,1.07708595898677
-0.0635549370035297,1.59044207291843
-0.195782282938513,1.03337556358001
0.289192827165227,1.46595019798872
0.0891090782095491,1.2640662369442
-0.381160462936748,1.0203080553962
0.0513069489068374,1.43547520323855
-0.0806759520168561,1.22205106483625
-0.0295911081155619,1.62361068420359
-0.429741882568989,1.56920569185058
0.146454156291607,1.59482202540806
0.168392623509384,1.44241721038699
0.589606555515713,1.49884232984975
-0.0958788461684882,1.37255882795753
0.435032565968663,1.23546656932666
0.0557730625426995,1.50043377239118
0.297236603807409,1.4992447056302
0.422520717191994,1.52112856288911
0.01944698912571,1.66682768756453
-0.196854954706113,1.23921237331735
0.262733103870487,1.50835254435951
0.592775599330643,1.44627613974685
-0.424125059794855,1.08714587293275
0.174652851431908,1.52961158701936
0.013883186531261,1.24856381459147
0.347876804573493,1.15918548759704
-0.0503410943959534,1.48150325788346
0.27408177182137,1.37995126805475
0.426153249182782,1.49087190286861
-0.252613486886988,1.57314713253071
0.0345843858651438,1.58994720652921
0.0395022477218814,1.66587467607995
0.521077875922718,1.35929171470635
-0.310463287727061,1.60602698803817
0.436952782616943,1.28673105081326
0.083384717318017,1.35378081922113
0.535788337727664,1.24690672259557
0.119066414132774,1.49761958807268
0.472813280819334,1.57673047083764
0.071433736507976,1.58244769138645
0.0935252532868838,1.65283837511806
0.52646462167376,1.36470675980673
0.483388719912651,1.54972785227733
0.0312865255591295,1.6273319587558
0.499035723617764,1.62975845980386
0.315127305350344,1.47165505996597
0.0426383542635304,1.58920152782362
0.32395851016835,1.18469968425764
0.43282058451044,1.31772239100562
0.0882530666093007,1.03136561470164
-0.120052922637603,1.35269434263262
0.220201995965447,0.790241124064718
-0.558822814563172,1.07900887737096
-0.142188668991587,1.22027865034219
-0.0028937654179888,1.65141143847075
0.106805937851996,1.56601824075496
0.125847317120063,1.25581423256333
0.273241074847647,1.3541649045341
-0.13727576757208,1.44618892173495
-0.217088092001918,1.67165760615772
0.00231001674957211,1.40290339468908
-0.0837910233852795,1.27193760219537
0.642411159170178,1.61618778956522
0.337025010379081,1.593473327545
0.515167993058979,1.2894560792176
0.188170673932084,1.16940910493984
0.0291998374379647,1.54871638340292
0.351347091965934,1.52098824787732
0.078379270609703,0.920196491317638
-0.0352415097152236,1.16411330859978
-0.0550405916605926,1.48545286238975
0.0964673770162177,1.31141848883706
-0.172319706426539,1.48362914576018
0.617701331451368,1.62124371112474
0.464914325598389,1.57391707906943
0.448745676082213,1.53501938319521
0.155916656433785,1.6104837292404
0.612633051092523,1.59150689476246
0.224907514789972,1.55188765519603
0.305691442879937,1.45721214107428
-0.50592772584966,1.34644622184821
0.238667019415038,1.42620518532886
0.0805705058069429,1.59087452757507
-0.220069688639752,1.5535480799079
-0.156936267337736,1.67695590762512
0.0320509704351141,1.43701058698043
-0.520721439671414,1.33458871899583
-0.00483621079943336,1.60050858700707
0.850558341972039,1.53873608168909
-0.0841853406798121,1.5742908314578
0.354258061174216,1.59888535839961
0.155147183855283,1.42732632995602
0.013747609588389,1.46136844529425
0.429119590204635,1.50299821077348
0.198658301418721,0.974299069326612
0.0484317903072576,1.37857569717749
0.162884911821982,1.30991184785489
0.0165878607748252,1.39169637725016
0.227876577952924,1.64300730190974
0.218561731301946,1.59964359548021
0.149717848494899,1.63182282085349
0.329587349127443,1.14000510522879
0.425938058728349,1.46111102563827
-0.521092247029433,1.40014609770032
0.404268199022394,1.50169191029473
-0.00756246297873256,1.25117004752455
-0.296717453512519,1.11290088746731
0.0201131226520981,1.54776142145585
0.0248771261008289,1.02828292573062
0.305189783243572,1.586159476784
0.462221939851528,1.47818187208365
0.202823392578906,0.994095269150278
0.124232847558204,1.56375533073125
-0.11628030335905,1.3944609017724
0.476815515753607,1.12153999764671
0.34444741317684,1.2102547138377
0.250983105472245,1.5770824989925
-0.18177039596623,1.63499860557736
0.135060073215114,1.61300240218394
0.50307051619026,1.54408784177258
0.292832196612421,1.24739181768536
0.118003755438904,1.49322274111631
-0.017190002729962,1.29175956421601
0.257285969040405,1.43448087074157
0.232083265551322,1.57829841633325
0.624613443637063,1.39126700045503
-0.256930220570593,1.54822081977604
0.340131202172464,1.50599978330611
0.0588779679474524,1.62351435191654
0.215409478848589,1.52399387634179
0.0646543642456927,1.47223046968107
0.308779801364265,1.30618448738853
-0.214953934601809,1.57697563707626
0.466931395401376,1.23556604827958
0.203712462260434,1.18054373476778
-0.0141929392772886,1.65154773941865
0.359091294590311,1.36458000583768
-0.194385811305587,1.58765326276383
0.331312012234767,1.36026145646335
0.318899266072858,1.44588790944707
0.5884484801942,1.49466532272836
0.237156228936823,0.884140741028957
0.154551464055363,1.12056681880358
0.205983484161358,1.22408499588475
-0.416079261541301,1.63117696624744
0.0760098997296852,1.64509532990055
-0.105599615282818,1.50003910317695
0.415682795350353,1.01498706126108
0.553450473399495,1.21636654694503
0.171459428135596,1.32263154656593
0.0865037099478733,1.34669275238689
0.866035432089496,1.0689464848238
0.349203677505073,1.30482417549052
0.141752930577278,1.53860663948846
0.633877144841685,1.00838646211709
0.413683883022769,1.61804920152551
0.159126153876821,1.11908869649514
0.358818405857427,1.52613879611434
0.298050048555563,1.30203650841044
0.24891920285656,1.50687284931144
0.147062744795135,1.2152974460428
-0.502494995444781,1.67763294034091
-0.0668234295591065,1.36972558674274
0.366473310267763,1.38571952027001
0.108859968836625,1.49800080350615
-0.30679767314255,1.69112244775493
0.284132534691047,1.57053028648165
0.0537942286290264,1.5585487548882
-0.383791034700477,1.05702329758199
0.348826142310778,1.42873596691461
-0.166690202658659,1.62072527946331
0.177815783419349,1.37896103589956
-0.178948601089315,1.05866958690844
0.452672876396756,1.1729344969994
0.447469590573657,1.24450931570207
0.556009515670688,1.34937623229019
0.026257158543914,1.3912038579125
0.0182038458934239,1.46612303966276
-0.143465791224168,1.42537638332982
0.278029259900899,1.59145391829798
-0.101666465173329,1.37788072342323
0.191021418192857,0.926002498960083
0.0657513515741226,1.63009560990204
-0.18210829241404,1.67255378837723
0.0766852487488824,1.60538526126953
-0.267840523046434,1.57396191510298
-0.0577511052731277,1.38663699492004
0.468137412440422,1.00083752872223
0.34191484917571,0.89567361573187
0.0935460298492864,1.54979572448568
0.818646512407996,1.39365644435787
-0.00355249430164204,1.47872235537167
0.385104371099346,0.175051452513315
0.0228111318782606,1.20909598761745
0.0611112650714646,1.23971023762213
-0.369263294305015,1.05013365560072
0.168174196515476,1.29863442140431
-0.162523965144738,1.59199092070794
-0.00206319293531973,1.60811913310218
-0.564798817639453,1.55270330328787
0.00106398400221117,1.31390969766853
0.264237920966152,1.40480489586263
0.148154081632186,1.52829671011001
-0.211879283023957,1.25031174508938
0.255270997985629,1.63202422180105
0.274934064298963,1.52175457219278
0.116121439203793,1.50394785096788
-0.247320675511335,1.5086354296653
0.569323285321386,1.6209984515602
0.195186230517356,0.777348064633284
0.169028303775423,1.59172803936688
0.38420201137719,1.22885341799555
0.0910191311847598,1.58465118769278
-0.446237690735232,1.66575160239606
0.72138149567883,1.32082976124693
-0.0567788017473708,1.53964450455633
0.342593179608427,1.4196580645974
0.0756802389227142,1.58389336503884
0.312870997952907,1.34170861708069
0.299958207509548,1.54497746184007
0.398453424388719,1.41658867626661
0.235484685348214,1.42214679026299
-0.0421186980628918,0.627778301222349
-0.165179464840831,1.52047623970515
-0.02591412917668,1.1210519862425
0.164639906311632,1.27191321986088
0.104929927214685,1.58048776628738
-0.0232301140985532,1.60886432000055
-0.000625217395157012,0.708632036091418
-0.445021668925911,1.32926286640872
-0.350914774092031,1.66814831546331
0.394596854370388,1.439916937744
-0.117096695872886,1.41689243303509
-0.061422473686634,1.47314167252331
0.00715245785709178,1.60430042959444
0.43601018733458,1.06899180642035
0.498115902452375,0.937491077513663
-0.0305258208706513,1.2663721331235
-0.281293511885101,1.38282674603011
-0.0923590756043904,1.66674092335176
0.565548252642389,0.867263941287475
0.0779111301694141,1.28425180365105
0.157689201383033,1.43059047793924
0.441414525394799,1.22650193791084
0.0299596054554648,1.47421692313543
0.11953501735437,1.31872766657124
0.0695182207842168,1.3027572865349
-0.0531053831338372,1.67162737635221
0.13959304925987,1.41415407785489
0.360375840808044,1.47406497617466
0.021802584613584,1.60648715857935
0.148058148576206,1.54070594382892
0.0611286320720891,1.65846843663954
0.228315363968812,1.45542022884313
0.231297494776403,1.40690050951837
0.254177518802217,1.37671835622778
0.0465305664792135,1.14499324788187
0.277859635106209,1.56402033176029
-0.0839317684006516,1.40691368817235
-0.164531003674688,1.50187073815762
0.295261525074736,1.60226393520441
0.45587558877038,1.6200654861674
0.250774406307873,1.64435150120925
0.0140658281021917,1.29712046205759
0.0161138132323977,1.42539204649889
0.165177712918311,1.52871888004969
0.140420958493383,1.63814999132595
-0.524719747896721,1.67158318916182
0.0929132392036627,1.59452512017466
0.897963501033042,1.24855190043199
0.512582734128049,1.55021683833644
-0.300702321566778,1.44884760802649
-0.190822990337537,1.2268562197031
-0.00428720657036716,1.45858599860921
0.127376204726499,1.37505154282572
0.212427283110344,1.63272494676213
0.135196206468173,1.57563940598685
-0.0423338371936831,1.49410291514789
0.302734326014828,1.07707159543266
0.240740123298528,1.62707815258419
0.0570626911778579,1.00760133822724
0.466132749686154,1.35652442642005
0.221715793912638,1.13596358904889
-0.40625329805668,1.53154506872363
0.348847420550363,1.50382289901034
0.285917493050546,1.36443888533591
0.129766467601002,1.60534932792242
0.515075286421321,1.48250292810365
0.0965616921204459,1.05270617832351
0.00566474589870211,1.55269753721762
0.74410497805213,1.509246327111
0.176618037796467,1.33812569690964
0.218594295377606,1.36597081292197
-0.0818540407280964,1.39203319464859
-0.0562890631322544,0.926168108325607
0.175690593152196,1.23895700011479
0.223679341287863,1.28481088870727
0.283968476186114,0.936826333168516
0.114232983807169,1.41512187754737
0.163121098146304,1.41413776405235
0.237634494709928,1.46625581507033
0.336939402739407,1.40622683684107
0.739067962937804,1.44576984302784
0.198930208554494,1.55545843777685
-0.141345469579267,0.802417033928922
0.124206404483684,1.51143998774778
0.821739878250148,1.47127398498571
0.048605742549759,1.38979638008858
-0.285594762823296,1.61996363985694
-0.0500500699247687,1.09307947339486
0.300344154901707,1.38126006450881
0.0328235170968,1.18689911818669
-0.116721442548832,1.37710489716317
0.0925394407740133,1.62479749474892
0.043320688837262,1.63275313160952
-0.0183675574811123,1.52335506163852
0.265987503033424,1.6404066372003
0.723026204314916,1.41085778463495
0.508918639567479,1.49682825722359
0.108601191603681,1.29949409658594
-0.275842163573613,1.28993628696416
0.434352531808541,1.58537626532398
0.322580885862293,1.30925691446348
-0.0987810655457902,1.54640627016019
-0.0179557554968285,1.21672589929969
0.0667203312845408,1.46601119998156
0.0667848973198369,1.55988435241043
-0.134999619155221,1.49165991986804
-0.0460778781801785,1.59693738644033
-0.0543985055614821,1.64199012632099
0.0149767140906481,1.36251841632094
-0.0162998588356935,1.09759253771321
0.0261000279112839,1.22478215124443
-0.457136697580178,1.58091775819623
0.430921007688626,1.31577027594679
-0.0453021169340036,1.59578175319969
0.252802721757281,1.31829102316612
-0.339007773083242,1.54523292421691
0.430299541539422,1.51992952082396
0.400943797351544,1.61131006540971
0.285104822791879,1.5946028661449
-0.187181088838276,0.827263016506807
0.0604249541050251,1.64146479713298
0.403882118373072,1.33504921795086
0.246984375413222,1.56821484034557
0.223876406351045,1.43177850909715
-0.219577084074332,1.17362043324608
0.0791919081520973,1.64603091367554
0.130855283942053,1.46644882583056
0.113017658424242,1.59792351500964
0.599473529471254,1.31849215382277
-0.00340145567587067,1.46230713885104
-0.128734863725446,1.33220924008739
0.583411825492117,1.3905001527436
0.614519796310581,0.913990119761813
-0.097437790712513,0.900145973944453
0.555481928462424,1.35938910298608
0.224144624714868,1.53341283822619
0.0465178353832128,1.36069884882222
0.316109446334389,1.29980106768394
-0.0470336704533591,1.05371479513225
-0.154063711629087,1.34883322005776
0.100573115060641,1.66151723028192
0.104963750111115,1.4485813252585
0.551175660354716,1.25155808342396
0.234708389196159,1.36657974704228
0.457148796950006,1.32451187130649
-0.331310722188737,1.64912337646572
-0.0420999212067265,1.50243458208252
0.201657507028461,1.41530533716794
0.0952464602745345,1.58090058997276
0.292842104757161,1.49922598051431
0.461688537075102,1.21191458870872
0.547804193300793,1.06787385913639
0.196226508513867,1.59857983445439
0.150611299797303,1.62982255541293
0.376459250071441,1.41428032400225
0.310273235833883,1.24719827523765
-0.0681384069940409,1.57444287138195
-0.0556153544607783,1.64264295313838
-0.385071597569112,1.59263049717587
-0.0152413225622996,1.3076775249688
-0.0430220270632523,1.40864850252904
-0.11883432647264,1.62723210077744
0.0603833325606889,1.47826299379774
0.0923553310070682,1.62269895264087
-0.18055376108358,1.58748091459637
-0.0521965062138916,1.43330439811159
0.0128310033128694,0.752689889863565
0.00177518992912013,1.1980726832019
0.101358346377448,0.96687857637289
-0.00714058741207363,1.41484579612845
0.653746183643595,1.52052835507582
-0.0266494025703979,1.57059762136471
-0.0485064880863124,1.471769990484
0.40479180923026,1.54075933683902
-0.0767164058054436,1.30486881495332
0.231333052348617,1.6254617948948
-0.264684299600245,1.60523150001209
-0.502423155770913,0.828106275491716
0.171432431180937,1.10457582469402
-0.0857066860105931,1.31756308656882
0.637738768823786,1.5011712223535
0.157868918503602,1.08130721203921
-0.264339265704523,1.62906253978043
-0.0847392820627427,1.34559439968334
-0.293339778103394,1.41587876378152
0.040670430086551,1.64877722363868
-0.117337403580406,1.13201687853196
-0.0508760164036221,1.3908376603432
-0.181917826590332,1.67842176374116
-0.0461380144323049,1.44507014258735
0.566084896107859,1.54146404324861
0.325196920036101,1.37705470601917
0.587145261776906,1.57955034503429
0.0494155128376723,1.61338914833619
-0.176547259652402,1.19393085241388
0.202294573184898,1.58712767873575
0.372202838889068,1.08768092117997
0.237116847592459,1.42556327925123
0.414052047450552,1.51277033598967
0.54987209893681,1.13650763830832
0.074923864473685,1.51627806762739
-0.102173959947675,0.786138874915218
-0.212354213801814,1.21865886057807
-0.0715424287117157,1.00898674228753
-0.0214430824303527,0.879686693865863
0.291496852726086,1.36454284046449
0.297662381050579,1.60484889245381
-0.120620705160151,1.47585207639723
0.0965306595926571,1.34066954428804
0.0445385783295815,1.45573927057403
0.0893281418822387,1.62407770684958
0.157818218916232,1.63804953120669
-0.476290378290146,1.31582582762056
0.468351096794008,1.61865704418828
0.0148737510848034,1.55612526016918
-0.448435618646567,1.39881978121207
0.864824432766715,1.45514555237267
0.667288298091776,0.891798755971464
-0.114814282863727,1.33619609882433
0.167237883556053,1.31771705807637
0.358426779707432,1.43930388541245
0.325651629409299,1.03367593222935
0.562407413796685,1.49674828937681
0.547005400249113,1.40030814394482
0.154871401424722,1.40839609578242
0.177862605455967,1.37806656722594
-0.0890829731991094,1.66789503871392
-0.609239940006468,1.41757859346448
0.350361094082536,1.50738299083367
0.302329158200479,1.56673877059985
0.107238466885281,1.29382518996354
0.0440482643028672,1.34736198949366
0.0316320012784196,1.44434443913421
-0.24982042381786,1.42690682983305
0.339348900923075,1.13097675900267
0.327096882198217,1.54874695395615
0.0744054010944285,1.25836344283609
-0.0846852207615721,1.53553394143107
0.528984557388414,1.47953736950969
0.318319212680217,1.54582700519967
0.283144600260315,1.47377546564417
0.354638995980445,1.21733739907159
0.415482111096793,0.978607789374386
0.124222300314067,1.65842769380057
0.303990771659596,1.4342163507631
0.505700122908808,1.31719610455793
-0.178656098283472,1.39680478035712
-0.177692921556422,1.35117008994714
-0.0428471899895623,1.67419075461161
0.283263374364527,1.09098291726149
0.500276910093014,1.52517058829655
0.187644505226544,1.49479465169042
0.0699676100255996,1.01447628606524
0.276388431711766,1.23752255195697
0.430950153622824,1.58772329819016
-0.151504436343445,1.45364256351892
0.197205918160511,1.5559058938542
-0.182536755323908,1.62545083499801
0.369503663135819,1.37593992486269
0.188408848099225,1.22328142882336
0.569556761457938,1.51755252572687
-0.296290619558112,1.56583720966233
0.322215954883402,1.25560466022425
0.00155481937637432,1.19302659290093
0.373264840513962,1.53183690742679
0.158509709408739,1.10197256237365
0.150648769893555,1.09331790090935
0.312236729177168,1.0066070226125
-0.235828657083008,1.66531643376257
-0.146110904314862,1.47981863554961
0.0639561976389466,1.27946266119259
-0.0220199030279077,1.29879785928659
0.428404733586684,1.52485609534063
-0.0887852249324222,1.61176553768364
-0.144653033141129,1.15401490708383
0.361485241233439,0.857215516063704
0.631282662597933,1.25344923008969
-0.171406605109579,1.63078090537676
0.114899147359727,1.24229959264119
0.328090799279267,1.06001268630118
-0.192826266684114,1.37212576245131
0.227459766554935,1.35718476449481
0.0708019894793091,1.13233951721768
0.426285268296026,0.952564495445536
0.139762463966511,1.39251814815503
0.126315750150622,1.26923813539122
0.877287623961802,1.08282136867276
-0.0926939023056447,1.5640247071591
0.0746259805431876,1.57389491904219
0.194170691307211,1.19756529568897
0.401938564406227,1.21172813448889
-0.140782951293251,1.37106887032182
0.185146484524873,1.47599428842375
0.00932289846834966,1.60751105993838
0.30717419313315,1.46087499444446
0.0642906886240388,1.43015859015706
0.00202891027998364,0.955113157008086
0.0838430486324682,1.34960370216817
-0.0653533430329511,1.35444520136477
-0.410933250465481,1.11688397547996
0.295641326925139,1.64348630472509
0.0274123165236425,1.17940641365322
0.561290201732294,1.15533695358727
0.736730932012516,1.58844196877127
0.510386662773933,1.4875420170169
-0.0675100954101165,1.57219585412687
0.0529505095168806,1.09185853032748
0.358642035925515,1.3318301747962
0.811377855801244,1.35099399033964
-0.240662346063271,1.18601720000575
0.126260375008239,1.0149756726691
-0.34188784518495,1.07783659133872
0.395925664157191,1.58080713669279
0.579410623777383,1.20571842006692
-0.0432167669880848,1.48317487675504
0.184861176231994,1.27035382862202
0.061206554325058,1.0296414169297
0.217698146000577,0.937328707878121
0.217057715360609,1.39944699040243
0.154690026081737,1.14356589471758
0.198111578344971,1.01171021367375
0.117966253971306,1.31635989405109
0.122039941957039,1.64591204973624
0.523838451780136,1.26452809982943
0.285788157918358,1.47322163865337
0.322343825259269,1.59267718400778
0.243405507644644,1.46854781904831
-0.132189596093316,1.20783881123275
-0.244907938641761,1.4340138777434
-0.134639563290699,1.36930582193922
0.284753116046638,0.273084010523742
0.3860590587108,1.33513010787899
-0.113550234936286,0.910344920446646
0.620179452344145,1.32601056652966
-0.0909548371178444,1.28587344452895
0.0563500130292998,1.36058994039369
0.181763235155008,1.33049350154407
-0.21481215947281,1.52029697421206
0.223226551286665,1.60463373258375
-0.111228257642866,1.61367225914659
-0.0241819969790258,1.54586651777758
0.111194142274254,1.59502017355081
0.356044028080492,1.28595346550343
0.283687529424608,1.34248067556847
0.133275104328824,1.52572601438711
-0.153958101043113,1.21416521576923
0.298557336296568,1.52908132265488
0.407498192750739,0.852092877800051
0.0925430407031395,1.49669950198392
-0.0661133750084089,1.10379943757262
0.148987847854192,1.52500334653238
0.00630578991939969,1.5981204277062
0.175678646456888,1.33444605191065
-0.312080688914908,1.67589882307275
0.0589401984550897,1.59598635942724
0.479340231495701,1.49213617714374
0.0683404482098796,1.02468315395889
-0.34895185352652,1.01484407472187
-0.0157743894846262,1.47000688413216
0.794900577408238,1.46454658974214
0.420832258814883,1.17711086872922
-0.567498186681929,1.53952398609253
-0.371432735068884,1.4341006778321
0.16624090577187,1.59006563586122
0.0229273600431594,1.6046324051524
0.452278389292564,1.41386532037048
0.0247522177177381,1.17841896263539
0.0443013991715524,1.27606408123303
0.00551580783724786,1.35851116807296
0.0893922768322196,1.6197599999503
0.256456620940084,0.775691701811585
0.439175184916357,1.48826108951553
0.350890201393558,1.3517902078304
0.181842479546769,1.11431904290526
0.372592695363671,1.45997437466004
-0.385622274853732,1.26606814717189
0.0667958969319365,1.66182945089157
-0.0436585643975326,1.38244181109936
-0.108098881656479,1.67146575700771
0.0357351317789042,1.64549989936534
-0.00162874574034035,1.2969254957169
0.0869404413853181,1.07428175222892
0.484132548502521,1.55595971028488
0.164519872001375,1.55108100826754
-0.353495366813864,1.63042815816541
-0.0145176226872916,1.33581906930378
0.329054915270436,1.62782613857491
0.481953300272883,1.53819733119086
0.638526640841747,1.43262795192535
0.31149266002839,1.18965723649274
-0.0476318423932833,1.67731468247313
-0.362490046000084,0.762666400578337
0.479606038258623,1.53957873925738
-0.44613231452573,1.44696202116079
0.430516128408695,1.48533107945296
-0.0613564730054511,1.29818754037023
0.250178308506311,1.28098417657812
0.0994491769741814,1.51338712094986
-0.237048550881207,1.19957781546825
0.843675238924834,1.25132111110588
0.033244351301044,1.26564636643229
-0.183962516335967,1.50537181403235
0.108828708722319,1.40160458592278
0.278498361059551,1.38938155409844
0.748639071871662,1.40052447393979
-0.0686984885888735,1.11930548141688
0.280685472209384,1.30478283770698
-0.207705748882324,1.68950659351865
0.199104092094016,1.40340794609907
-0.128350225281726,1.65711921286306
0.0965525652070882,0.993640349415055
0.479822924985504,1.03364437781439
0.256871368002427,1.58868708055929
0.131100404959968,1.30314468967047
0.0930343484583054,1.33152994644954
0.286774105683689,1.21951631092797
0.305470040590094,1.63276932952017
0.176814519566094,1.6306923467966
0.427185207469639,1.57923091312468
-0.399615975290229,1.58599521646533
-0.0625377216879481,1.62946894281651
0.380818246435495,1.30682149143229
0.224625475000719,1.58077088630061
0.112663354859733,1.48254179260698
0.124893585776973,1.63983726839741
0.206510299955632,1.34248313866822
0.131436430193838,1.33935411940996
-0.220337391858678,1.37360562571894
-0.0644795653370279,1.57437964460536
0.513633585752686,1.28788096594243
-0.0284750383228007,0.655767526892971
0.124317333128427,1.52418163595224
0.141450682055179,1.610805957319
0.110442851035465,0.833233259859621
-0.173460161527719,1.20857442111155
-0.20227257530102,1.61253777116308
-0.0965742950598102,1.34947178684009
0.53700770398926,1.45210835705546
0.147850524433565,1.1970458437936
0.309839809845502,1.2431673885743
0.143737932470094,1.4137409800507
0.248532498546163,1.15311081214451
0.0118482175966871,1.46930735181398
0.367111096093144,1.55220640851841
-0.241585528374694,1.68357880327692
-0.321095800870605,1.67128874803952
0.460091050197722,1.26159933349801
-0.14227857474005,1.42930787483145
0.36838687004734,0.89478864604572
0.200456158782966,1.21490607060942
0.0661893134127987,1.57794318661438
0.152653759316877,1.56061005236971
-0.0212887635309523,1.15594762568951
0.42857667610186,1.45059083748508
0.182362678280616,1.59063650468868
-0.257068372891312,1.53411880831103
0.507806001124367,1.54094479166647
0.228066973090956,1.45916067273979
0.162479974592274,1.47065984544274
0.0533828914128926,1.59976652510184
0.107675196726028,1.46781223629578
0.355674517262535,1.43336220776123
-0.470779636568028,1.69051299049586
-0.246155942733229,1.49924511612934
0.0175388018802405,1.38145659670056
0.0839611676796111,1.60716602384003
0.112722087811158,1.37905804013853
0.419204192155016,1.51027031679037
-0.11778526147141,1.43057585844399
-0.443707375710919,1.6783220802571
-0.0512608630462859,1.51248410432444
-0.0609275219128955,1.24765397777215
0.0331456511017266,0.85656383190046
0.455701269739408,0.896497760625368
0.554339156714262,1.3674199207203
0.212809576241551,1.27679975820765
0.299111315811685,1.61981166524951
0.51336114090345,0.817754434051716
0.26834969630126,1.54711794409134
0.113462726198291,1.59270954966258
0.50752863359098,1.13345327330933
0.27055426073728,1.40465087087659
0.761345947815517,1.47474806881049
-0.372960555465019,1.47368180719513
0.43117004679586,1.03888258423977
0.531012221427039,1.58482065809867
-0.0608013243147263,1.13982868888038
0.30040380653179,1.44435724555286
0.159038523303816,1.43687299417787
-0.00377218028344858,1.62085363209142
0.359300956888441,1.42732449003809
0.638347886624298,1.20137843970541
-0.389493222745324,1.66225151816935
0.190551931674793,1.51204092873581
0.143724166293437,1.39247290755407
0.376400155322465,1.63890846271131
0.374344641672363,1.36611607458288
0.110708980843471,1.44214348247064
0.0680632089269295,1.60729655981677
0.0767666261202123,1.58392214875176
0.249451846989356,1.36657412411605
-0.17499696767662,1.42209703271653
-0.0828631985447513,1.51469104340976
0.131971444393267,1.6225597477293
0.555241600081175,0.794103652901113
-0.206247769045897,1.23650105174702
0.41551897818419,1.6345097813
0.387623619915751,1.40601786149982
0.335246920901287,1.18829144836979
0.136929976543981,1.09968420716733
0.409418534587452,1.3010170095166
0.0866045026727672,1.61227501475531
-0.430896772493736,1.34158620391233
0.398403385580492,1.23025443250562
0.343920039859997,1.42964480601685
-0.191940507951834,1.68392978006993
-0.0174277527676111,1.51476677459457
0.778078010838061,1.50957873228801
0.589459361296269,1.01195301139006
0.0342716707982329,1.61263818057462
0.220742669580753,1.56881137808304
0.585482333265223,1.52919938059468
0.631215441346122,1.56862535651745
0.102151550675663,1.62013307564234
-0.0125906251596714,1.39590444218371
0.0626426997540209,1.32598051487483
0.0166620491082022,1.48060642964443
0.522596905279238,1.00705409324372
0.227650478429393,1.50929725284775
-0.241030819558976,1.26501157681588
0.556496737771534,1.60723027873327
0.0374066842398143,1.52704602216025
0.208429619622793,1.44042499621987
0.0494308954978319,1.46263181072374
0.372162510413147,1.55777045282423
-0.357816522485676,1.40657046298963
0.0135800712465355,1.46975683824372
-0.236387552280564,1.49472553153072
-0.19771824986517,1.38385647174075
-0.20773727976773,1.60015236160764
0.0927555509027326,1.50169446754467
0.396819311641522,0.829685214329457
-0.0262812596374816,1.39708405743725
0.0694765026995072,1.58918843235799
-0.287386600026313,1.59389883663664
0.0617243796540074,0.996708026492739
0.199289024774128,1.49817212370742
0.148409224664124,1.44319979731278
0.800771587744804,1.56079863670066
-0.369497294686045,1.69422894148493
-0.0633444973826195,1.29313437752084
-0.209877751291387,1.42196229082981
0.265586796284659,1.4051964133076
0.27287670527672,1.49902797434761
0.130109908955683,1.55992346582018
0.222766837558754,1.28482387700846
0.474380355009698,1.58686824542433
0.359292443269173,1.51353130687113
-0.368199588539494,1.09710942625481
0.391314562929507,1.57979374454623
0.476428432994917,1.16166918451446
0.227330243269133,1.1191770705725
-0.168488315060124,0.884679077064971
0.296672094531934,1.3304812726979
0.11685722635578,1.31690906561106
0.199559005519816,1.3014517544562
0.256915560388362,1.63696486186185
0.667376769900818,1.15500823611159
0.221922913786241,1.10754372157131
0.445739592431438,1.59586583665132
0.329648521882586,1.20952066416753
0.536205323765567,1.49122088568579
0.18734126386677,1.4200158557172
0.497498563777244,1.34707301692817
0.32407163494788,1.45930521698995
-0.125737448576299,1.14834389875926
0.344078795591236,1.56908061976015
-0.258264596572903,1.61394708723175
-0.113055845850612,1.34048809210061
-0.00939251058972297,1.50880974381633
-0.0946901799261659,1.5238536427412
0.0193154895575465,1.63436520508512
-0.0947925306343013,0.519810823651957
0.266078821950473,1.37229367661375
0.138363801710658,1.64940396554086
0.107086007640337,1.02280044651507
0.3162111751855,1.09139767116279
-0.206642250091442,1.46678665036087
0.41064132470105,1.63010840450018
0.0425921940571491,1.44832018919961
-0.244229093672493,1.32936486742317
0.1441093952328,1.48606777814192
0.0858316808610836,1.57723124927461
0.209706079583664,1.52411662619796
-0.0474318122870565,1.53437573557912
-0.609567062416183,1.42053809344251
0.0521947995450098,1.66460792737758
0.132986784072584,1.409984706555
0.638363045521494,1.62062133142912
0.61746188840935,1.40098468806762
-0.0460406776264394,1.36763499800943
0.0810851005816559,1.48686900040743
-0.00192324439221621,1.10862247377466
0.128757818996427,1.33283159094519
0.452278535974875,1.22233401039861
-0.163620685753172,1.46855888780905
0.375886378083246,1.55549296485428
0.675064327307031,1.48887703381715
0.131237059099806,1.27697780441283
-0.240434623041914,1.57784273922842
-0.266333077490372,1.45993377314051
0.0493443090653196,1.60822862466457
0.0355931592746642,0.968189879782003
-0.0527722910445984,1.08472600884469
-0.258264889847981,1.34770038999445
0.0240978706497712,0.942997502138761
-0.429635746645682,0.883865953050882
0.114485672269834,0.892332812167396
-0.146254384341363,1.55982875355498
-0.382897289141517,1.59957419699262
0.646333810398938,1.41707133182716
-0.147859049239424,1.37891757647673
0.0432179473916797,1.61369000816428
-0.320948306016746,0.983188023995287
0.514716113441783,1.30978942471754
0.261074225379967,1.20916206064344
0.345316621898519,1.64406451166978
-0.0579232211663686,1.36726317044872
0.24867984732923,1.56961753007603
0.420325382421379,1.43246099088235
-0.0908001702408448,1.60938207652843
-0.0121709536137503,1.45173458037173
0.242155481387192,1.31857945246896
0.46503290002941,1.2774025168532
0.0014077281044124,1.06240560823327
0.409896335223583,1.62776452628557
-0.454936835927793,1.54334984768291
0.0880575433673064,1.00888403407497
0.523817467574872,1.62856750344251
0.17213401659578,1.29854188245474
-0.231693390913122,1.29744360420361
0.346566598548279,1.59828263643889
0.0840642805454938,1.44019619542912
0.152303750058639,1.4169764428768
0.302733598907542,1.49883592545709
0.166987133433137,1.26256212146541
0.226307069658225,1.31860765631066
0.104720299972609,1.26961517702893
-0.130713147463829,1.47109787091537
0.039889372851164,1.58140661069358
0.205905108566048,1.47725981404306
0.3958483321624,1.31113572542506
0.180280265162012,1.6550292821696
0.435847904150234,1.61294540289547
0.108240366425033,1.15512153571142
0.63340955532434,1.59058159477411
0.39028946674193,1.61842399205602
0.713599275297552,1.48715220626645
0.519388965419155,1.51780298564792
0.126609838161863,1.20012622173351
0.102975901678636,1.21392208417408
0.637639947033456,1.52171699006006
0.0956896653968341,1.31019187895438
0.686167412246541,1.4634092239396
-0.0831641672285929,1.40362016235088
-0.103513872672186,1.49821209790483
0.208618998988243,1.27788643187971
0.257743711294338,1.57730374921594
0.357466920835983,1.52798966819032
0.51793074558122,0.955959461605472
0.85136077371254,1.49024660180484
0.0759772214134504,1.47377437149123
0.0973237828946151,1.41630781580059
0.556069818619412,1.3679098029964
0.329633239361715,1.33976313510668
0.00089401010990257,1.33718949732527
-0.477652505001276,1.37406971809636
-0.229535007577989,1.46922284104866
0.279036765787533,1.23210602915339
0.0369375312063607,1.51304170910979
0.299849749730233,1.47439756169963
0.158320144854271,1.5883049402358
0.260902798858378,1.46005012914038
-0.280601333148911,1.43940523625092
-0.0994341546192775,1.19310331270306
-0.0825382754904418,1.58191280715653
-0.0347084076497898,1.41192728994676
0.353648785703878,1.4012065176639
-0.0334785515309871,1.67088376679015
0.00781343845265393,1.54737331969679
0.293290740803696,1.51757607726812
-0.01074123245243,1.4378766168392
0.348504846488862,1.63114608128767
0.163722073088598,1.59532691283448
0.320134069979576,1.59685015236618
0.480997696040354,1.35304640400587
-0.103425118952016,1.61933213077553
-0.036554168158357,1.53467948495778
0.544136531579913,1.32589986977303
0.342919237792865,1.58254899338263
0.340477585023425,1.624823611711
-0.51253520676461,1.5605820513277
0.159327938726902,1.57189619501363
0.355667387341351,1.33396755341945
0.302432107072156,0.841607143113949
0.235484201054765,1.38550836460502
0.0787777319619297,1.29185854665492
0.132137234333109,1.39736192385703
0.131013720451291,1.56769022956475
0.416616233537127,0.82012561848659
-0.575733003192803,1.58291048275631
0.0545814010183046,1.60458203665724
0.351250869967264,0.976497617805241
0.235025022652965,1.09422573401619
-0.210175847306538,1.32567129322075
-0.333983707004295,1.66604117777204
0.021879370925175,1.4768904085882
0.258381001225659,1.45630241099295
0.558412775485409,1.59105632420942
0.385852061685965,1.25515641742478
0.370897833713277,1.31328885628568
0.0143477093123711,1.44028857013222
-0.339868378419911,1.51863750532694
0.0957575618241114,1.61351595477247
-0.167809145242205,1.67500521839024
-0.0947153082735719,1.42744651722282
-0.0867031842856822,1.5288175999813
-0.180041154532885,1.47963940061486
-0.039410418393975,1.11707674974999
-0.0368585724627085,1.49403153757863
0.341589450567723,1.63353244994699
0.024535164282941,1.42511385867342
0.232366103402018,1.57025888527337
-0.0100622946240205,1.58842711955743
0.0288496558406982,1.3040431259583
-0.090202688106296,1.57381169613073
0.675740567932855,1.59589462728735
0.264589148485149,1.14034964630415
-0.0380912920972164,0.426190268056118
0.359585841078386,1.48129472230413
0.663336135672803,1.42059181158581
0.146914637741726,1.33450590693795
-0.254690768632892,1.04710499728101
0.264982563162093,1.45311616022228
0.0333573956812299,1.1243124866212
-0.385460138255037,1.55352392707371
0.182530986188146,1.48240616057075
0.434998676285978,1.29709382293765
0.277485968339109,0.956260410639602
0.691473803255526,1.53730565948583
-0.157675618684358,1.43210438826732
-0.415842861280715,1.47925549930359
-0.0621510667253862,1.5346651029128
0.106174470985418,1.54236320005976
0.104199885119955,0.990620037763648
0.720172619896131,1.40638394247815
0.439764725485935,1.5943968710967
0.117168035881237,1.61918628355748
-0.0396186619559947,1.47446355230173
0.500802831704252,1.50729621005924
0.0698881333356794,1.18801174341182
0.187786307860905,1.55838980459457
0.142513586659062,1.63980518026075
0.108803131552669,1.21016104996607
-0.0720086366286112,0.896102258819201
0.420475440878481,1.45121568007187
0.599265893467877,1.32607026273386
0.0476648489810262,1.63954129703765
0.300369750299598,1.32262433059654
0.533110986191428,1.48272802304239
-0.289151973175514,1.58910976755168
-0.371850441169904,1.54240172203667
0.731328036206547,1.45209415959404
0.791970025320069,1.44658931290218
0.283064591093788,1.56596400136668
0.260394945861528,1.47147987745288
0.300332430704619,1.53650250975605
0.0131221368869727,1.46732329152335
0.20454458278673,1.51659173649498
0.453458306362621,1.33383535444969
-0.143210888549845,1.3763310868015
0.422173356305259,1.28478065712602
-0.0804821536703175,1.50526825304785
0.48044811045653,1.38790622126218
0.384865863355639,1.50716943197677
-0.220992031788823,1.55340334306037
0.285707354282505,1.05141528373651
0.228474814899595,1.60052194808008
0.0240618181676081,1.45594345616693
-0.00043636639181599,1.64745213027656
-0.0292260879169519,1.54087376556177
0.621360802401063,1.30296523590972
0.337764818839088,1.36901991862743
-0.237526588868886,1.04961624439866
0.0605192986636786,1.48802613528953
0.00746829398791568,1.3862744815021
0.647061399644156,1.06202021212831
0.435825688192507,1.29804549197638
0.0352500718914682,1.40239396314568
0.0817203401414028,1.65673381643741
0.475283220524653,1.32523489972361
-0.261843509842858,1.13937749175505
0.156355805298611,1.19425457243922
0.0879137319621305,1.65828108234972
0.481892589366774,1.60171509382469
0.0416408857994672,0.922031191905188
0.0643804127837386,1.63278896861862
-0.0568881435505526,1.13227118315043
0.203399265485276,1.41937309530127
0.255506983415676,1.52030643328128
-0.17940234055065,1.37532990216327
0.641341926225938,1.49228183797589
0.16601337677072,1.56367506018005
-0.093524022746374,1.49443185472062
-0.289158737295167,1.6931213572152
-0.0356419627158859,1.25759913022748
-0.054519673181185,1.64586572105037
0.522763155949508,1.56572120098351
0.42295450751946,1.62842272505653
0.416477505294558,1.58487199951957
0.383636762192138,1.58734738301445
0.0549909802057179,1.16398876116037
0.0211113844540162,1.36659849862008
0.0285009583751524,1.57591618757623
-0.295606506593055,1.40379231097243
0.669277810278765,1.24698412427802
-0.257780240510048,1.21889192298141
0.145451070934584,0.823403934099982
0.330931747941402,1.53222587348493
-0.249624276667802,1.23340896869022
0.26636507566686,1.29620767324282
0.271686960420261,1.51311076661001
-0.0200592343788302,1.53878164534407
0.0651976831204692,1.6174703121644
0.113259324245531,1.50253829653589
-0.318312025142635,1.5091181291068
-0.0798408448163796,1.38096368244284
0.175960456749332,1.48406336846573
0.324750843798424,1.23936123235344
0.426795191403683,1.52865688137094
0.34878148224201,1.41625002749111
0.4693083904996,1.5658725457698
-0.0618599747372481,1.38174206118581
0.368500672159611,1.40929356310298
0.236338595424832,1.50793732404877
0.00940674101580496,0.961555426274359
-0.101900465427703,1.0857554583055
0.133221396813043,1.33494768987448
0.314327863421835,1.1749007253153
0.094815179154991,1.64227398796156
0.297010095453067,1.38853001351493
0.188387477838106,1.48012606201426
0.131336420338341,1.34143423556062
0.565580163388716,1.45261957668138
0.0318815188851106,0.709031630770799
0.569287816521463,1.60426304155524
0.109280822505337,1.46278259477159
0.492795241779775,1.38024709206403
0.477893074993168,1.46744793014975
0.0857145542666563,1.66116687914404
0.0770726240071891,1.26822345337213
-0.304347525385129,1.24444661280693
0.259500145977543,1.42412117659792
-0.071737193143017,1.35671417565894
0.704798399442437,1.05415348092374
-0.117598900923723,1.51016746676284
-0.106505250443794,1.42678479835012
0.658454098958129,1.42965382117264
-0.32840979682822,1.63421903353541
0.0338059758968395,1.04130574096657
-0.175234459461384,1.11903981000878
0.10914107017849,0.835266874337006
0.0622240590186241,1.54301490318733
0.0558666218593816,1.30293998517769
0.177899171319099,1.20672182287384
0.411672869154957,1.33606828615021
-0.25107651677042,1.47654751974715
0.0510255994061018,1.5610082955427
0.570361438744472,1.40281459405917
-0.144671860912667,1.01743477433306
0.515916317072577,1.56273311206501
0.238024756174954,1.24312414975696
0.0396794716381099,1.01991138990546
-0.0725798318046918,1.42402248079201
0.428684623137368,1.59824971917826
0.245722027413968,1.10234749122196
0.582672385143693,1.4015891637325
0.58078152687361,1.46066098867497
0.378181560983279,1.01175172219206
-0.164144224636102,1.49010785066759
0.202138084757557,1.34140768305244
0.245177113956369,1.31723950396119
0.133949238847962,1.34543787394889
0.15227875056311,1.17063761866631
0.194990744283698,1.64124520212721
0.0644443693645411,1.18807828597954
0.523779055674426,1.59633820355231
0.0570012082288571,1.48414711782993
0.115100827970802,1.54360184235894
0.0714818214702766,1.64318342972279
0.26317650711776,1.22888221788255
0.471790515968808,1.27387608320013
0.223323792894565,1.46518327484408
-0.0571686396760389,1.32633364734834
0.382175960143167,1.42107239675586
0.20768315625126,1.64007337793453
-0.230363771057349,0.793817335411969
0.0945504005807449,1.63427696386902
0.506744048887689,1.52542409784546
0.0608903692938885,1.30406159718533
0.327379262381883,1.02597342650229
-0.183052518180652,1.56257307771709
0.119747606435204,1.16557277214356
0.155273958912452,1.4391309052169
0.515528832210556,1.61775424238653
-0.08175920094451,1.53704388436833
0.312365342314522,1.19285383151317
0.464924266497965,1.45728088913863
-0.0369459730234701,1.3711396065652
-0.062943231060217,1.48651453518768
0.365486595985317,1.60960632888276
0.242001920401046,1.2952361258984
-0.11958632606138,1.40104485716744
0.671625515560836,1.30059390429015
-0.150820516838284,1.1137078590978
0.365751281833074,1.48500399608494
0.537843723602596,1.48238489174468
0.439861683562077,1.39846988262797
0.387929360237499,1.42296742046907
0.741934550589778,1.51342635004618
0.226456328103078,1.20135639753026
0.320587103407414,1.3650966806638
-0.0882750757955976,1.37363128915863
0.232894308149425,1.63864362330478
0.3197924546307,1.52738318355334
0.375109167913522,0.927052279538567
0.340793653098177,1.44977285934387
0.523589021406302,1.23191393964776
0.215042560417727,1.23657544582559
0.353526750918625,1.47272626419002
-0.322501714877319,1.50998254914751
0.279821483240959,1.57405805648165
0.0919495371333199,0.801568102455302
0.57482845591017,1.15108880526515
0.653199624902969,1.19548650821442
-0.0150090123531038,1.37419734893255
0.159426810193672,1.63803092281759
0.496561178037565,1.47406350668569
0.326370031841131,1.46046535807705
0.186423069175985,1.30494411436024
0.227409389177388,1.26154725385571
0.173224167237049,1.59420656293301
-0.0211936780022598,1.640711366888
0.104438881202949,1.61469117728205
0.164939313543081,1.57721094598174
0.04902820959743,1.32398389072991
0.131460187466386,1.46427358128946
0.0424078464422641,1.33358586931854
0.0769847881500134,1.34074532282115
0.189374766203293,1.42725825247637
0.433846362094386,1.4295752984471
-0.0047628426481145,1.46088783682633
0.204074381418038,1.55318962196008
0.223848782962498,1.44052899355096
0.287213729141183,1.17136995752324
-0.183411521108551,1.65557752390458
-0.0501835492847322,1.28150775176067
0.483753660856323,1.50938367277929
0.202233296747101,1.409780590912
0.275697296717425,1.45651257076142
0.151177704295091,1.20808571971227
0.42091335798939,1.61543129750421
-0.390901912408408,1.51463387026133
-0.0199141348978642,1.25847178254099
-0.203139506603797,1.58535395513934
0.00115388928511434,1.42499909277795
-0.258949419331016,1.21814463913734
0.262779481140535,1.37955090670972
0.310642334420059,0.935413173988707
0.409206430372605,1.23022053673898
0.180571981752943,1.37317973017247
0.234929310506788,1.56562311137845
-0.193477327504993,1.28940274294733
0.111687847351899,1.34695143278668
-0.114736508783423,1.39986160726822
0.382292150028153,1.41557737100331
0.34368479378033,1.51368550488802
0.192734217686863,1.45906143811178
-0.161922339444541,0.902039347382314
0.0280916192165696,1.60483990478311
-0.0764064820826296,1.17953414347575
-0.0322525640258695,0.914413745562237
0.462120456482184,1.62290824110604
0.559741904396639,1.46353065860892
-0.477088953456791,0.771731464594112
-0.0673819697709316,1.0777548574613
0.363564069125759,1.61563052387274
0.156519154398885,1.25817201070787
-0.313100030866642,1.69186347922514
0.220427479332292,1.40578296957551
-0.227036133229551,1.44032023982357
0.164335520035034,1.62473282133913
0.641088289000679,1.56421879735542
-0.31130099027788,1.1810608500153
0.738086760400629,1.28281978334108
0.380810581225026,1.28288002733368
0.261907946830433,1.39412895378956
0.253016646901839,1.37200472906109
0.186971796047702,1.43464354405393
-0.0409572553435011,1.59127299379331
0.28091285716233,1.51418785158416
0.00661481101311851,1.66846381117672
0.02769188381382,1.646928564527
0.221597718143947,1.14079283667788
-0.0989875748114724,1.51710217974384
0.0179405117070746,1.51792096408649
0.0406872565275758,1.60692754153771
0.521205481961577,1.47608380879039
-0.424841096244636,1.50943297089137
0.124593674237501,1.24413104174767
0.421289728303162,1.58287759253804
0.363369318595496,1.46306057483704
0.211043605880335,1.58713670952855
0.301105690270808,1.2747272826797
0.12059596701701,1.50559820351418
0.307094694321069,1.26706541517725
-0.172889464055326,1.41068005025532
0.0483921130084866,1.14253433799017
-0.164744644591221,1.46811478519044
0.182138769783606,1.38683351540409
0.292869345399392,1.61506960324865
0.10150457828251,1.47152861263082
-0.0378311698973819,1.43029730364117
0.876712652444866,1.39305835674688
0.0148415420143895,1.4202792803713
-0.171687635503885,1.66855695426759
0.333866143978227,1.15083573366512
0.274458462358619,1.11166050564465
0.114553165387424,1.1987582881187
-0.0274281111095946,1.3698309022771
-0.19370366310369,1.49879970741969
0.248028776938013,1.27279454627122
0.169238328595083,1.62560301476713
0.0551185779087283,1.65632330968656
0.623297383749557,1.14191567922655
0.571022016772348,1.50520681279858
0.294581149733846,1.40818840476863
-0.559521943933937,1.46267660030828
0.293461766999922,1.44977887275729
0.452426311017016,1.45729894117378
0.00795270709731275,1.51983681722368
0.0812700874341413,1.51447324663863
0.537920880163227,1.35494355997978
0.238341261599074,1.44235995560742
0.470013702597012,1.43008694619237
0.0328346483211999,1.61891915847643
0.339406765192913,1.08194253614366
0.556042608743216,1.31749673867409
0.128703706726692,1.65302375080472
0.522728284749348,1.38884189603751
0.135387020252999,1.40032022602594
0.241388987260159,1.07401247422876
-0.182712127332893,1.48533689229419
0.680015784857356,1.48249137253756
0.602062091967794,1.5229237268382
0.585887840013561,1.33842720128367
-0.326111077266532,1.43652934207115
-0.0634002825073629,1.4565421015961
0.192199520889336,0.957966904970469
0.291969882829931,1.4553618097038
0.287428089536429,1.43248811686098
0.241683284323393,1.23369541714309
0.275034699621766,1.10930878694628
-0.155173124929518,1.38182999511329
0.427366245063726,1.54841054226167
0.241096384059429,1.44508231957919
0.191501049657581,1.26636603014432
0.066361480826258,1.48242220949571
0.464537695189346,1.56572783932643
0.650426389488259,1.37796497258185
-0.258114483290279,1.39912594302007
0.11747890285475,1.56965130024134
-0.271528501153367,1.41238724059772
0.670768629410846,1.5270262605181
0.653889738587124,1.04055025518205
0.0559619823340561,1.50554850369962
-0.0981872847332596,1.33861451250773
0.208511649299971,1.45701144930939
0.204789458231914,1.56967391856735
0.197115998394405,1.38629865581151
-0.317818748502344,1.68152361697798
0.750203444737342,1.55374637348272
0.424659486058429,1.37955936644088
-0.158948532397646,1.53983418657289
0.651836883161785,1.47212890358983
0.334497660683345,1.33119101558334
0.285041844455414,1.40761457616704
0.206542016265057,0.63377486473216
0.727327980020101,1.61550342498637
-0.0457689788001967,1.46302423220182
0.251695776095387,1.10041233096608
0.0163677826336098,1.63624802823786
0.625782141221265,0.984961494478071
0.0237975252504425,1.49770135788459
0.338555456309681,1.55751051516903
-0.106251347206195,1.65707771751128
0.548068539056668,1.54666603451145
0.196064808316648,1.51633808903556
-0.0107931971515278,1.52173192174939
-0.0738866638783232,1.58860882541618
-0.0871013659491463,1.65057743819664
-0.163299573806389,1.60509899309602
0.103994279600346,1.57999006728178
-0.164572105824321,0.85553428102808
0.101754797007703,1.33203670453767
-0.0182235197659406,1.04928043769472
0.480045770205677,1.59945518893951
0.368618663839006,1.45228967233497
0.360032820008574,1.43680103776413
0.200483336833533,1.55804223729142
0.343085039290075,1.57197819261036
0.435932686295419,1.53004176897143
0.34405237516439,1.35789192848821
0.602049437883653,1.27914025777503
0.1901437495241,1.55828123190801
0.58177691071478,1.437811399567
0.350363013133361,1.13107866203879
-0.282288638584123,1.29313087276794
-0.0251361981473768,1.15616136066648
0.235246725760363,1.38171843646323
0.593183847596702,0.993339649529125
0.0817505660430954,1.59969519112823
0.309996964908651,1.46809522347656
0.432379001028032,1.51305595247367
0.354757233601611,1.586218346252
0.284110605950897,1.47030913244265
-0.207417678415517,1.67701851742013
-0.331193934610769,1.41420532180462
0.852114183555897,1.29867455949639
0.129610929388482,1.23586306928306
0.513363850475623,1.57852488233571
0.406544586164131,1.56827901702458
0.376713133341461,1.52029878084372
0.29348950435037,1.51811436105329
-0.0576919083053602,1.34128460659028
0.105447164882376,1.35195213615565
0.485887763878575,1.60915470830032
0.0502203955753516,1.4340547273875
0.468521668491981,1.58567710228317
0.0710771485058648,1.2965526299554
0.203789311627163,1.6403494650968
0.0700519511241256,1.50704526086268
0.676076711317355,1.54935499525156
0.440265778650628,1.58192544458487
0.326721897400173,1.63941031335561
-0.217019630692238,1.54332426338855
-0.192354527099823,1.23168920883178
0.529798484872231,1.15993013136627
0.442864986623244,1.42315188812978
0.294179899239134,1.54572456064225
0.178129215641554,1.53970016028434
0.135800961761913,1.515608363649
0.018231291775561,1.5966676113503
0.00593978661731982,1.40412863541694
0.523015956410538,1.17987215219258
0.0955781812081428,1.2115218255756
0.264142564306141,0.956092288804754
-0.338197516682636,1.66647006845021
0.0326537853344629,1.5854460771924
0.00609450799068376,1.63271140073365
-0.24782752687938,1.46684656631057
0.167669918504345,1.55266229564578
0.544599642750233,1.35746551895692
0.365226978255518,1.54711605215061
-0.361835684294111,1.06158739482302
0.380915740562645,1.49966013397374
-0.0425226768731698,1.49367544722898
0.250221587604237,1.42629189174786
0.292437737460754,1.28555098523959
0.563486604154092,1.40375200985538
0.340472965753605,1.54188227197614
0.494694070935727,1.27022976359619
0.630861373163223,1.32371016046039
-0.215611082829874,1.4906785259003
0.329967281039001,1.58462806923367
-0.313982302452498,1.48240661041434
-0.231487030984183,1.35295354755633
-0.0178430360354929,1.28883935918583
-0.187361748105097,1.34001924051241
0.177858459160896,0.844858714088904
-0.166524461650573,1.28226645701894
-0.0960051529187295,1.58097582384408
-0.0191547134129535,1.4819226506343
0.474237458560259,0.84023420141321
0.392509677325361,1.30668311344024
-0.346561515536026,1.37474144822165
0.354577575934379,1.55980533651343
-0.0461594311609646,1.25201425615253
0.424899694071758,1.46953295886293
0.0818469368655782,1.34470913446782
0.249596552169468,1.50555938422319
-0.370249034317695,1.46473877542482
0.432861791345042,1.26996717510783
0.177600283611144,1.59381657156717
0.161307713359419,1.16887133366454
0.478499331865865,1.39185657103298
0.656377721522689,1.48071342801673
0.291037854982809,1.30560414160822
0.279967930005875,1.46427874370442
0.342048055898296,1.50212867633993
0.184454572080297,1.12311289138442
0.0711526675478811,1.5365745221779
0.0144359539159564,1.63424697654237
-0.142651365395651,1.25371481944884
0.618689345686668,0.950183252398309
0.35102004208496,1.30005826924415
0.279311352371011,1.57967113365117
0.313203226057593,1.50720692322577
0.427181961501713,1.32633556924647
0.151068068260913,1.61751148215511
0.411599107267697,1.41931396041528
0.24348046808672,1.53470759695186
-0.128552112306505,1.38783489072605
-0.034017657055359,1.09570049343668
0.352788041014752,1.53700778480468
-0.361442843061896,1.68144024679054
0.296354330012899,1.60804859187791
0.413045611848573,1.57827360310954
-0.0969849358846308,1.63245060046535
0.26976253587603,1.63290623812246
0.218760435038272,1.61642574744273
0.341959787807291,0.850627444042351
0.401079964017766,1.3673029472151
0.312835475565243,1.4624580445948
0.155723878684718,1.5433099071232
-0.225748996066675,1.3442857087462
0.176926772222005,1.46738695511924
0.167906091737908,1.33628171911382
0.371428553646755,1.30113672853183
0.551085428207791,1.5072053716515
0.462090919023977,1.52266498858388
0.123798016937647,1.58371671145204
-0.076206025672265,1.44844401140934
0.512268954244089,1.40850828217366
-0.137217242158396,1.45886148798912
0.375730025509305,1.19428100792249
0.31735203155925,1.42682846668126
0.129352526590818,1.43877857318336
0.445927997326318,1.55490339233729
0.1074177549755,1.55628455598257
0.00631695973677377,0.921414501792694
-0.128586816284543,1.22632694193648
0.439328276329251,1.60975019614555
0.299688812778898,1.28994321720762
0.00378313610171943,1.39401937632239
0.219868591249063,1.50396772029338
-0.00157953409131841,0.572208449233295
0.355702948788684,1.25421563914291
0.0906817667376173,0.722140692334721
-0.256438312771429,1.37246862910574
0.196740050538439,1.22884274531289
0.389647236774058,1.43849915876842
0.102560615630725,1.46158874557787
0.319993466125588,1.40643350426331
0.510668167430588,1.62000681984461
0.262585497747452,1.25700259217451
0.358471595831601,1.62173194271541
0.716768835597227,1.53945910369112
-0.155569176277025,1.52940754465626
-0.184429025801829,1.36986008905506
-0.242864488703389,1.2366884430978
0.205722928798352,1.5392092352571
0.0578703716579293,1.63757344881999
0.569278564183985,1.59812880522707
0.146100352309935,1.45122323131784
0.166123445009896,1.13836926684014
0.0573505275604988,1.52649753510039
0.865363576333647,1.55897038103254
0.0824087442654579,1.5685024839431
0.199479280331749,1.14291607855071
0.323003428575566,0.851126840203826
-0.245509889124113,1.68243231744729
0.769120798298686,1.39018843633289
0.16686289126615,1.46368726792427
0.325145136893608,1.51408390744731
0.241149599306945,1.50569584937706
-0.21782577223482,1.38276148838013
0.137979871840096,1.35627181051388
0.0508269203594858,1.59988334843654
0.400552280029936,1.48378529438137
0.176111344417715,1.43426912019601
-0.147338895900821,1.52010010989631
0.560893963606536,1.42066777545992
-0.191740851930649,1.56424046956207
0.250226435007919,1.57963265984096
0.0792848746151949,1.26542766056165
0.406928779525486,1.34529867412282
-0.127053554152816,1.461048791387
0.0844856148601647,1.47554547886421
0.161858686090104,1.15813271041247
0.488433871762134,1.00762149838125
-0.0835393036231572,1.21887209254916
0.677277118868135,1.50777879083732
-0.147588365987265,1.49411571543836
-0.34065524804065,0.966688704962604
0.518910710046303,1.45730918817096
-0.0209629888934414,1.39445167578916
-0.0285285608148502,1.58888904914398
0.244702055423661,1.56951158733019
-0.126099261156728,1.57004202704102
0.67687304582598,1.14354787198343
0.595751486942872,1.39200645402852
0.479856880027592,1.38528429550165
-0.112027441239206,1.249550096415
0.062611895705133,1.32969391331913
0.333095854669347,1.52262476625947
0.195435479811269,1.33373610062198
-0.0754169774296317,1.4479835649468
0.170396317243198,1.23588594041356
0.297270035455582,1.28323466521535
0.414616930140794,1.44679745354686
0.663053549719231,1.52755464731157
0.12496152575877,1.53263703446943
-0.23086603342068,1.66847390428861
0.274165643275985,1.53568361979755
-0.320181800930078,1.30048884566094
0.248298135596449,1.15595938926965
0.266027835527264,1.36601669595315
0.449673384752361,1.51693599867038
0.681894461518923,1.60747206017636
-0.0448183450850674,1.35454229827011
0.434356308384007,1.55577784718318
0.25707816719518,1.46771165398599
-0.429965854721323,1.40829282481527
0.20865169399488,1.26650987716299
0.0156432306993248,1.39079783610988
-0.00392847484740152,1.49275186407436
0.281964414991053,1.4921930477001
0.0663721602325852,1.65803140737792
0.382255546315301,1.15625716330713
0.273283810511559,1.63331042593972
-0.0546330444159156,1.51485641260613
0.0733370497564848,1.13308865348506
-0.176979804414552,1.54209606825521
0.250248399919347,1.42123972316755
0.422933233012154,1.56057597007715
0.252020238473455,0.861704941231659
0.178361603967922,1.64218168105642
0.28934314268141,1.12689934868005
0.311770211062029,1.48176305142624
0.00935022102282352,1.54403656826758
0.261347510801642,1.42834670374318
0.0614265126349925,1.26188518410275
0.173766012355446,1.65813253865451
0.35855158264169,1.35887377126176
-0.0813781435859168,1.56431267185237
0.215500606319928,1.39927370009408
0.48633716145638,1.06456416429975
0.0838715238597793,1.42522025365146
-0.348347588950664,1.13833682312434
0.325243530454992,1.36996235725328
-0.127598360249009,1.19331121622866
0.316986600851384,1.43185511816943
-0.353429312726799,1.50061310105068
-0.239918686139248,1.54600610503826
0.607889379352475,1.3417765973307
0.215264890918618,1.10445987685271
0.113805512041977,1.52557286475963
0.172189490262818,1.36776082734358
0.419062817593665,1.60881223408527
0.111871088126326,1.3488293559391
-0.170710106177142,1.4350183250408
0.347271782925794,1.15591311080687
0.528726839654867,0.804564559762588
-0.0854132921219207,1.54790732775717
0.0377135428863845,1.56042780596582
-0.0447311929473268,1.1456527237292
0.150412709142719,1.61445272717265
-0.0309687576820485,1.45201657442632
0.400440400292266,1.56108853312536
0.31217764930766,1.43428511718063
0.217910374047881,1.63226165154636
0.0972513298622021,1.40972096306039
-0.107946198898101,1.4555129773817
-0.124797530634967,1.18951921638046
0.0579787078255151,1.44632679602586
-0.249361731003067,1.63884803434046
0.701029650665479,1.41197183267461
-0.0209239364736096,1.28643395700638
0.097603724724744,1.66446693535423
0.0945705182294787,1.43297024021215
-0.128485369905376,1.15556618686517
0.277088907506733,1.4934234499828
-0.0047612809632825,1.50567378463822
0.0465480311695061,1.54560944747117
-0.373816520985545,0.609604737433553
-0.081403761083381,1.2492029125963
0.42975296215238,1.48696773783523
0.213308076059055,1.14389951183241
-0.0158698108463234,1.13709607985122
0.032666872558973,1.65975178870167
-0.192909065315638,1.53957606920283
-0.161018039238097,1.53418979168048
0.154934749384966,1.59968557245011
0.209093395425078,1.58344309569725
0.288662353908136,1.59850826220445
0.106757911329483,1.36978151767153
0.0368406851716531,1.53549453224998
0.230305105694858,1.36456383107268
0.304026185290829,1.28634675341801
-0.22060578387433,1.65832068351171
0.18626238153192,1.62669178820419
0.0381287853045672,1.37128096079562
0.0902451334702843,1.45776521318822
-0.210144621023288,1.30634261824259
0.152032130062796,1.14795073376876
0.201951423146019,1.52367319055533
-0.189010417243094,1.49589252339945
0.0686914834669324,1.31260057899242
-0.0739030587941529,1.67469579855566
-0.110285579038909,1.57092638549962
0.403457148467499,0.985670780186755
0.301034776448685,1.14265236742898
0.343040921445561,1.32480360953567
0.614686779589953,1.17732816709099
0.286390829056174,1.47599584072541
0.537250251247287,1.15342514058504
0.32862629298134,1.57821954059705
-0.0599441736890959,1.54156490381275
0.088641142638334,1.49154391488747
0.805512972203127,1.54022256238179
-0.277570888130092,1.3181920264186
0.391979618042175,1.46428194550078
0.67628129863485,1.61316308037634
0.340229602061936,1.63887883455215
0.260472781584414,1.55796547320955
0.0736183257237593,1.53488715873244
0.185532811639109,1.48148451256443
0.145593949967272,1.22390018536576
0.224724152934208,1.56413493436384
0.451272878487258,1.58038213799076
-0.0472731699795178,1.61647886646418
0.536972662855085,1.55706814870809
-0.182939081714716,1.37799650896892
-0.119478264259934,1.1671411446893
0.244683927604086,1.39702580472772
0.0205199604853707,1.46002112741193
0.239351237491972,1.41561836003771
-0.451908409762706,1.52114813687166
-0.150764012162466,1.56758479116799
0.0263681624491941,1.4343410610621
-0.175562845617774,1.56117425317337
0.542005688820123,1.30109178780677
0.175137178347461,1.37966056401621
-0.0550944680207089,1.4388308374941
0.334697672545512,1.50905369933532
0.418382700503954,1.62941520138808
0.119715499843295,1.64279019409805
-0.00277590103966992,1.52998018838624
0.602612931773005,1.49866570877199
0.107784224956993,1.42530729597686
0.22144982532738,1.6161738477948
0.265701507680425,1.5836076623267
-0.39240765788508,1.57826910231873
0.591780149397349,1.22624730769745
0.592618786378075,1.57453706051793
0.33365878389653,1.49217270215777
-0.17380010953745,1.30557029544842
0.0684644299718596,1.52052679691365
0.758393234882684,1.4532032911009
0.263558545802025,1.25518420376052
-0.295381547519366,1.42116815098285
-0.469668279111722,1.18117972722835
0.149840763620841,1.51796378133838
-0.236320867429248,1.61780986435575
0.836942226920131,1.3217321082592
-0.225611612814105,1.44855847938649
-0.360521449961269,1.57308046162439
-0.175780022024649,1.27425823764117
0.48042031929377,1.30015805662831
-0.103117589530676,1.50401367304922
-0.316564805721629,1.62280126949183
-0.257333585058474,1.37717176827409
0.477708261413998,1.45761208191085
0.531308007051412,1.53043338326403
0.0940680658721171,1.54109761362143
0.203880639701875,1.37775212103856
0.243946635524086,1.58720965001425
-0.426923256794889,1.19261057987864
0.402300926332363,1.20360042161166
-0.00884782563568841,1.25764075734214
0.259833075869078,1.27346769099383
-0.0896804890650617,1.55794852804043
0.111148949654966,1.37495894663493
0.0104096184194999,1.29218544593231
0.0613701318771667,1.63336919560121
0.366656614145917,1.57211275541343
0.131601785095517,0.916812891688636
-0.030913033863248,1.52497495798456
-0.0297837488057929,1.45697278293368
0.0253411562757812,1.64649449420914
0.67971250424765,1.31343113371834
0.316709412454818,1.57136036869199
0.569595693909616,1.48817785971704
0.0932346860334609,1.38800576358463
0.512013605006603,0.736205446554983
-0.163362158478553,1.58609334184894
0.145893657186205,1.43942086960373
0.180763829727793,1.37223068535152
0.135517181651321,1.64414054905897
0.548958340584387,1.26241441478851
-0.0798897315906874,1.23569404407634
0.545259028906978,1.38116240335239
-0.0025219837145765,1.34548787897239
0.430860648986344,1.57490310537589
0.5168854671955,1.43608408288613
-0.187314420627874,1.40135714949938
0.034351561960995,1.39523505806707
0.25108182161306,1.57560178661827
-0.566800165936843,0.92053202288114
0.0504570385466563,0.68978099903512
0.157831848097375,1.45418689471599
0.633749663038714,1.61623771903088
-0.158113009387103,1.20736713637331
0.473426409283791,1.56506967952605
-0.453085963301374,1.38528618874803
0.115545001455037,1.12798822905443
0.230499884654871,1.59152779403464
0.154201561501817,1.60236229570011
0.309864852383542,1.50604667846735
-0.0857397152459126,1.66171172040472
-0.142544884079353,1.28781002234787
-0.339742136922816,1.53992356996958
0.176641467402796,1.34636838793828
0.520302032514607,1.21717961693748
0.0555392897590954,1.41806339077063
0.223978628246807,1.61324754072748
0.432529604817599,1.51924883607399
0.471956249803821,1.49117930198146
0.0259190579032767,1.47926603481093
0.18574758638087,1.23897553829826
-0.0723532037506614,1.64280411993811
0.197371447525428,1.03672002852002
0.205830676065407,0.838057097925921
0.697529892392491,1.58096583160814
0.0561503678558243,1.61965235296057
-0.0235313806895642,1.62740355889557
-0.193651024653706,1.65297641867542
0.539227168842297,1.37896371845589
-0.000512618989056352,1.49358799236298
0.577267912223539,1.5437406747322
0.715443286279213,1.20498161987846
0.187718446756794,1.43993631570363
0.173595331033669,1.33835882369694
-0.206596358228965,1.61284152212606
-0.0626052404913154,0.99632081360935
-0.0985120799974361,1.18278941727098
0.317119944408201,1.42216851931595
0.165369225122141,1.49295510883818
-0.0584937560562987,1.42359973026233
0.297030888600761,1.33947283236939
-0.154635209217832,1.38458800041733
0.281583852379391,1.17414290569449
0.182793140980101,1.62624317349948
-0.245621083770617,1.61947230557624
0.265177769602744,1.5973371677211
0.190602626417991,1.23349010153453
0.356749841279132,1.09222019049313
0.0785446758893356,1.39994816403435
0.367784714901621,1.41458206378364
-0.359041267241261,1.28208468028359
0.362963791955539,0.434734466068207
0.219508778832924,1.03959796948062
0.267755049727372,1.2096273793153
-0.162872689998626,1.47551212856429
0.29294428026786,1.45941095008123
0.20906162578618,1.2640102386852
0.0486602620116021,1.34254613255358
0.122457112647687,1.59520377648112
-0.132646625080419,1.66758595569019
0.537925309952075,1.56890844994389
-0.20625805721237,0.996369390802775
0.218664338909887,1.58563743230855
0.260736912301904,1.59526892399234
0.337604326419579,1.59212293991573
0.136946789898602,1.54296095608885
0.391933159202395,1.00327583513538
0.41835185426439,1.13070660485371
0.0138212331133392,1.37791532132853
0.396227162173807,1.24189141754363
-0.123291109391054,1.36783981266319
0.45266257259725,1.49023632636168
-0.16029283324371,1.26781387900445
0.0551054569917128,1.38943526292231
-0.255028527799252,1.65082230620297
0.167830753784021,1.56649912117787
-0.29478000815724,1.56963411742304
0.121849836802646,0.989168196369482
0.199727971482571,1.31906567562591
-0.0100260073948621,1.08870470382012
-0.0638128401943734,1.54766434996504
0.0805144684770201,1.41551746825262
0.0397062429158578,1.38761226903191
0.0700029056719566,1.65660245281247
-0.386712209217024,1.00065988049884
0.0423444482312847,1.63148281330609
0.206262408790976,1.57340664679568
0.465592582272658,1.43549502812212
-0.599232713579967,0.959464797257531
0.212017459722359,1.55491179092457
-0.108361736315797,1.51958266876668
-0.269552562611864,0.480400851047336
0.335298065721029,1.62644399981366
0.233453537662435,0.870554156968666
-0.114781563655352,1.438207705947
-0.065354283404218,1.40493840336926
0.210068472352338,1.5251538159875
0.425094968828254,1.60701352932889
0.434227399990293,1.61188288227112
0.456135937752327,1.13817459403084
-0.162689615018964,1.27025510137187
-0.142692462988341,1.34236339679746
-0.13038282211939,1.02840849812998
-0.25442596979587,1.01730594175031
-0.176908353913631,0.68034057773576
-0.189448875530599,1.53357905877358
0.356712912319598,1.50500084688077
0.536805607481535,1.61032459177334
0.391786477088575,1.5836137109269
0.300988996512581,1.18053410357385
-0.00918011992846145,1.26805334606434
-0.0740569750685156,1.45915448149164
0.280871430933125,1.51723132274892
0.0664410303495099,1.26798658199143
0.30098530345459,1.56535936776129
0.526521692889236,1.51482311056155
0.103811288292562,1.56391142086836
-0.279375351302206,1.40406283204044
-0.0920369085037706,1.60637984506211
0.150827113664736,1.3219317685743
-0.149424727941127,1.43284067146587
-0.612929159804636,1.64856129378934
0.288334764422039,1.03317135716917
0.495355898938554,1.03079810894168
-0.00615925266158457,1.61474639589029
-0.235634674125458,0.730719274272786
0.282723779896707,1.58168466302722
0.13568159349847,1.05014384889363
0.122622990629008,1.65714705054559
-0.0376225592441804,1.62909355126995
0.0984644746045654,1.56425671756188
0.453765826909968,1.53195333642268
0.0108624806790503,1.53166554605535
-0.377714280700076,1.65672089669767
0.0596131413817062,1.51032700138478
0.326000728729013,1.62835301504816
0.0905155330281465,1.29148854859935
0.38955853845636,1.59294179562432
0.22800414481573,1.64175428391795
0.299233841549184,1.64739943560468
-0.114882758025191,1.68294742374881
0.0976593695021095,1.53352633674899
0.75019453564317,1.38170706860747
-0.136297230174116,1.5636286505492
0.17926667109278,1.09486497674813
0.7292941428404,1.24612829883085
0.375087012251114,1.47344671771358
0.326402748232764,1.0982151529665
-0.047889420846026,1.36937905927371
0.027472625990662,1.58926246255586
0.417209732467937,1.61622528828746
0.196581484372642,0.850267821132656
0.213742376857807,1.13590205334102
0.550231652662255,1.61044618861579
-0.0164857900691916,1.60781931901109
-0.187577891308091,0.737784393791391
0.257179145396838,1.50618857432753
0.458016327898281,1.1447548416074
-0.0405451276988995,1.167195091627
-0.40769773689268,1.5671276702418
0.696034698932176,1.454641855024
0.356923277422591,1.52696311376476
0.000136035512207722,0.959793808957966
-0.353155483728317,1.38957139879472
0.321896429238018,1.20751780817489
0.0779880578683841,1.12643725122879
-0.00303971489186927,1.47990756562152
0.329707965963935,0.922939312816562
-0.136378048308868,1.60818667682193
-0.080721072885961,1.24589545210678
-0.263520444010721,1.50838898403538
-0.00523994150880024,1.23484142935452
0.0427641330681147,1.22345858299797
0.430742265713303,1.46260459882361
0.589076500847712,1.28662797188292
0.362710380464549,1.48711992208941
0.419854908683324,1.40244908804976
0.0261501348798896,1.61270530697369
0.19013515480788,1.57665332444005
0.295343542182067,1.62750047914395
0.411081157534819,1.19815495610174
0.365833645754621,1.49967980084632
-0.0983490135529531,1.54223002956016
0.445567607164093,1.46393285366835
0.445600953301088,1.56704760945709
0.140505519619463,0.930675051981999
0.564782738956892,1.15038220281915
0.778873447865807,1.59748231345699
-0.00223773464828802,1.62071778663451
-0.378756752495234,1.3105162620773
0.24121767061914,1.22044596730028
0.244770873408843,1.38963275425648
0.674002776141826,1.1683980664988
0.112490975649921,1.25968780880272
0.0739471857418121,1.5411919597862
0.0764297618135135,1.41048831179111
0.208216983323149,1.38272885465295
-0.121969949589098,1.6075382234249
0.339767055020759,1.45747370995854
-0.0507687645312872,1.24511631321642
-0.0139487833957968,1.49286258414204
0.140561787473637,1.27205343717638
-0.126315139503569,1.66109357885269
0.0258766989215443,1.4380738107297
0.288622682958647,1.27709101371544
0.906047489206319,1.40905556721562
0.198996419984414,1.46100329484111
0.152522802349952,1.24633571253412
0.0448634492577532,0.575318723592044
-0.0393779807569381,1.56078445269689
0.166200715986791,0.999696647775719
0.157775046903239,1.13308424097704
0.0514648152833379,1.48170213975988
0.525520043157602,1.4869626135346
0.226188171705392,1.03231704822008
0.0352186908764442,1.231794422573
0.668157661202907,1.3371591926781
-0.00806342211780598,1.19529394935626
-0.50193874893408,1.60959752350524
-0.375146851520109,1.67211796933601
-0.429233332381796,1.68505593142538
0.0538736470110302,1.40565446403602
0.228093447903296,1.40013395153718
0.151524841680963,1.36082134203994
0.647534276117586,1.48605897366104
0.22259250740569,1.46411415048181
-0.025784719298513,0.986913279635473
-0.243250802149419,1.18458046497831
-0.197994246169623,1.6054873704483
0.565550219201536,1.44252710557168
0.688998618512882,1.59332670308547
0.0806031341181297,1.28279262992269
0.399778075854157,1.34865466709714
0.226646949791746,1.44713539511081
0.371931183569348,1.50446887700685
0.105069172870197,1.25833314281046
0.337818673286748,1.21782332826731
-0.193323594924887,1.6593718598422
0.264623820578436,1.45136738368727
-0.0218231446787002,1.52153559964864
0.130435832932434,0.788186678922245
-0.513893435349403,1.25498375064873
0.124480807529204,1.38458037928504
0.184279533109642,1.3721161256908
0.349822553199922,1.1947186354785
-0.0808094403093504,1.6119129255936
0.331560236845765,1.63859489972842
-0.0944634027295377,1.51952884691556
0.116433128128182,1.30469799539337
0.334403486687502,1.5051562979076
0.866665826605845,1.44548696516517
0.441810844992198,1.50088954186477
-0.249023413652178,1.4435731122695
0.151740666856941,1.3659510722418
0.360694551950853,1.62508940059302
0.0879214645160255,1.60201556514876
0.782212826690676,1.58786139451494
0.0685439430394993,1.51997455350019
0.303005268823575,1.44042237163879
0.0926764944058084,1.35783161799089
0.209100900482608,1.61180440943351
0.00460534883691682,1.37526691297717
0.289347789703866,1.46906856530971
0.243490421987936,1.39308288653427
-0.10543532173844,0.805974351854584
0.629906811808349,1.28611046496603
0.115088795074445,1.57462540625468
-0.206695986314751,1.56981913210335
0.132655332316921,1.54426788113848
0.506225023462214,1.4901111644962
-0.559737027887449,1.71099189907724
0.222984838777391,1.61856706996638
0.0229395896672663,1.65921312261071
-0.0618277226798986,1.4694261191936
-0.406496667358773,1.07996772432707
0.157214375789349,1.17375496275459
-0.257766505035943,1.68948603558871
-0.269471681557661,1.65586175994451
-0.0549131591076375,1.4166309434828
0.505139658934538,1.49626739465596
-0.21806609019145,1.22058271176984
-0.251603167278886,1.30162509168258
0.200434673097936,1.60617302811641
0.15116678557627,1.12693900750046
0.200636761734101,1.29139314834416
0.730630578098663,1.32784022191014
0.161242512972467,1.07904368273277
0.250145717066351,1.57551422774054
0.0332707602251459,1.55524480325897
0.397876615228209,1.55096371004648
-0.213680778492254,1.15883948853583
0.210437752166797,0.679130301172389
-0.0487617546583336,1.55560553174403
0.158138899384114,1.59158924508655
0.119515504576788,1.38111238177826
0.356939603412369,1.43621161707353
-0.0182448019895744,1.59418716267538
0.0122539773869761,1.57257111646251
0.205066691291299,1.27997338817963
0.0306656855271247,1.58775928750334
-0.0693585342896815,1.62578234728601
0.404327496016709,1.53374136922089
0.0853422539693572,1.61071120410473
-0.591669189648605,1.09782172676016
0.0778786323899422,1.54015406979036
0.643876497744899,1.35812051807806
-0.405845690912441,1.55061766279339
-0.078331939302165,1.51280034689057
0.23941537822101,1.45723625092157
0.268409971493838,1.23817955973668
0.108325599130989,1.22429084183962
0.200092297345892,1.37519462696209
0.576503177425147,1.60368166954009
-0.341632197668339,0.9289816092155
0.195081730594017,1.61431601631009
0.500835786704234,1.10527607474851
0.284115705861511,1.02335546970945
0.0949982143805614,1.22175436955234
0.851051418987222,1.28129292820332
0.577190187940199,1.60051869407849
-0.359791897251547,1.64732722072819
0.116718506473437,1.50596390713566
0.501065586754871,1.49832237985793
-0.01299692706444,1.43005197027111
0.786990680931566,1.56355619501416
0.912032377224525,1.35945594456072
-0.317017028805222,1.50173624760606
0.752533383779862,0.806609118888484
0.183650120855945,1.35131089915276
0.297617249869642,1.52597520028116
0.186007792235989,1.39813430311607
-0.103064470730726,1.56019356858634
0.505658997964024,1.47470107007655
0.285481286785236,1.37577143995836
0.378585057833925,1.40357565782915
-0.126514397257639,1.10832672939004
0.0011677388029584,1.55447925091062
-0.216876434817112,1.32787840016156
-0.00579425755885033,1.23233186390529
0.657463963043207,1.3212902116242
0.1110349430831,1.46324511832758
0.480391734767407,0.916018950448942
0.186833722977349,1.3461688825506
0.443429595638267,1.54731572321963
0.526936427026024,1.21705589716084
0.369654186911449,1.39390441674146
-0.256318688089981,1.26574567707278
0.262489068216926,1.53081736746568
0.340719286908637,1.3823347367427
-0.0939438424842281,1.44035202336487
0.405084245507137,1.31265010427756
0.163019150370227,1.21139880549557
-0.0842039922103749,1.57642594190934
0.58321352693663,0.992026531649239
0.350601222114758,1.3808527965377
-0.325013199174252,1.5129910637369
0.443868184650363,1.57536881660466
0.302461520897756,1.54160271182651
0.13908963598989,1.5875081047428
-0.239023874726803,1.38014104034314
0.360713241383484,1.53177028100804
-0.178162436512666,1.62457458967607
0.0500302016442751,1.62150472240075
0.188500626026988,1.63225507372845
0.881110728074347,1.4741521385972
0.201729961359829,1.30414306088532
0.363421238720466,1.60908881082045
0.361813428362826,1.1581908407435
-0.211926555165174,1.54315167456235
0.0528586121670235,1.63675446431409
-0.430964950420806,1.1479667303103
0.574264994969304,1.43625177125616
0.28012338942525,1.64218568897114
-0.0965881708637394,1.64782517446417
-0.0926501531269408,1.5539377032664
0.278885382188742,1.1159350825107
0.126419536797716,1.41971344682064
-0.232773441969767,1.03677309602282
0.239571223706599,0.965480389049946
0.436687570685836,1.61270915899127
0.162657652826898,0.805116134710572
0.103260509302692,1.53711131813723
-0.0182368172879652,1.56059211333417
0.492280175438268,1.46003409593043
-0.0530131971476455,1.5423026029125
-0.30220262547903,1.46249645780658
0.0144508280016905,1.52418221804424
0.266154313589075,1.39809293004357
0.1104162858963,1.32223484889696
0.319255133488597,1.51395439377676
-0.256503192068678,1.40050904848805
0.788210946941551,1.43391638800608
0.111534010868735,1.52305840252229
-0.341685023755989,1.6785503240571
0.108888222064532,1.27984707078683
-0.177365540739509,1.46746432991171
0.103632591202533,1.32176579494742
0.214703075077202,1.47429649181594
0.219351710959052,1.3458668969207
0.0386349456796296,1.18934935445976
0.483875950536147,1.00529114974737
0.513309225958225,1.23938416789505
0.120119880168164,1.58429682214499
-0.0151655000914688,1.40874530321937
-0.133850397476898,1.51200584711913
-0.202811314348876,1.3786993733364
-0.109090374188535,1.10765831555196
0.383321202343736,0.908899915249011
0.0319121099275481,1.60839761541017
0.00535509244915735,1.35297734946806
0.277285543753428,1.4775026777023
-0.093588955956788,1.61678873388897
-0.0893186771693315,1.33538197338188
0.243385572911725,0.94420277552656
0.382597025318498,1.34198918680709
-0.156501580998778,1.5763862081508
0.474631586790255,1.55181090519491
0.129929928856851,1.20678338033395
-0.297504907137148,1.27808909734356
0.691241510344619,1.45730023215772
0.149974218065332,1.54473779985735
0.133324244732501,1.48385278094145
0.0954804067243374,1.56717478852371
0.189608686600675,1.0390052216762
0.229076156965734,1.53690184674688
0.0379860738484484,1.46919963870167
0.00268386557279783,1.26527633901905
-0.382877196653191,1.07104733381691
-0.113718404845725,1.56385060858909
0.507872025874859,1.47455145161635
0.175983744272251,1.5660518093104
0.306577397654212,1.40891787638699
-0.460986126580805,1.48867912711483
-0.0482245436525112,1.33736742370215
-0.236555194767661,1.2858891942358
0.0463360901695926,1.43757053874511
0.385929531077443,1.28668489306307
0.234131657472865,1.61946230308514
0.737511043727678,1.59552809717685
-0.196548042833429,1.66108553819714
0.0221204794798618,1.39406678532053
0.606190025302534,1.25378382444846
0.46916938104131,1.16940876314015
0.181336530298845,1.50119381067746
-0.971768309227224,-1.3502589306885
-0.936304731904849,-1.11114400052528
-0.89896826720954,-0.832770467143289
-0.859583014975494,-0.509402357839731
-0.817947595507188,-0.134170151655356
-0.774444231422771,0.287423168644293
-0.732077346509749,0.690167171331628
-0.691403465816399,1.06112959457142
-0.652315925743922,1.40363644292721
-0.614698742527664,1.72080557012678
-0.801723999199487,-1.61086701650614
-0.763966028997025,-1.29004832055454
-0.724725631728123,-0.943355117461853
-0.683882106430312,-0.567748623164266
-0.641298813801155,-0.159452287273727
-0.597405679970457,0.273346771416523
-0.554982241792902,0.676970200463083
-0.514287511108442,1.04832528244675
-0.47518611957408,1.39112919115631
-0.437557999647621,1.70854947753196
-0.624598616503599,-1.62312291105483
-0.58686258290519,-1.30274356442237
-0.547646025625642,-0.956720067719379
-0.506827971010797,-0.581843892515029
-0.464271985063255,-0.174348112260193
-0.420382917109663,0.258354449250332
-0.37794482796496,0.6624043577033
-0.337236513907657,1.03414544960817
-0.298122478167054,1.3773008730102
-0.260482544305229,1.69504308206853
-0.447540700698733,-1.63655844651776
-0.40982689314412,-1.31679087851338
-0.370634019664363,-0.97143179415291
-0.329841283635999,-0.597280696953288
-0.287312458914218,-0.190580391880235
-0.243426022983009,0.242062121751165
-0.20096944548334,0.646651012523897
-0.160243958808267,1.01888111540152
-0.121113911087619,1.36248280351146
-0.0834589941869415,1.68063447137595
-0.270527970959906,-1.65092632365202
-0.232835530689135,-1.3317459905431
-0.193665438304373,-0.987025084755302
-0.152897070687072,-0.613570970873488
-0.110394405530651,-0.207635985667768
-0.0665092593958507,0.224977898219071
-0.0240309305006073,0.63020169711023
0.0167147843243138,1.00300876170348
0.055863713952795,1.34713772130605
0.0935363169651143,1.66577376710256
-0.0935363169651143,-1.66577376710256
-0.055863713952795,-1.34713772130605
-0.0167147843243138,-1.00300876170348
0.0240309305006073,-0.63020169711023
0.0665092593958507,-0.224977898219071
0.110394405530651,0.207635985667768
0.152897070687072,0.613570970873488
0.193665438304373,0.987025084755302
0.232835530689135,1.3317459905431
0.270527970959906,1.65092632365202
0.0834589941869415,-1.68063447137595
0.121113911087619,-1.36248280351146
0.160243958808267,-1.01888111540152
0.20096944548334,-0.646651012523897
0.243426022983009,-0.242062121751165
0.287312458914218,0.190580391880235
0.329841283635999,0.597280696953288
0.370634019664363,0.97143179415291
0.40982689314412,1.31679087851338
0.447540700698733,1.63655844651776
0.260482544305229,-1.69504308206853
0.298122478167054,-1.3773008730102
0.337236513907657,-1.03414544960817
0.37794482796496,-0.6624043577033
0.420382917109663,-0.258354449250332
0.464271985063255,0.174348112260193
0.506827971010797,0.581843892515029
0.547646025625642,0.956720067719379
0.58686258290519,1.30274356442237
0.624598616503599,1.62312291105483
0.437557999647621,-1.70854947753196
0.47518611957408,-1.39112919115631
0.514287511108442,-1.04832528244675
0.554982241792902,-0.676970200463083
0.597405679970457,-0.273346771416523
0.641298813801155,0.159452287273727
0.683882106430312,0.567748623164266
0.724725631728123,0.943355117461853
0.763966028997025,1.29004832055454
0.801723999199487,1.61086701650614
0.614698742527664,-1.72080557012678
0.652315925743922,-1.40363644292721
0.691403465816399,-1.06112959457142
0.732077346509749,-0.690167171331628
0.774444231422771,-0.287423168644293
0.817947595507188,0.134170151655356
0.859583014975494,0.509402357839731
0.89896826720954,0.832770467143289
0.936304731904849,1.11114400052528
0.971768309227224,1.3502589306885
