0.496270459029999,1.76830729813698
0.123329444699819,1.80628383773696
-0.487225072603399,1.16171429601438
-0.109855337756555,1.92321651370464
0.0436698769386274,1.8018886154761
0.180938391820791,1.8196822441715
-0.28001024816874,1.90184342154598
-0.0137085139111686,1.55598067890382
0.107538197863821,1.77252301746543
-0.246434892659831,1.59193752352516
0.0255308399107299,1.39906779020633
0.562795538428331,1.26488895162596
-0.381156956538884,1.14414548376548
-0.443023017638963,1.85124429603256
0.298107587398379,1.95794965889327
0.367435374291483,1.9593557114711
0.19027731987992,1.50709685452763
0.161848112612643,1.41997875002889
-0.0657857545558026,1.21471797281092
-0.0871243544149674,1.65232222028735
0.0328682123300946,1.86510178208486
-0.431792752972537,1.35659250011687
0.0582814106902133,1.55214444689303
0.143979793943879,1.98721483103231
-0.200493672840148,1.61792685564031
-0.0403445138674329,1.72546589990945
-0.127225598111164,1.99482598005508
-0.104406991651357,1.9909620601029
-0.44459086928487,1.18813856930732
-0.300664999653963,1.36437332605504
-0.305399571973162,1.89088823153466
-0.0260728652687706,1.96611750976687
0.421361410494197,1.79141945716074
0.0548516562509637,1.87703491209469
-0.426271791459736,1.99334278132493
0.0530007394820789,0.775633431331493
0.407425914595189,1.824455446256
-0.0718538615889291,1.3020999625838
-0.265617548759761,1.828031008915
0.184780895443558,1.73659594769415
0.0696577739802007,1.58199226874694
0.740396936225566,1.52390004157471
0.122707573802606,1.47134959710851
-0.169955056674169,1.23425918644662
0.672514499236195,1.82238451564398
0.0936296794217605,1.98397831922164
-0.290898245628054,1.5240652874874
0.00908590127887905,1.55100796807012
-0.0294198430298201,1.90409679332651
-0.0996258862379785,1.31029967612051
0.162974608502857,1.54997167122828
-0.264280702626233,1.12615929755459
0.239923589444081,1.6058846892073
-0.331729215323156,1.59023665229817
0.396051827415877,1.80857661022606
0.222195079556049,1.34011032981453
-0.311469478158604,1.99237952175897
0.0403684423061438,1.96084540850149
-0.370148945259551,1.72360893570116
-0.042375625051996,1.73635514093202
-0.307942946266879,1.66696933596761
-0.445956318311061,1.64177465960712
-0.0851569355583943,1.60250105228849
0.118712556432982,1.46527362428243
0.217964146496602,1.06742277193844
0.0408483091606175,1.57698316549454
0.210662140012207,1.9355756313231
-0.248746076571328,1.96643924311379
0.262429132684955,1.60626387921016
-0.583828571330844,1.68118823105737
-0.104620908140033,1.92602939468944
0.146175907005994,1.64629990056315
-0.435282330140382,1.9940319774688
0.286390336618315,1.90653705534193
-0.0922959214760183,1.73876670243584
-0.012378494001747,1.58116901769427
0.00103642573602656,1.87841550197999
-0.428799856515337,1.90192111656947
-0.615793611553485,1.77758019933608
0.226950019955041,1.97423779725822
0.0460187496013755,1.67521691653075
-0.333094202791299,1.32222239517953
-0.568923577805869,1.77977898399117
0.0956007815795282,1.09792243350574
0.457202787984677,1.94560949549748
0.00897591275281672,1.22978037688571
0.494913915219765,1.84138253202433
-0.27801194339957,1.52132803143686
0.108748297240496,1.32532903054895
-0.17515064140617,1.88395281448281
0.26684188839939,1.33371844381705
0.289898332966439,0.890362080677264
0.00453317727979047,1.55534056143776
-0.371895967523009,1.73662111360652
0.423824488450542,1.98264676326471
-0.117878306318461,1.17303291067359
0.109391443102908,1.85674531674426
-0.270109587226445,1.77451554108986
-0.0054184148212727,1.90135510419371
0.496148166512685,1.26024297185345
0.0497690824380099,1.87071477258296
0.37448801991341,1.62103431034051
-0.135846934316076,1.74113495197701
-0.0654278783800507,1.26572289115933
-0.0319781971802602,1.29982775418461
-0.247179205464887,1.88374079764986
0.262945367515416,1.81278427530856
0.0750277579022637,1.7923302999883
-0.0423859022706617,1.66362888191856
-0.267637462456755,1.85855118653814
0.0730148577806452,1.80432518401395
0.161391227287647,1.90007824515983
0.525406024725833,1.4524481345101
-0.654551019899888,1.57898034608205
0.194468605973561,1.79857441979429
-0.332392939974625,1.91427426343742
-0.0735510707006659,1.52252723134488
0.215677312455931,1.7627657529494
-0.348294458998503,1.65840296406927
-0.336816862710509,1.76194007109253
0.310876642505757,1.20413685556176
0.173756147111699,1.55718524690268
0.220554082029736,1.84904524684584
-0.15637195853184,1.85166757256972
-0.224057240546162,1.99023879661312
-0.0299516866960509,1.55507055820309
0.161816472367762,1.85974355795641
-0.218324317910061,1.85570652944667
-0.347732724398952,1.89397483123869
-0.119169664511632,1.37968768624821
-0.219099672105127,1.4878450375085
0.115962171998462,1.44591901042496
0.524130356280464,1.41060981922696
0.312597424797265,1.46313685547996
-0.0747586231566173,1.69114252147993
0.256445089568071,1.92957275114456
-0.115933793301235,1.68849434441095
-0.181448872286239,1.11150711906083
-0.502759669023725,1.29339318947201
-6.28102704307895e-05,1.94436012320408
0.156265141324306,1.77205075697362
0.312032784882951,1.63270721515646
-0.277401054261112,1.71808058260552
0.0633557901361754,1.31443091931938
0.0156956033086644,1.36579202934923
0.215779094251871,1.79036599196661
0.139205095319486,0.950403163661121
-0.0764181678433979,1.96177092859818
0.388430814048332,1.74923812373146
-0.468086780859002,1.82035118842329
0.412985565074012,1.68551149834571
-0.00044202889845638,1.99621289344089
-0.553974464262711,1.84316268748845
-0.0117204987302629,1.81839753218493
-0.392978006507237,1.71721213607388
-0.172953760899822,1.56666652329937
-0.000222362841468934,1.9811318838116
-0.251906975424301,1.78975429165393
-0.272048162043572,1.17982719626469
0.173478252181203,1.55518460361692
0.0958098589932057,1.37463271256362
0.105510290769316,1.965006499148
-0.326286201476504,1.2946873233515
-0.338320614436717,1.50023521977966
-0.143485162743796,1.99205219913161
0.0486285548198318,1.92100933810748
-0.126990538106196,1.64246237487361
0.306099575201821,1.09872949705525
0.0312245241351965,1.47565904009365
0.290180216645509,1.60415666875518
0.280541368382638,1.7705475790294
-0.0224912780774958,1.85110208414834
0.265799231004313,1.96512776378953
-0.584880264960115,1.67303088025373
-0.294823609144688,1.27803291073862
0.15989953680206,1.79567200000933
-0.0730365727416062,1.59551701445899
-0.136626152574105,1.50768609660089
0.327932689695627,1.83093087799552
-0.0596148417537675,1.91309162756964
0.0831496401032992,1.72981851438364
-0.572875436596681,1.8832468268486
-0.0315194723598914,1.85474609135335
-0.33682094581495,1.77467262095808
-0.467303164108283,1.79143234057865
-0.338235704894992,1.80367116388612
0.32078271542285,1.96528030647782
0.18038060063003,1.6357784164927
0.0620930711211603,1.48204536644603
0.244950475307401,1.62942079714849
0.184582765144132,1.77973397118648
-0.665004171269339,1.69134830565927
0.108217457802124,1.04871209350479
0.279633268149016,1.99005476883792
-0.0979495231397201,1.94080157711582
0.0512800856001263,1.67445527534275
-0.179081416476369,1.55654062428708
0.0825800959664913,1.70379739273623
0.0532744992540522,1.23248133320922
-0.50977945641944,1.75298041770854
-0.455702330283196,1.98247891156359
0.109468569124213,1.34904636942414
0.542657964383883,1.97487181316831
0.386510462111945,1.76242646069603
0.02165286534971,1.57830156698949
-0.252580814080835,1.44482776060945
-0.482248232232161,1.94936329785489
-0.355218507894025,1.73501808728257
0.205576837995262,1.69996391232698
-0.109829899654985,1.62720055811343
-0.30728340258631,1.91262308302032
0.0338175286737626,1.81043201484122
0.0135121641844773,1.03716417250079
-0.208105605475948,1.8956671362729
-0.0427296811447514,1.28508210178662
0.307819257850541,1.10622408008671
0.130268569035607,1.8267975914285
-0.0502881495064752,1.44270963719062
0.548480568530128,1.3037318168146
-0.0415552452993618,1.88228913599681
-0.276206745911785,1.15423684924552
0.0411215681458081,1.45161198744595
0.0928880742126855,1.6939802147693
-0.483837658400253,1.84564094772603
0.0819547592922698,1.10905872101443
-0.182122552389613,1.92298901338712
0.599291603332827,1.66880339394473
0.224180949203279,1.95530622436439
-0.718658912639069,1.16647218943678
0.226496549236705,1.98995589091935
0.0515914041475953,1.39065143638459
-0.243966952473644,1.85670283305794
-0.2115669582327,1.58720274618513
-0.0368335686791229,1.91451255325636
0.0914406120667177,1.60156323688295
0.0848512792674125,1.66087850521824
-0.318172547980464,1.94841312956005
0.106334595382092,1.72187909126037
0.038304247437364,1.70378644973946
0.00630007415627316,1.97865552204323
-0.139414494197993,1.82743684520364
-0.162965582177787,1.73136985518813
0.235750662339392,1.39983442247687
-0.35850498780051,1.6527254098517
0.0504452818989096,1.6972504874986
-0.0235445187105764,1.73878905130737
-0.283994263402293,1.91265180952281
0.210865813980668,1.84001162127648
-0.157611291350741,1.90153265924186
-0.368301787647088,1.85327201668391
-0.0536651116053888,1.67909725861656
-0.167716367959545,1.6558136608408
0.301962462480915,1.9092053973037
0.104390766762486,1.90910853073388
0.102505971719311,1.8175450986924
0.127221284677125,1.79743391488919
-0.157633316946121,1.68181886649711
-0.305644473941714,1.16501664804746
-0.0694741739876077,1.96132164454641
0.260963517632561,1.45239166706953
0.0722924927660803,1.14641259522594
0.196660121240958,1.63172455999034
0.158588632870174,1.56911876649277
-0.139988923333851,1.86168893043107
-0.288067537244894,1.64301669043606
-0.110885502340535,1.7247187785129
0.330261723904528,1.08150668813038
-0.278074305487172,1.39690626738739
-0.257366167637602,1.20055543055634
-0.010861250866328,1.21649005099337
0.166327410818844,1.79708774254474
-0.107919851044231,1.77905010545454
-0.658560448620299,1.41642354526529
0.246702992030901,1.953314530665
0.122998152642421,1.5790236076865
-0.169588494892994,1.90315194140834
-0.203880952196536,1.60967408185837
-0.0983482006471505,1.4113142805917
0.133025135119516,1.93974304524002
0.0133414163995349,1.8774766788113
-0.292177193211148,1.0310568752281
0.288878184646327,1.697731394083
0.298113526668264,1.85078038834573
-0.110412894791052,1.89742998230512
0.228802290149951,1.9069998849022
-0.0123803384980261,1.22399698084604
0.181665763479485,1.93118640440483
-0.119475979355204,1.74046165426826
0.0342665149932516,1.66593187631648
-0.117788589343742,1.37450219343799
0.367939013255614,1.60524257808356
-0.31022678983306,1.29217589848795
0.541137825420528,1.9379925392096
-0.0850081916698315,1.68215777731628
-0.544458101891059,1.8705419577782
-0.0525770452945873,1.96697189280434
0.0204419834409699,1.92654256347372
-0.13268362832449,1.76774574397695
-0.18219778668975,1.27041953545427
-0.505508247190857,1.90203051736936
0.0439135181707801,1.91957876834476
0.201287837283884,1.11237875840072
0.41358855371741,1.57761563690083
0.103542366480549,1.79717996045758
-0.0392721683881007,1.84237280193739
-0.119028900300649,1.84488112883217
0.667596437775657,1.89233422029665
-0.037332315472783,1.75185013182042
-0.157076204311907,1.83266949205597
-0.448401106729935,1.69667201894841
0.0628236737617463,1.27333043765766
-0.0026334990299745,1.74278027314027
-0.191295226613618,1.49360446584629
-0.502673600214602,1.87099489763427
0.0110701541652673,1.21194134479736
-0.175977398991231,1.63710090652282
0.239179010687589,1.91254981286871
-0.0320350524925417,1.97590361782107
0.109849375487369,1.95784625599916
0.32403318650356,1.39826157518827
-0.0178065092606299,1.71481153521407
0.0795402480617377,1.26407135213647
0.184631588095952,1.05027661593241
-0.318162585576585,1.69304559982713
-0.0706801805459531,1.59872809342971
0.241382515137736,1.52110678929452
-0.0580389855404724,0.687613454560546
-0.349923601345084,1.55611051041795
0.129804620311977,1.76917567473865
0.442358508570475,1.75730138870989
-0.148968103831565,1.83438457471348
-0.00346650446648493,1.30193934678248
-0.140324458557455,1.8184236749489
0.458324869841356,1.9870118852945
0.177268821988586,1.16941394075808
0.245431633522778,1.35633953236005
-0.381598605311574,1.17582349072069
-0.310361111683421,1.89156320261091
-0.104574431719331,1.76961192213118
-0.0157955707758499,1.5340725387559
0.0757676086816821,1.8349615857215
-0.14951535934196,1.9239281371317
0.0151223586634341,1.4311143854466
-0.344781064027833,1.8176802597029
0.445561484596722,1.43300581328987
0.0306124716158036,1.85735062540569
-0.157663321494512,1.74460892138145
-0.0629077381887621,1.86607616670714
-0.0535891240326162,1.66503752703365
-0.224314098973668,1.99121505635875
0.131686229047627,1.8242155013006
0.320984520799568,1.44202891708448
0.0645031385249717,1.9543251769595
0.012734665788104,1.4133641444056
0.0473355681143556,1.83603911405872
-0.321612195079971,1.36090727983501
-0.526454301331407,1.56219529067679
-0.117583961124435,1.86311136888387
-0.202925558314778,0.463991960660948
0.147852548437318,1.96642802721943
0.125501326861769,1.67509608922021
-0.0714558917667927,1.66101151345731
-0.589570413687316,0.913196766131624
0.206352067079856,1.80497505010971
0.02798952178015,1.7430278594176
0.0453851188046258,1.50083233853585
-0.472699858279678,1.91032844014177
0.370271641037704,1.76918572278446
-0.66541857610804,1.7931839181752
0.589218337203105,1.8630456127355
0.606344616290504,1.66194591527056
0.39550352977918,1.56210424450752
-0.579431130765195,1.29857213145052
0.229986737964585,1.63622859219632
-0.142953787967663,0.706474910587628
0.273997856395841,1.67047592362818
-0.0610035725790074,1.80676482349631
0.137755907124261,1.76758733561404
0.335478379308085,1.94236438894256
-0.224065689174968,1.13630760161994
0.0240080239317905,1.63547200068272
-0.0411206390653044,1.61506546111079
-0.186907795756424,1.94275529539642
-0.217399575679202,1.69715759491862
0.0689325568016836,1.76149342974855
0.197058536484695,1.74587616948733
0.0163628333573538,1.72447672053169
-0.532131879235556,1.97178146343963
0.122718066755636,1.24528811789648
0.170313232843192,1.65547722268702
-0.178389586755066,0.810133066099042
0.0624535724245937,1.57189428869246
-0.209293145631874,1.12416849353963
-0.175531285830698,1.54286554474999
-0.153398168381662,1.35738068157433
-0.144284914131696,0.906061164090042
0.0331197257187944,1.80912409083424
-0.0256348669689022,1.794209458844
0.182642112452759,1.70214747182836
0.203295723430595,1.32246629927494
-0.0945354372993807,1.08659751681917
-0.0780851899967708,1.96989099806103
0.0644922616720785,1.51105784094535
-0.260106253448231,1.57987860949502
-0.136194602520222,1.26411835563956
-0.0050210343193136,1.28779353773016
-0.436053575846317,1.94613410822187
-0.117097796058694,1.57426862155266
-0.767670477659856,1.47404215636913
-0.222663844779945,1.8164217102354
-0.452011406358711,1.93142523525295
0.117289787563694,1.95097957112292
0.0414705391865977,1.5413277299388
-0.0667164787154946,1.95076243593614
0.178147584228035,1.51531425045689
-0.0372053141602047,1.95071986237931
0.0414476483348335,1.56584942051582
0.0363747753253275,1.94768637887029
-0.124223888420099,1.91836334805734
-0.461011808658942,1.98727931409815
-0.23495577320692,1.56693627190095
-0.209829966040631,1.46661839393807
0.345333361489924,1.94247510473613
0.353464491277236,1.98971615143273
-0.0485920218788654,1.92385001801127
-0.0492740306106726,1.65810459939529
0.044180299597695,1.10288965272957
-0.323472876348839,1.50557018200039
-0.389088911799393,1.08082366875325
0.463984108268756,0.828583278766873
-0.0361425213618387,1.66731036897625
-0.0972800081301951,1.99323331723663
0.441929819734018,1.43583686698783
0.398111826136782,1.73241506484778
-0.0787225752584657,1.77504757708296
0.0473284925978257,1.7940223062559
-0.0239554944061319,1.35554513586026
0.252155639222039,1.48190897351022
-0.020533524749699,1.76949209646367
-0.175188636832017,1.97362882128028
0.130333305736217,1.63666949787642
-0.0433294320739605,1.22027126763829
-0.0924667304959109,1.65559872847795
-0.349555872603624,1.64055535997737
-0.407256482490614,1.93598769691442
-0.066213442242341,1.87907941904374
-0.208301142451058,1.50976943828293
-0.269919539643831,1.96600651510073
-0.445999603330911,1.94266467747425
0.0333505643915941,1.90993645767264
0.309977800676495,1.66920596252405
0.236172040534545,1.53467846530923
-0.272886427813602,1.58652310716477
-0.123354638141837,1.71125880561221
0.4158551089925,1.59018729641787
0.628721495167617,1.4023864171872
-0.483586396960059,1.60166150244441
0.458350548296637,1.85385519196134
0.0447225757824865,1.87910925813689
0.321000673166327,0.773514866954618
0.380820065608821,1.64752210887856
0.0660790648730756,1.50994867690925
-0.0334868433883,1.25690142309213
-0.261278322760536,1.38232582467612
0.0114038062524386,1.92188242057484
0.377573204556481,1.22383475794034
0.0971198207309673,1.74072817843561
0.24586009292724,1.64663164202433
0.0483469280589548,1.60173072961246
0.13450970872037,1.41133538976743
-0.340991880410072,1.7287508430222
-0.186030640190037,1.65518144192959
-0.101385524599699,1.93392033202681
-0.0545176109927049,1.57542496530114
0.203948555600062,1.18573680258158
-0.0751996372019468,1.80312097903294
0.152621864606661,1.13529078105087
-0.00313822410267437,1.51585728217821
-0.0271301389238159,1.94879769816677
0.200851386660858,1.80590773146988
-0.322615074826967,1.67478613026007
-0.491014586457098,1.96813453136322
-0.273737167692628,1.75677460246659
0.286104069643035,1.69671510061306
0.107372404070575,1.59408310351066
0.26917095246314,1.78009230232505
0.146400509108678,1.16813750609696
-0.16851341721486,1.58529680194049
-0.153723911796469,1.55499783789747
-0.0647394291569595,1.40662407815977
0.305274781494798,1.63117489571649
0.491183707305678,1.8435970247001
-0.0232594925361431,1.95454553126303
0.0718346184371113,1.86791960749516
-0.352275273973136,1.92645626388169
0.0579844600405578,1.48547396065504
0.0505733459136281,1.11410198443357
-0.135591423265347,1.62443475917336
0.173523215280701,1.71795373809463
-0.33273629820198,1.45286540035769
-0.40742035954186,1.92305430078221
0.549202852580274,1.59795626905415
0.211596823309395,1.86763566392629
-0.353160182995267,1.56855979410902
-0.275396746650956,1.7147270768457
0.0532357939677574,1.42836622682383
-0.312431563182271,1.59459919954583
0.316281472004127,1.14995426018896
-0.202078275920806,1.97312923310445
-0.412483611712074,1.86761340034864
-0.000284049331898678,1.44052628628655
-0.375248257568874,1.82142150758934
-0.470913350532753,1.73812650882202
-0.236166600917745,1.85053792762788
-0.0714645433649233,1.94840483239095
-0.193631289988626,1.27875117374155
-0.0213973534972928,1.47929801011318
-0.139880088934474,1.46064865954075
-0.459598352474356,1.82599503615728
0.56705606334333,1.35985166957004
0.667106157700555,1.49225781915622
0.180735022772348,1.70120581423279
-0.394386344766554,1.94168750029079
-0.446183274349117,1.48077388644486
-0.234890166377154,1.72297582626686
-0.0280430772354448,1.68280589944279
0.0405006736584951,1.98511013068473
0.277282434356801,1.93945616024302
0.181348616807476,1.4086909357356
-0.31375494724118,1.80671564972755
0.173988736078306,1.57979435981609
0.188555920189594,1.99066811267125
-0.111706888390269,1.36074379687644
0.163103742521888,1.75016419059374
-0.221974204237827,1.85911578449156
-0.422890576338265,1.89667617747273
0.157099157211484,1.75756276881757
-0.0494306297884851,0.532110003159511
-0.0976489509544051,1.86431547993442
0.565029463782557,1.63802673577785
-0.2287308444274,1.67836048254024
-0.064293984985028,1.95682120614371
-0.0157265631851334,1.68403099799811
0.33093733347746,1.92578301296727
0.284041817235549,1.57022646590946
0.151245332198943,1.43856190608944
0.315632049965014,1.6399370018223
0.130837150408164,1.4941773948251
-0.391918138950237,1.79969816988756
-0.193803369364957,1.90303711698507
0.181068982404923,1.52314251530545
-0.433414698249319,1.12139080340037
-0.161262940782077,1.90569238098743
-0.391159970291692,1.23474990844334
-0.145466232852024,1.75933540500559
0.052621283138733,1.63050521853906
-0.671066066210023,1.37256008232154
0.565226517907936,1.27180252909194
0.301077462346085,1.83177692504793
0.312809961936716,1.79764409696761
-0.159188612875698,1.94843330271613
-0.252273286900385,1.87829456177198
-0.0208991892654743,1.99136129397294
0.118960493571534,1.98450036461644
-0.159669180437959,1.81835297743574
0.277019062992588,1.62295683527901
0.0759181948815946,1.10477118102681
-0.15482441910186,1.78281264064831
0.583153206789948,1.59660555837508
0.435656263862228,1.31631651569889
-0.277654924388902,1.8663115875187
-0.378476175780261,1.7785784935311
-0.179324079307885,1.94684081633581
0.262063094359969,1.7614356615017
0.0325878513133687,1.54876474039933
-0.360434182138585,1.97233775415117
-0.101832057631883,1.85251484175595
-0.353789940301582,1.80399169635419
-0.36696173860392,1.65890118048124
0.0338156872209763,1.56141613747627
0.347831403520663,1.87311925168835
-0.262108417792624,1.66565475126368
0.220901895176444,1.99074233518859
-0.0580808764686819,1.85806223210504
0.192940812512597,1.97644875402278
-0.0502703175712917,1.75110137234813
0.157910332602401,1.74292278433613
0.0266831119731121,1.4843359063583
0.380507905260562,1.77147294189572
0.0147961127332696,1.97110830759534
0.352192379404573,1.72586946817382
-0.161058961747643,1.43923485162197
0.193235463725423,1.72997135032473
0.147544998615165,1.33478929672463
0.449567242235225,1.41965315274574
-0.0781688256195803,1.21636567685746
-0.166812883009443,1.98006451259244
0.248151684686061,1.57667968758676
-0.051071938075314,1.96729844341459
0.0508575799314719,1.45828219863757
0.598881539678509,1.86240932015543
0.458337328701473,1.84299124466019
-0.0843302883043277,1.85094297008236
-0.0596949551101842,1.24821464375649
0.399537395393775,1.71447148356067
-0.330492659833011,1.43209007685237
0.0120515892214247,1.88822047389001
-0.380881272671206,1.73706970736934
0.0179306292314196,1.72675406388538
0.608544601124821,1.60690292179612
0.381824596114433,1.78446291036622
-0.2750661353999,1.44201663567397
-0.181301497298255,1.97081265925641
0.205976950211192,1.84224018707659
-0.435638485386265,1.87179797723871
-0.0149306933687287,1.74650741088342
-0.0821729390750655,1.99078445137563
0.163381593022944,1.85895478209906
-0.0357320789093399,1.80294485602395
-0.280878803840114,1.8428512513795
-0.0482723100183504,1.98754567059346
-0.117821327812611,1.4885727230008
0.0031077150101511,1.59325587571359
0.225872247116495,1.62691827727585
-0.240129067391127,1.51728613749469
-0.467440777641025,1.45529241853329
0.211845879879908,1.73474503997977
-0.465062963455677,1.81023506985499
0.332564277169101,1.29168208504369
0.415932557170927,1.7923624010143
-0.402717007251738,1.96852164900706
-0.0467649434121842,1.2973416756404
0.274437594865389,1.09120579164838
-0.299568596297508,1.00562507664776
-0.185714706874775,1.95799186867236
0.329396275535504,1.62680680661845
0.01486799164067,1.73038095679155
-0.251082271305311,0.845894128107705
0.0824209512413876,1.63172948931106
0.221353941033666,1.20776942353281
0.158516380738819,1.50850961159663
-0.222941211813743,1.76814050412605
-0.366582561250223,1.52298049137993
0.0558900504038057,1.65696141512537
0.255521637173614,1.05917553334443
-0.0320190911361583,1.5887981647105
0.186060780543192,1.8569975556971
-0.383675924392677,1.64985829043991
0.151210002348038,1.34156921051571
0.19603236143006,1.87974190846525
-0.0123363784897532,1.83980760124652
0.203846462212375,1.20431702259463
-0.122448492750117,1.78398874603742
-0.0681142001674341,1.76028715527706
0.0515026260865526,1.4463310363422
-0.0570336100443072,1.28468477839922
0.398145925151902,1.0307747991872
-0.120317984689253,1.17504070702067
0.210910577095262,1.81438540188341
-0.319481020732757,1.70662157406107
0.120892688902992,1.55895734668056
0.0360970423534146,1.67399969260863
-0.0156367350619164,1.70075446707617
0.196693176243914,1.63053723831362
-0.649552027151043,1.59266072280892
-0.413654633679365,1.99770938414865
-0.126693281437662,1.75804749946508
-0.0647376173547863,1.49859236665587
-0.371700975490825,1.44176493342689
-0.205233031162676,1.52187090796853
0.490418906688306,1.7419582517508
0.223131993441466,1.43062124627803
0.437649863164984,1.72192500153636
0.139536960282464,1.90380574830384
-0.249967697050578,1.68385199039308
0.335369127636121,1.99031303478448
-0.146715354957783,1.71107793645569
-0.33883164509467,1.96390784549723
0.0401142625556366,1.94864464570906
0.197067573657917,1.64222315204014
-0.0863524227322933,1.97983383960189
0.146197656484607,1.9415367407438
0.10705122350144,1.94854902970574
-0.323177265159529,1.37770067169597
-0.433863948555056,1.46434600799007
-0.522687226580946,1.82509647175742
-0.079638512610664,1.38609574456961
-0.0936308569539736,1.8906853901969
-0.29741672113185,1.65518786884964
-0.0771586689483761,1.83038040585695
0.52641229049252,1.51813837261168
-0.00952756720173541,1.42518959974597
0.271139859293472,1.5344253352263
-0.0847015729856437,1.69475894610916
0.0870610136961648,1.89445107694983
-0.748270630132956,1.26420041064935
0.125641002227585,1.44956552824223
0.183492640500268,1.99029900086802
-0.0514275434096921,1.97207552535522
0.351663225313568,1.43189476353557
-0.188183655823303,1.82740237691844
0.212271560365486,1.79111315953735
0.181189172808813,1.99982269358436
0.0759875696646407,1.6274310708005
0.309083466395235,1.5819410617241
0.401541650570967,1.27395040751866
0.0786119476599655,1.53700556656807
-0.126054313933939,1.55614654721947
-0.171578038063412,1.95298531313992
-0.063355007655544,1.67883562434001
0.174205275635902,1.10310492960656
-0.0205396313935376,1.4177466503542
0.134428465639985,1.83953432354265
0.00617768597529254,1.90278769577808
-0.44978349953633,1.62990425002805
-0.644159572992984,1.6912779215752
0.00661253880792343,1.55040451916762
0.434466862538954,1.84275438610136
-0.0936770387218707,1.68832206218246
0.433548713103294,1.77903309259214
0.170059117883012,1.88435061145041
0.162108957386315,1.42361291547633
-0.0532744934188319,1.68629561434812
-0.171482418939489,1.41470655883081
0.127606527718529,1.59985060134864
0.0962232785134949,1.50307602681681
0.380022077043492,1.41293816043833
-0.114125096817655,1.50686911654997
0.0258127948828063,1.87987791811477
-0.182244920684918,1.77534133481875
0.115174772403158,1.95012973701532
-0.202387098233967,1.90684860147336
-0.153567320039862,1.79025491778198
0.216058609528649,1.04222481384188
0.491130315247749,1.84974814830806
-0.285252041619003,1.87072293273587
-0.264111711479452,1.77522394720777
0.410500999230987,1.85443002287209
-0.0717315617369702,1.88841777075235
0.38768608812111,1.56835904159703
0.0384142998911751,1.01571735421023
-0.236615765053511,1.9741852135311
0.0748743308483627,1.70961092465889
0.121622520174331,1.75983222921743
0.0858629013787551,1.25644207103199
-0.11422083046067,1.77375562792822
-0.517728481259655,1.29933329993614
-0.112827083203821,1.81811583868782
-0.22289251156178,1.97774061058675
0.225342938250085,1.66144651155814
-0.176899542618738,1.30257715729197
0.109441067524328,1.71081895120141
0.324425141827459,1.95729608354554
-0.188125553926924,1.68558323063255
-0.279679291691506,1.58605892199305
0.333143294525319,1.48195853353883
-0.43852216593317,1.94484234278581
0.143229279476789,1.81696036828505
0.0662471282092031,1.55013652130393
-0.130815654724961,1.75803257276995
0.214040280763609,1.74870096817919
-0.0876642531640668,0.851559392383721
0.141762063062894,1.10110953834727
-0.27537888032034,1.88356010875869
-0.0787914549645838,1.91337211769108
-0.0241810770348338,1.71035231442813
0.278196170730443,1.68897161713527
0.0572706970123365,1.63370617136594
0.17599684053179,1.82157576964206
0.188615352335294,1.05725688434031
0.113129838918118,1.88227551488312
-0.120157639168611,1.85586098437764
0.230279595456538,1.4223029715951
0.0103893696271412,1.43490070072116
0.0221437617293028,1.34205267775583
-0.145002306915598,1.95320427658422
-0.451472597801814,1.67583865630319
-0.184632162623408,1.26741640230206
-0.147786498510736,1.87401819887991
-0.334449480964605,1.95200976440839
0.297035070633422,1.8209370509911
-0.0146026520032426,1.56179685932326
-0.50616452084772,1.44081301950385
-0.197834853573656,1.74562865243044
0.0125485455210992,1.41041983614536
-0.368223555153364,1.05357186502949
-0.394108684161542,1.41097815002748
0.365818780761754,1.87471799834065
-0.157422535994798,1.79191078468161
-0.334997468504473,1.51559670407429
-0.00894029091705239,1.45119216206639
-0.680979802980531,1.29911352901027
0.140781500825883,1.96863866221201
0.173149290684234,1.91283694179629
-0.188453967495494,1.3055955678697
0.160582641704766,1.9246117060121
0.211104542348926,1.99763117051475
0.190040419149785,1.65107209594446
-0.130613458612831,1.95642299077587
-0.265406845598392,1.50172383969189
-0.0331179837397193,1.49423137785464
-0.141838839857336,1.80445319047851
-0.0682650380069609,1.12979174834779
0.0444919304760904,1.83166432919841
-0.37298001355981,1.80956738335333
-0.0317466585877232,1.86722245145358
0.0217957710125689,1.73213970440397
-0.313828314725947,1.9615810574885
-0.27936337688081,1.73054403591001
0.0204754608897851,1.55215222118935
0.0467888695645814,1.66562577153237
-0.126350672278063,1.83020192363844
0.00445835618902941,1.61063596760165
-0.298482543279337,1.56186600563479
-0.420584880654452,1.03263086632347
-0.205932452899075,1.92954183627575
-0.166889144971467,1.17785752606997
-0.157258628111319,1.98014304852555
-0.350350369583104,1.49441076017773
0.244507381547256,1.98582455085692
0.033887505581725,1.52776681098317
-0.231222096124188,1.9269574545122
-0.244580303614569,1.87380870244867
-0.234230922153199,1.78350426608065
-0.144673423697171,1.77285967992787
0.334332696995608,1.70205548521177
0.0100602979729796,1.91711513950655
0.29081153112372,1.55940816766383
-0.360594565396566,1.54492673094227
0.377866729064102,1.38467319169216
0.0848362396910977,1.13861558779011
0.0527063483332452,1.46714281512427
-0.319803772159873,1.89442299174123
-0.112246612581188,1.45618098817073
-0.344952110437341,1.77447331412121
-0.219259699419657,1.81746510684493
0.248604536602697,1.82597314531246
-0.232438126011425,1.82594307721195
-0.252281258965321,1.3540782194436
-0.156412643320011,1.55548436299361
-0.377854181416758,1.59206150245438
-0.0562974146437545,0.755599903401744
0.0636098206851398,1.72779111852249
0.0948401101843453,1.16071845282336
0.11216147649415,1.87515991440018
0.30448720192805,1.37171746760807
-0.198656463296367,1.94429377289673
0.275317789601935,1.61761599374522
-0.228220718743703,1.46418266263245
0.573511322069804,1.90371346033464
0.347777691225337,1.67166162500452
0.128686947487863,1.81749558216697
0.0193232839499423,1.8689086406859
-0.0049677164854656,1.80960602832961
-0.177148685643844,1.67780585602265
0.0879888649353417,1.84029634813529
-0.41618627472513,1.34656365001729
-0.251740227123771,1.73570822713837
-0.215654116685132,1.74358585039379
-0.318269210045052,1.98775430635416
0.300689842303176,1.29383689582667
-0.305653089291238,1.31494131640521
0.42048713646158,1.49106553670908
0.261917451594387,1.98010666669858
0.505583405846751,1.84612335605037
-0.100327774991689,1.52227725597378
-0.24792126285225,1.09693616175442
0.524305049487305,0.982285004980147
-0.483377748725269,1.26779649057532
-0.0104042515566673,1.84580673307901
0.28855742142324,1.53567994917181
0.146941025218801,1.64885712639902
-0.362671745800693,1.8269191181009
0.435791256835592,1.95629329479797
-0.317167751726363,1.5620741920282
-0.00293881026142654,1.68240460911382
0.112629685580797,1.63407783443854
0.291666444035446,1.82553916349308
0.0255074816621739,1.49055260026512
-0.445990597052258,1.34740396731502
0.0584733152716561,1.77158932693314
0.219176554994726,1.90506878237074
0.325981003803656,0.980649294432288
-0.265052158320976,1.50374778389095
0.314052243061761,1.5648072516987
-0.0300390641875505,1.68082204357718
0.197987474381732,0.832168740203061
-0.112690813756565,1.79537589689143
-0.00244106039379297,1.77073705719111
-0.0421996489923375,1.19542291715965
-0.371508528932338,1.61707729477741
-0.429647147712446,1.83744967721257
0.572076502093471,1.91611337349021
0.303927311842751,1.70435531041935
0.180085889324995,1.70134900763784
-0.425347859166525,1.45625669461866
0.435136038044636,1.31192228255778
-0.176955511225584,1.68738802767747
0.339904885920328,1.7115614795878
-0.455444374080543,1.20893973380232
0.15056892178758,1.47099106762342
-0.250486477151566,1.74887804265456
0.0913985833348173,1.16368269759681
0.24774480365028,1.56182178203513
-0.0445354652577352,1.4576325906169
-0.0763994721945761,1.88936759205668
0.322835552884226,1.50038259982592
-0.55937774534095,1.75157044993164
0.499165028771693,1.47120978473981
0.712520637743952,1.59543482651208
0.185151089926181,1.93090407545686
0.287336309503089,1.87358560305361
-0.280202402218903,1.81963845110411
-0.269916469699136,1.50478424929562
0.101807631428206,1.65163535914661
-0.369527800810324,1.76218744765259
0.119037245508226,1.74722621788896
-0.0487237099005002,1.04717173288212
-0.258241937788957,1.82550032822012
0.177190500543363,1.51005124724828
-0.163764303753145,1.46654257682112
0.40538981228324,0.993202118562848
0.249865608080186,1.99233829916548
0.0534457310878293,1.84016558618062
0.443941979130915,1.87025592474769
-0.0901481083399519,1.99525123372148
-0.464035194973918,1.93966531901296
-0.00514428946538391,1.40275421481256
-0.36784705696387,1.92953586057556
-0.221537875562548,1.30053407078789
-0.175882571999858,1.89071092093213
-0.628508706219992,1.56272228027961
0.0415228345440653,1.96209959389937
-0.0133565073580301,1.67941145710454
0.192973342055496,1.15140638431691
-0.30365346017095,1.9185158864255
0.288260808928649,1.93076741049301
-0.278695962727986,1.78128520510334
0.258793253940099,1.46697366176453
-0.0985180962819679,1.64487237031915
-0.336692613374662,1.90499407355549
-0.526338147730209,1.6707911600069
-0.380448074262273,1.1649892393545
-0.0745625917701919,1.1554354002389
-0.0964763262713899,1.70341355991336
-0.0194312352564995,1.79032848817761
-0.203998608046635,1.17317836809999
-0.315898109037797,1.01931077412835
0.651891466906293,1.74671783606176
-0.0230462603465747,1.74961259800143
0.263901507478314,1.85935366455029
-0.144099339580203,0.556244769291274
-0.230096301770151,1.65339756400098
0.294488615741723,1.50548360712927
0.0710709016909656,1.65549023063178
-0.227117395734306,1.81068183048564
-0.773277623997126,0.954464458343314
-0.216814086209287,1.37421478924483
0.363685118942836,1.02360089219991
0.0627287413820866,1.40667568033075
0.0402800682646034,1.38406805190673
0.238507579977858,1.37961924596214
-0.529367424664121,1.25238404585091
0.092271181791525,1.76949758704158
0.298357973235188,1.5547532268371
-0.0907321525149765,1.98356729716789
0.54215359143388,1.09030501293425
0.242088984704429,1.90450068839226
-0.089374880878182,1.3521450437916
0.212981317626828,1.34628421098594
-0.107709798755197,1.41785177481646
-0.122289474126608,1.96479317464184
-0.08960776419782,1.76323337396917
0.245435258556727,1.58324522346227
0.497653272313708,1.27598063370175
-0.222676197224111,1.50044631720069
0.218999390024013,1.8467077216052
0.113845264121511,1.66312389209063
-0.122260475088751,1.53728695739665
-0.644457458329451,1.91171817760009
0.171621214522303,1.45242854299091
0.223399804973228,1.68627827162103
0.423899922400466,1.69213686486617
-0.387345488314949,1.91820421734514
-0.0607961324027157,1.99658671621892
-0.691163868643871,1.4361544166238
-0.0344670035324243,1.7839782629024
0.383962744197947,1.64325088719364
0.222689737866153,1.885828201772
-0.425130102288086,1.74530246034653
-0.503908582422089,1.06672385312034
-0.00943839419139839,1.32848149100131
-0.0274921886585996,1.496872339279
0.710321833056559,1.8478879089828
0.253504714492015,1.89812008282852
0.26147095640176,1.84734095299034
-0.145513123649688,0.640233639674567
0.286607535344687,1.93660226742247
0.237555765129779,1.86529821842516
0.0786434113329984,1.36884762937073
-0.542916368126464,1.5406488446697
0.0436379961269162,1.67981758249521
0.0590646232032279,1.76044458721631
0.269405306686246,1.88017819039109
0.09271917250115,1.89409922767357
-0.186177056393995,1.41219471652492
0.20560797124425,1.13963717168387
-0.359235821189721,1.89266248511276
0.0327744660087982,1.7638048085412
0.0264202334064814,1.74518831643097
0.0467788864291283,1.79237324269884
-0.25661104619126,1.5755305564599
-0.164283001389907,1.98663471005125
0.402933446630969,1.6435215462058
0.149357753607809,1.8748513551708
-0.303959111601004,1.7447075424287
-0.0795624324090475,1.46606321068934
0.142037263773593,1.86173283085549
0.123089866977481,1.96448129827239
-0.247344317886469,1.83838740353386
-0.0909266008124014,1.73552678489604
0.152673950024585,1.62950611019828
0.162472906376857,1.85028826352425
0.0411548548759868,1.30431897067468
-0.380508465899791,1.73951749677523
-0.146981426291881,1.07838360746233
-0.25869640695163,1.88049377713796
0.197800258498158,1.81512028952373
0.0369331410544555,1.55431008184096
0.328848317351964,1.31779830597938
0.150653520536484,1.3384404706446
-0.194730624277614,1.59566228747579
-0.28022306668514,1.52244935502195
0.431190167860639,1.95503969335078
0.188627920357446,1.66944895389269
0.0799419472158547,1.73011029281825
-0.0341952987929504,1.59928447938791
-0.127940715289338,1.94175140471189
0.111429309465875,1.03841343103032
0.362515183008081,1.35739362101885
-0.330439636116026,1.75184944914398
-0.257649884009626,1.64683042260917
-0.0512444063508132,1.53514154426278
-0.0714937684039698,1.70503977488248
0.522886010349771,1.80842509227914
0.485435635896831,1.54521496175201
-0.0903578200626108,1.71666316828721
-0.0477132209132507,1.62028619771568
-0.39734040199374,1.60646783098835
0.460217498923324,1.93971951474561
-0.168445142225235,0.844770253441607
0.34340618763432,1.92807781487936
0.21987126023594,1.4941192701535
0.061353651324203,1.85364042299551
-0.27586921880319,1.89929993522594
-0.275896936431509,1.66301165217793
-0.310703953832074,1.46598151679249
-0.244466869157802,1.49404659960946
-0.167616128738611,1.95439695600521
-0.0873734302366876,1.59168374177741
-0.0947313143348893,1.6046174882989
-0.313001185147606,1.51807145784784
0.145133291361716,1.89012768707288
-0.116502499747248,1.88235407184387
-0.413054389233827,1.5891101091947
-0.327483380776292,1.95998311239693
0.116876973134373,1.76648790292582
-0.243401173776932,1.75214974604296
0.122315520627362,1.6272030691665
-0.595594107068224,1.79605146346805
0.25567996435515,1.74798383115211
0.289463114481382,1.59970359651181
-0.0789071302221515,1.88841245873023
0.0433886018590789,1.24470416197806
-0.43153952073562,1.62205830601121
0.0959269075275244,1.94648770158256
0.111273421354956,1.74755641468042
-0.0887836639380394,1.95031780306063
0.210679239187722,1.59415395408861
-0.136423852451502,1.22457717991701
0.250259241773397,1.91014302289418
-0.12228647133745,1.18256376574797
0.44253797601174,1.65667994936985
-0.334550426258923,1.80845705192739
-0.356882772370117,1.96329256424424
-0.337068115194981,1.22243744350485
-0.437941200571103,1.67849391917029
-0.46739278867794,1.63290135880852
0.205992466779777,1.6965517998708
-0.274310403125719,1.61964178134296
0.0156104274195727,1.86414293646582
-0.15914515731905,1.8138713956276
-0.379543937205437,1.4117383361598
0.0105043781941525,1.75912521424996
0.0877816826569301,1.70527681225538
-0.0259306505114311,1.8493980687032
0.00437734499294979,1.98257912385743
0.329618562850317,1.38286115900515
0.377477481101288,1.59464366801723
0.189829445126993,1.67543673536705
-0.0829400680250207,1.98268036946921
-0.110145731539255,1.64045514558757
-0.181603201745207,1.98232884131074
-0.253271443526974,1.3020740600186
0.387707997078471,1.10374335464511
-0.0262459028102482,1.96612752558954
0.0466554319175372,1.81793487870265
-0.211845958191609,1.25811234363996
0.719671588425544,1.91223911462426
-0.273285516562896,1.75094318695044
0.0719742737751586,1.88706901468759
-0.483608248677373,1.54368890872906
-0.242683094027573,1.89436976358937
-0.127511304113774,1.7132512715911
0.150950913673259,1.93223395739587
0.34536165637582,1.83927216035351
-0.385061411647163,1.48969240913398
-0.133924596898345,1.52842177810507
0.613126188895304,1.7509473725825
0.174564120047985,1.92383268574932
0.221967370171646,1.81212894394942
0.00223091150788169,1.13972780620615
0.240659119761781,1.98498766142262
0.441955093194282,1.45117454301784
-0.282216842088262,1.89744008754229
-0.708506768324993,1.7624376439651
-0.547225241088356,1.47446915582461
-0.329906539548205,1.30370554490046
0.0708074535706905,1.78922126665006
0.200407271886543,1.72211290720168
0.143740381583894,1.99379720454391
0.606816559158389,1.96212450750327
0.69167990647481,1.46555340402897
0.134995108391375,1.51306580595634
0.100054653942009,1.66287091686278
0.40306736355549,1.68270325429193
0.00186201922611502,0.894347135040995
0.0635191438021618,1.72367686828047
-0.217798027742977,1.64557188568
0.120667310407773,1.38472256412382
0.104966749454715,1.78207921250715
-0.168717108187581,1.19018270361818
0.0828469011439595,0.966207391181578
0.0749679064652901,1.40437606016807
-0.135542191146647,1.96961793630345
-0.122385049809882,1.38699069863241
0.197951296998303,1.4412141219169
0.213658143379854,1.3828198874456
0.00712961100601905,1.96197395967162
0.187500548901026,1.94917463251098
0.264124864009969,1.6153979329598
0.0901481921795643,1.68685872030567
0.0139016015830926,1.94171067681395
0.241066034159332,1.03732281987069
0.189848957206949,1.89589028131121
0.141985201095975,1.48327203452026
0.217177903226156,1.90651246775816
0.481179578884847,1.07295746135953
-0.203585542852777,1.3505500037734
-0.199316978147546,1.63472495182941
0.777543610032449,1.2319562939162
0.199473372520705,1.90595505109321
-0.00845415775018285,1.25917180186194
-0.667106026720883,1.88660401225013
-0.0642530936812764,1.8113504562945
-0.460113823349675,1.62159649838304
0.0954589293754849,1.71594401150766
0.0926573968004188,1.2254721933548
-0.024457458021805,1.90907307793072
-0.0630792814362044,1.99242862910295
0.26734188354176,1.37633185653779
-0.137798738468234,1.6128487729502
0.0362685082740937,0.741860729481737
0.344905780730988,1.7426045892663
0.0920339326455213,1.50718615435994
0.203968802764983,1.62167816212573
0.142772165520489,1.47482498490855
0.0835304864189751,1.96594460314264
-0.0927972872453863,1.09628616167788
-0.102468504206528,1.65487906203818
0.554339824367915,1.5512705423668
-0.0141029967513298,1.86678461756643
0.113749112091984,1.81349910133056
0.331671855977432,1.2185596424717
0.48893333565986,1.03031594011553
0.450671288784444,1.93752095846053
0.340497489271325,1.98199532714719
0.172782595296482,1.65912818088764
0.258391043056545,1.36769023409219
-0.288901699062857,1.62250046628187
-0.336033848721028,1.42406526721152
0.131649898712974,1.65685571001302
-0.562500680105696,1.87315008076696
-0.446160613350265,1.99431053860256
0.193222173255315,1.76669654742946
-0.452830151640986,1.91646852833428
0.0873290793033547,1.13051858062448
-0.00481483981545898,1.70096829386417
0.15696245001388,1.8634787740493
-0.193028653723848,1.19184861898041
-0.329490397752296,1.99148371216443
0.252525613125345,1.94985128133842
0.0600733650263976,1.76432692586163
0.380870210839784,1.84917714020325
-0.164560227832218,1.55637499387029
0.342593552547686,1.84970859897016
-0.150811671670887,1.87919280499122
0.487220412088763,1.72296634577554
-0.0597013978412004,1.27767172901783
-0.165594592342258,1.2113343969791
0.12221762579189,1.98262685609444
0.0973950295671584,1.48454193383005
-0.254273064304597,1.18356626416227
-0.60936932498608,1.86995517210835
0.0296638664794895,1.05545975705306
-0.10400041402667,1.55138454607154
-0.280009239478258,1.64215533056292
-0.124180194350644,1.9699638520016
-0.413698533176158,1.83083975816075
-0.175340630119378,1.70993659443738
-0.381535733096077,1.74451684300774
-0.523743805194562,1.84826376999943
0.474553493845202,1.82528332520417
0.292110598617907,1.50905204302075
-0.334858083265853,1.59694318034172
-0.309792215858439,1.64964862593875
0.15214750426548,1.91199738351352
-0.238167599783805,1.00148383034504
0.087679613174377,1.85644564083767
0.408500339837234,1.8814112734521
-0.283701060511798,1.96889420685651
-0.423848966212747,1.61905398220323
0.0201901630975277,1.46344963908086
0.168367500418653,1.72407815467902
0.315587150192107,1.84972765152429
-0.347045136702022,1.67077717147684
0.379338864678954,1.54728213558801
-0.2050329013563,1.77888067932816
0.288239307358476,1.77453373498651
-0.0850394293891287,1.99324432480139
-0.0669177791338249,1.57151467946669
0.310621515895219,1.88708480673191
-0.179102910518879,1.44048957196313
-0.0411736075663484,1.97884507489771
0.235132083399452,1.52412757516628
-0.226322854624893,1.6410871891217
-0.0429153892715818,1.37494099321146
0.436136840064566,1.83671611208458
0.406323867971646,1.19976276109231
0.272802907657541,1.22744809998007
-0.029852101291466,1.18515774422025
-0.0412006052832038,1.49009490835125
0.0785417161148187,1.95259995551055
0.440183891498621,1.84359230468041
0.212329102495358,1.74093733837371
0.32361294575548,1.14110426057237
-0.23253913411346,1.94338875281997
-0.109253982817192,1.96931432432296
-0.283455639901029,1.67220489489811
-0.131303807373923,1.66019412611503
-0.195776103938607,1.17158890345461
-0.0845740514704505,1.56083604558967
-0.0181424168333983,1.4592065327277
0.341355659089453,1.81264631345031
0.186557948250417,1.62796138262903
-0.358284198910574,1.44030676204179
0.681475717405914,1.1310609376284
-0.348469974328827,1.38824596178275
0.395608146025574,1.72891726287811
-0.351341724784141,1.99347287289478
-0.323559409366531,1.73266001723892
0.207442439484886,1.9620684120467
-0.0917844093681268,1.36785884846848
0.25967438705282,1.6895279589587
-0.304524693178095,1.97351611898471
-0.111685573915622,1.97685272059213
-0.405750934926001,1.86376318286955
0.132591620884891,0.834011513645958
0.306398587374051,1.96566271368316
-0.250909509869896,1.78747519511252
0.0561525658752706,1.95017121947218
-0.159104965349639,1.77069573870649
0.437798939794677,1.61419947518207
-0.0711397288756987,1.82095141316814
-0.0635379601518506,1.8430054979245
0.566469291276189,1.5285276179839
0.0458764556583168,1.78506280711234
-0.202000170472419,1.46198479663885
-0.473683725897723,1.96648474593104
-0.127258619772862,1.25545043466379
-0.0748727415289077,1.84418063167074
0.285617051501155,1.90149356582115
-0.0229202686183958,1.07696984297933
0.129193467780314,1.94729086751826
0.0793468285458014,1.86688959690958
0.264451457283381,1.74413102324424
0.273020192518577,1.97207713755039
0.508713861754466,1.38820492223006
0.585139284097931,1.6510992840253
0.470363314026221,1.84036265594889
-0.0996849821227993,1.67376315434132
0.129429623445565,1.47610875555808
-0.272927059954876,1.72182049564591
-0.659391645708338,1.40746289219586
-0.518026429406943,1.87515089998244
0.0627134677104257,1.79253635718182
0.356907536322976,1.73070170987884
-0.110777217505742,1.74287746866448
-0.349862470282987,1.55039402474186
-0.300728726846198,1.05010698373672
-0.149786906618503,1.50701014843197
-0.188081219961419,1.53980157357638
-0.00393065619690586,1.39748141806632
0.291809360297277,1.59603969503582
0.0361665290671136,1.84856001559757
-0.456473658723573,1.9945605634698
0.300527460044379,1.28049255705258
-0.0726712695378698,1.91000100469231
0.361719462416919,1.60611217022357
-0.154863582640142,1.26758079776625
-0.14327413110526,1.12335074671984
0.104376278286455,1.75801369709018
0.125617020666683,1.81024877067006
0.152675643369825,1.71762543632981
0.202763892679556,1.24977784092495
-0.0721080026014455,1.83767663310369
-0.0478367122938166,1.73608232811251
0.136903805989169,1.22630160694228
0.0294573934332498,1.80126518640872
0.161184738524275,1.98892452729609
-0.460809361117367,1.66577148110081
-0.107074655990893,1.73957157283459
-0.168413728730783,1.38332962671731
0.609169520132467,1.73037224398961
0.698657701097362,1.99423042918479
0.32835738764003,1.51466140149051
0.10349266743815,1.7670424564128
-0.0265128505810117,1.61029345732887
-0.142414752351999,1.84246774448186
-0.183188277087004,1.17925019784805
0.20253953130538,1.77154655155997
-0.133119662159125,1.61430641166667
-0.213470714030375,1.577732170797
-0.0270449043051449,1.79216008293347
0.412177702461442,1.59104585885272
-0.273891281001993,1.10911638783994
0.203510430735019,1.63805826630599
0.324862577265197,1.69522059624953
0.0825200620286734,1.40124143297923
0.190681441155076,1.90521125402223
-0.535822169787103,1.78066752945959
0.0458343412796702,1.2646120154047
0.521727703826775,1.59217846197759
-0.208001675179492,1.005992128805
0.0773334670155394,1.46476064243912
0.421799586430895,1.81518978254563
-0.185929597987538,1.85384970714033
-0.143197300488171,1.53126350022217
-0.139585145366225,0.911070857146049
0.0200716749132138,1.40412819544034
-0.172877794848329,0.919997851480827
0.720033470234063,1.77319212539359
-0.280220599357819,1.65444778219675
0.00760561722051181,1.38221565425804
-0.315849841845825,1.71492815987843
-0.125629987725569,1.67825739920358
-0.230804213068724,1.65247481738847
0.220051072502224,1.6736392865372
-0.297943657167672,1.875794621974
0.251216448852814,1.93291658795669
-0.109865518368985,1.40559709217377
-0.374247575672239,1.33645634913817
-0.0716406565043493,1.68462106575311
-0.322644328219926,1.973940202737
0.0836115030510364,1.43390405906801
-0.760507876328146,1.58651639290475
0.213925376922489,1.52510071973219
0.495609008371725,1.84806259056687
-0.177963828866112,1.67309769384161
-0.63221428171503,1.44039294404317
-0.418232043586691,1.22281951643437
-0.0832692876024563,1.40132910373852
0.237685805388288,1.8584064890933
-0.213649831385963,1.80474780474246
-0.251223168928756,1.80963225635007
0.215346065386968,1.78086044817193
0.139971049290027,1.9519354673274
0.654449730456408,1.9409204465023
-0.424262106587143,1.8013156171338
0.240977400662074,1.55295473110108
-0.182728975617502,1.48943104061958
-0.167588827176941,1.35696616569513
0.043106203337809,1.60131391459191
-0.182589463927645,1.97465172121764
0.204831927486926,1.54879003874183
-0.117193802568618,1.87714073976383
-0.0149133659116445,1.98648160670928
-0.0598641610291499,1.8303568997532
-0.161559358352408,1.93514933993609
0.0403464564526239,1.67509639518703
-0.8,-2
-0.8,-1.55555555555556
-0.8,-1.11111111111111
-0.8,-0.666666666666667
-0.8,-0.222222222222222
-0.8,0.222222222222222
-0.8,0.666666666666667
-0.8,1.11111111111111
-0.8,1.55555555555556
-0.8,2
-0.622222222222222,-2
-0.622222222222222,-1.55555555555556
-0.622222222222222,-1.11111111111111
-0.622222222222222,-0.666666666666667
-0.622222222222222,-0.222222222222222
-0.622222222222222,0.222222222222222
-0.622222222222222,0.666666666666667
-0.622222222222222,1.11111111111111
-0.622222222222222,1.55555555555556
-0.622222222222222,2
-0.444444444444444,-2
-0.444444444444444,-1.55555555555556
-0.444444444444444,-1.11111111111111
-0.444444444444444,-0.666666666666667
-0.444444444444444,-0.222222222222222
-0.444444444444444,0.222222222222222
-0.444444444444444,0.666666666666667
-0.444444444444444,1.11111111111111
-0.444444444444444,1.55555555555556
-0.444444444444444,2
-0.266666666666667,-2
-0.266666666666667,-1.55555555555556
-0.266666666666667,-1.11111111111111
-0.266666666666667,-0.666666666666667
-0.266666666666667,-0.222222222222222
-0.266666666666667,0.222222222222222
-0.266666666666667,0.666666666666667
-0.266666666666667,1.11111111111111
-0.266666666666667,1.55555555555556
-0.266666666666667,2
-0.0888888888888889,-2
-0.0888888888888889,-1.55555555555556
-0.0888888888888889,-1.11111111111111
-0.0888888888888889,-0.666666666666667
-0.0888888888888889,-0.222222222222222
-0.0888888888888889,0.222222222222222
-0.0888888888888889,0.666666666666667
-0.0888888888888889,1.11111111111111
-0.0888888888888889,1.55555555555556
-0.0888888888888889,2
0.0888888888888889,-2
0.0888888888888889,-1.55555555555556
0.0888888888888889,-1.11111111111111
0.0888888888888889,-0.666666666666667
0.0888888888888889,-0.222222222222222
0.0888888888888889,0.222222222222222
0.0888888888888889,0.666666666666667
0.0888888888888889,1.11111111111111
0.0888888888888889,1.55555555555556
0.0888888888888889,2
0.266666666666667,-2
0.266666666666667,-1.55555555555556
0.266666666666667,-1.11111111111111
0.266666666666667,-0.666666666666667
0.266666666666667,-0.222222222222222
0.266666666666667,0.222222222222222
0.266666666666667,0.666666666666667
0.266666666666667,1.11111111111111
0.266666666666667,1.55555555555556
0.266666666666667,2
0.444444444444444,-2
0.444444444444444,-1.55555555555556
0.444444444444444,-1.11111111111111
0.444444444444444,-0.666666666666667
0.444444444444444,-0.222222222222222
0.444444444444444,0.222222222222222
0.444444444444444,0.666666666666667
0.444444444444444,1.11111111111111
0.444444444444444,1.55555555555556
0.444444444444444,2
0.622222222222222,-2
0.622222222222222,-1.55555555555556
0.622222222222222,-1.11111111111111
0.622222222222222,-0.666666666666667
0.622222222222222,-0.222222222222222
0.622222222222222,0.222222222222222
0.622222222222222,0.666666666666667
0.622222222222222,1.11111111111111
0.622222222222222,1.55555555555556
0.622222222222222,2
0.8,-2
0.8,-1.55555555555556
0.8,-1.11111111111111
0.8,-0.666666666666667
0.8,-0.222222222222222
0.8,0.222222222222222
0.8,0.666666666666667
0.8,1.11111111111111
0.8,1.55555555555556
0.8,2
